  0
SECTION
  2
HEADER
  9
$ACADVER
  1
AC1014
  9
$HANDSEED
  5
FFFF
  9
$INSUNITS
 70
     4
  9
$MEASUREMENT
 70
     1
  0
ENDSEC
  0
SECTION
  2
TABLES
  0
TABLE
  2
VPORT
  5
8
330
0
100
AcDbSymbolTable
 70
     4
  0
VPORT
  5
2E
330
8
100
AcDbSymbolTableRecord
100
AcDbViewportTableRecord
  2
*ACTIVE
 70
     0
 10
0.0
 20
0.0
 11
1.0
 21
1.0
 12
210.0
 22
148.5
 13
0.0
 23
0.0
 14
10.0
 24
10.0
 15
10.0
 25
10.0
 16
0.0
 26
0.0
 36
1.0
 17
0.0
 27
0.0
 37
0.0
 40
341.0
 41
1.24
 42
50.0
 43
0.0
 44
0.0
 50
0.0
 51
0.0
 71
     0
 72
   100
 73
     1
 74
     3
 75
     0
 76
     0
 77
     0
 78
     0
  0
ENDTAB
  0
TABLE
  2
LTYPE
  5
5
330
0
100
AcDbSymbolTable
 70
     1
  0
LTYPE
  5
14
330
5
100
AcDbSymbolTableRecord
100
AcDbLinetypeTableRecord
  2
BYBLOCK
 70
     0
  3

 72
    65
 73
     0
 40
0.0
  0
LTYPE
  5
15
330
5
100
AcDbSymbolTableRecord
100
AcDbLinetypeTableRecord
  2
BYLAYER
 70
     0
  3

 72
    65
 73
     0
 40
0.0
  0
LTYPE
  5
16
330
5
100
AcDbSymbolTableRecord
100
AcDbLinetypeTableRecord
  2
CONTINUOUS
 70
     0
  3
Solid line
 72
    65
 73
     0
 40
0.0
  0
ENDTAB
  0
TABLE
  2
LAYER
  5
2
100
AcDbSymbolTable
 70
1
  0
LAYER
  5
50
100
AcDbSymbolTableRecord
100
AcDbLayerTableRecord
  2
0
 70
0
  6
CONTINUOUS
  0
ENDTAB
  0
TABLE
  2
STYLE
  5
3
330
0
100
AcDbSymbolTable
 70
     1
  0
STYLE
  5
11
330
3
100
AcDbSymbolTableRecord
100
AcDbTextStyleTableRecord
  2
STANDARD
 70
     0
 40
0.0
 41
1.0
 50
0.0
 71
     0
 42
2.5
  3
txt
  4

  0
ENDTAB
  0
TABLE
  2
VIEW
  5
6
330
0
100
AcDbSymbolTable
 70
     0
  0
ENDTAB
  0
TABLE
  2
UCS
  5
7
330
0
100
AcDbSymbolTable
 70
     0
  0
ENDTAB
  0
TABLE
  2
APPID
  5
9
330
0
100
AcDbSymbolTable
 70
     2
  0
APPID
  5
12
330
9
100
AcDbSymbolTableRecord
100
AcDbRegAppTableRecord
  2
ACAD
 70
     0
  0
ENDTAB
  0
TABLE
  2
DIMSTYLE
  5
A
330
0
100
AcDbSymbolTable
 70
     1
  0
DIMSTYLE
105
27
330
A
100
AcDbSymbolTableRecord
100
AcDbDimStyleTableRecord
  2
ISO-25
 70
     0
  3

  4

  5

  6

  7

 40
1.0
 41
2.5
 42
0.625
 43
3.75
 44
1.25
 45
0.0
 46
0.0
 47
0.0
 48
0.0
140
2.5
141
2.5
142
0.0
143
0.03937007874016
144
1.0
145
0.0
146
1.0
147
0.625
 71
     0
 72
     0
 73
     0
 74
     0
 75
     0
 76
     0
 77
     1
 78
     8
170
     0
171
     3
172
     1
173
     0
174
     0
175
     0
176
     0
177
     0
178
     0
270
     2
271
     2
272
     2
273
     2
274
     3
340
11
275
     0
280
     0
281
     0
282
     0
283
     0
284
     8
285
     0
286
     0
287
     3
288
     0
  0
ENDTAB
  0
TABLE
  2
BLOCK_RECORD
  5
1
330
0
100
AcDbSymbolTable
 70
     1
  0
BLOCK_RECORD
  5
1F
330
1
100
AcDbSymbolTableRecord
100
AcDbBlockTableRecord
  2
*MODEL_SPACE
  0
BLOCK_RECORD
  5
1B
330
1
100
AcDbSymbolTableRecord
100
AcDbBlockTableRecord
  2
*PAPER_SPACE
  0
ENDTAB
  0
ENDSEC
  0
SECTION
  2
BLOCKS
  0
BLOCK
  5
20
330
1F
100
AcDbEntity
  8
0
100
AcDbBlockBegin
  2
*MODEL_SPACE
 70
     0
 10
0.0
 20
0.0
 30
0.0
  3
*MODEL_SPACE
  1

  0
ENDBLK
  5
21
330
1F
100
AcDbEntity
  8
0
100
AcDbBlockEnd
  0
BLOCK
  5
1C
330
1B
100
AcDbEntity
 67
     1
  8
0
100
AcDbBlockBegin
  2
*PAPER_SPACE
  1

  0
ENDBLK
  5
1D
330
1B
100
AcDbEntity
 67
     1
  8
0
100
AcDbBlockEnd
  0
ENDSEC
  0
SECTION
  2
ENTITIES
  0
SPLINE
  5
100
100
AcDbEntity
  8
0
 62
7
100
AcDbSpline
 70
8
 71
3
 72
8
 73
4
 74
0
 40
0
 40
0
 40
0
 40
0
 40
1
 40
1
 40
1
 40
1
 10
175.937500
 20
179.643919
 30
0.0
 10
175.755650
 20
179.643919
 30
0.0
 10
175.589680
 20
179.601159
 30
0.0
 10
175.457030
 20
179.507200
 30
0.0
  0
SPLINE
  5
101
100
AcDbEntity
  8
0
 62
7
100
AcDbSpline
 70
8
 71
3
 72
8
 73
4
 74
0
 40
0
 40
0
 40
0
 40
0
 40
1
 40
1
 40
1
 40
1
 10
175.457030
 20
179.507200
 30
0.0
 10
175.325210
 20
179.413840
 30
0.0
 10
175.240230
 20
179.269108
 30
0.0
 10
175.240230
 20
179.112669
 30
0.0
  0
SPLINE
  5
102
100
AcDbEntity
  8
0
 62
7
100
AcDbSpline
 70
8
 71
3
 72
8
 73
4
 74
0
 40
0
 40
0
 40
0
 40
0
 40
1
 40
1
 40
1
 40
1
 10
175.240230
 20
179.112669
 30
0.0
 10
175.240230
 20
179.009796
 30
0.0
 10
175.273130
 20
178.905107
 30
0.0
 10
175.339830
 20
178.827513
 30
0.0
  0
LWPOLYLINE
  5
103
100
AcDbEntity
  8
0
 62
7
100
AcDbPolyline
 90
4
 70
1
 10
8.975000
 20
203.032200
 30
0.0
 10
213.025000
 20
203.032200
 30
0.0
 10
213.025000
 20
80.982200
 30
0.0
 10
8.975000
 20
80.982200
 30
0.0
  0
SPLINE
  5
104
100
AcDbEntity
  8
0
 62
7
100
AcDbSpline
 70
8
 71
3
 72
8
 73
4
 74
0
 40
0
 40
0
 40
0
 40
0
 40
1
 40
1
 40
1
 40
1
 10
175.341830
 20
178.827513
 30
0.0
 10
175.357130
 20
178.810043
 30
0.0
 10
175.384730
 20
178.802013
 30
0.0
 10
175.402330
 20
178.786493
 30
0.0
  0
SPLINE
  5
105
100
AcDbEntity
  8
0
 62
7
100
AcDbSpline
 70
8
 71
3
 72
8
 73
4
 74
0
 40
0
 40
0
 40
0
 40
0
 40
1
 40
1
 40
1
 40
1
 10
175.402330
 20
178.786493
 30
0.0
 10
175.373930
 20
178.762603
 30
0.0
 10
175.333830
 20
178.750573
 30
0.0
 10
175.310530
 20
178.722043
 30
0.0
  0
SPLINE
  5
106
100
AcDbEntity
  8
0
 62
7
100
AcDbSpline
 70
8
 71
3
 72
8
 73
4
 74
0
 40
0
 40
0
 40
0
 40
0
 40
1
 40
1
 40
1
 40
1
 10
175.310530
 20
178.722043
 30
0.0
 10
175.237430
 20
178.633463
 30
0.0
 10
175.195290
 20
178.521599
 30
0.0
 10
175.195290
 20
178.407590
 30
0.0
  0
SPLINE
  5
107
100
AcDbEntity
  8
0
 62
7
100
AcDbSpline
 70
8
 71
3
 72
8
 73
4
 74
0
 40
0
 40
0
 40
0
 40
0
 40
1
 40
1
 40
1
 40
1
 10
175.195290
 20
178.407590
 30
0.0
 10
175.195290
 20
178.238621
 30
0.0
 10
175.277490
 20
178.080143
 30
0.0
 10
175.414040
 20
177.975949
 30
0.0
  0
SPLINE
  5
108
100
AcDbEntity
  8
0
 62
7
100
AcDbSpline
 70
8
 71
3
 72
8
 73
4
 74
0
 40
0
 40
0
 40
0
 40
0
 40
1
 40
1
 40
1
 40
1
 10
175.414040
 20
177.975949
 30
0.0
 10
175.553710
 20
177.870146
 30
0.0
 10
175.734400
 20
177.823605
 30
0.0
 10
175.937480
 20
177.823605
 30
0.0
  0
SPLINE
  5
109
100
AcDbEntity
  8
0
 62
7
100
AcDbSpline
 70
8
 71
3
 72
8
 73
4
 74
0
 40
0
 40
0
 40
0
 40
0
 40
1
 40
1
 40
1
 40
1
 10
175.937480
 20
177.823605
 30
0.0
 10
176.132060
 20
177.823605
 30
0.0
 10
176.308090
 20
177.872825
 30
0.0
 10
176.449200
 20
177.977902
 30
0.0
  0
SPLINE
  5
10a
100
AcDbEntity
  8
0
 62
7
100
AcDbSpline
 70
8
 71
3
 72
8
 73
4
 74
0
 40
0
 40
0
 40
0
 40
0
 40
1
 40
1
 40
1
 40
1
 10
176.449200
 20
177.977902
 30
0.0
 10
176.590820
 20
178.082673
 30
0.0
 10
176.679670
 20
178.241020
 30
0.0
 10
176.679670
 20
178.411496
 30
0.0
  0
SPLINE
  5
10b
100
AcDbEntity
  8
0
 62
7
100
AcDbSpline
 70
8
 71
3
 72
8
 73
4
 74
0
 40
0
 40
0
 40
0
 40
0
 40
1
 40
1
 40
1
 40
1
 10
176.679670
 20
178.411496
 30
0.0
 10
176.679670
 20
178.531197
 30
0.0
 10
176.636670
 20
178.650612
 30
0.0
 10
176.554670
 20
178.735715
 30
0.0
  0
SPLINE
  5
10c
100
AcDbEntity
  8
0
 62
7
100
AcDbSpline
 70
8
 71
3
 72
8
 73
4
 74
0
 40
0
 40
0
 40
0
 40
0
 40
1
 40
1
 40
1
 40
1
 10
176.554670
 20
178.735715
 30
0.0
 10
176.531470
 20
178.759795
 30
0.0
 10
176.492270
 20
178.770095
 30
0.0
 10
176.464870
 20
178.790405
 30
0.0
  0
SPLINE
  5
10d
100
AcDbEntity
  8
0
 62
7
100
AcDbSpline
 70
8
 71
3
 72
8
 73
4
 74
0
 40
0
 40
0
 40
0
 40
0
 40
1
 40
1
 40
1
 40
1
 10
176.464870
 20
178.790405
 30
0.0
 10
176.485470
 20
178.810215
 30
0.0
 10
176.518070
 20
178.818255
 30
0.0
 10
176.535170
 20
178.841185
 30
0.0
  0
SPLINE
  5
10e
100
AcDbEntity
  8
0
 62
7
100
AcDbSpline
 70
8
 71
3
 72
8
 73
4
 74
0
 40
0
 40
0
 40
0
 40
0
 40
1
 40
1
 40
1
 40
1
 10
176.535170
 20
178.841185
 30
0.0
 10
176.596770
 20
178.924795
 30
0.0
 10
176.634770
 20
179.022896
 30
0.0
 10
176.634770
 20
179.124389
 30
0.0
  0
SPLINE
  5
10f
100
AcDbEntity
  8
0
 62
7
100
AcDbSpline
 70
8
 71
3
 72
8
 73
4
 74
0
 40
0
 40
0
 40
0
 40
0
 40
1
 40
1
 40
1
 40
1
 10
176.634770
 20
179.124389
 30
0.0
 10
176.634770
 20
179.277992
 30
0.0
 10
176.550770
 20
179.422563
 30
0.0
 10
176.421870
 20
179.513060
 30
0.0
  0
SPLINE
  5
110
100
AcDbEntity
  8
0
 62
7
100
AcDbSpline
 70
8
 71
3
 72
8
 73
4
 74
0
 40
0
 40
0
 40
0
 40
0
 40
1
 40
1
 40
1
 40
1
 10
176.421870
 20
179.513060
 30
0.0
 10
176.290390
 20
179.605380
 30
0.0
 10
176.124800
 20
179.643920
 30
0.0
 10
175.937500
 20
179.643920
 30
0.0
  0
LWPOLYLINE
  5
111
100
AcDbEntity
  8
0
 62
7
100
AcDbPolyline
 90
2
 70
0
 10
175.339830
 20
178.827513
 30
0.0
 10
175.341830
 20
178.827513
 30
0.0
  0
SPLINE
  5
112
100
AcDbEntity
  8
0
 62
7
100
AcDbSpline
 70
8
 71
3
 72
8
 73
4
 74
0
 40
0
 40
0
 40
0
 40
0
 40
1
 40
1
 40
1
 40
1
 10
177.394530
 20
179.640019
 30
0.0
 10
177.165550
 20
179.640019
 30
0.0
 10
176.963770
 20
179.560259
 30
0.0
 10
176.839840
 20
179.395878
 30
0.0
  0
SPLINE
  5
113
100
AcDbEntity
  8
0
 62
7
100
AcDbSpline
 70
8
 71
3
 72
8
 73
4
 74
0
 40
0
 40
0
 40
0
 40
0
 40
1
 40
1
 40
1
 40
1
 10
176.839840
 20
179.395878
 30
0.0
 10
176.716060
 20
179.232537
 30
0.0
 10
176.669920
 20
179.010270
 30
0.0
 10
176.669920
 20
178.733769
 30
0.0
  0
SPLINE
  5
114
100
AcDbEntity
  8
0
 62
7
100
AcDbSpline
 70
8
 71
3
 72
8
 73
4
 74
0
 40
0
 40
0
 40
0
 40
0
 40
1
 40
1
 40
1
 40
1
 10
176.669920
 20
178.733769
 30
0.0
 10
176.669920
 20
178.459372
 30
0.0
 10
176.714620
 20
178.237157
 30
0.0
 10
176.835940
 20
178.073612
 30
0.0
  0
SPLINE
  5
115
100
AcDbEntity
  8
0
 62
7
100
AcDbSpline
 70
8
 71
3
 72
8
 73
4
 74
0
 40
0
 40
0
 40
0
 40
0
 40
1
 40
1
 40
1
 40
1
 10
176.835940
 20
178.073612
 30
0.0
 10
176.959480
 20
177.908406
 30
0.0
 10
177.163660
 20
177.827519
 30
0.0
 10
177.394530
 20
177.827519
 30
0.0
  0
SPLINE
  5
116
100
AcDbEntity
  8
0
 62
7
100
AcDbSpline
 70
8
 71
3
 72
8
 73
4
 74
0
 40
0
 40
0
 40
0
 40
0
 40
1
 40
1
 40
1
 40
1
 10
177.394530
 20
177.827519
 30
0.0
 10
177.622390
 20
177.827519
 30
0.0
 10
177.824970
 20
177.905539
 30
0.0
 10
177.949220
 20
178.067753
 30
0.0
  0
SPLINE
  5
117
100
AcDbEntity
  8
0
 62
7
100
AcDbSpline
 70
8
 71
3
 72
8
 73
4
 74
0
 40
0
 40
0
 40
0
 40
0
 40
1
 40
1
 40
1
 40
1
 10
177.949220
 20
178.067753
 30
0.0
 10
178.074600
 20
178.231008
 30
0.0
 10
178.121090
 20
178.454698
 30
0.0
 10
178.121090
 20
178.733769
 30
0.0
  0
SPLINE
  5
118
100
AcDbEntity
  8
0
 62
7
100
AcDbSpline
 70
8
 71
3
 72
8
 73
4
 74
0
 40
0
 40
0
 40
0
 40
0
 40
1
 40
1
 40
1
 40
1
 10
178.121090
 20
178.733769
 30
0.0
 10
178.121090
 20
179.004531
 30
0.0
 10
178.073690
 20
179.226221
 30
0.0
 10
177.953120
 20
179.390019
 30
0.0
  0
SPLINE
  5
119
100
AcDbEntity
  8
0
 62
7
100
AcDbSpline
 70
8
 71
3
 72
8
 73
4
 74
0
 40
0
 40
0
 40
0
 40
0
 40
1
 40
1
 40
1
 40
1
 10
177.953120
 20
179.390019
 30
0.0
 10
177.830640
 20
179.556592
 30
0.0
 10
177.625220
 20
179.640019
 30
0.0
 10
177.394530
 20
179.640019
 30
0.0
  0
LWPOLYLINE
  5
11a
100
AcDbEntity
  8
0
 62
7
100
AcDbPolyline
 90
1
 70
1
 10
175.937500
 20
179.643920
 30
0.0
  0
SPLINE
  5
11b
100
AcDbEntity
  8
0
 62
7
100
AcDbSpline
 70
8
 71
3
 72
8
 73
4
 74
0
 40
0
 40
0
 40
0
 40
0
 40
1
 40
1
 40
1
 40
1
 10
183.207030
 20
179.638019
 30
0.0
 10
183.071120
 20
179.638019
 30
0.0
 10
182.942080
 20
179.618279
 30
0.0
 10
182.824220
 20
179.579429
 30
0.0
  0
SPLINE
  5
11c
100
AcDbEntity
  8
0
 62
7
100
AcDbSpline
 70
8
 71
3
 72
8
 73
4
 74
0
 40
0
 40
0
 40
0
 40
0
 40
1
 40
1
 40
1
 40
1
 10
182.824220
 20
179.579429
 30
0.0
 10
182.707320
 20
179.540599
 30
0.0
 10
182.602900
 20
179.483379
 30
0.0
 10
182.515620
 20
179.405601
 30
0.0
  0
SPLINE
  5
11d
100
AcDbEntity
  8
0
 62
7
100
AcDbSpline
 70
8
 71
3
 72
8
 73
4
 74
0
 40
0
 40
0
 40
0
 40
0
 40
1
 40
1
 40
1
 40
1
 10
182.515620
 20
179.405601
 30
0.0
 10
182.425420
 20
179.325311
 30
0.0
 10
182.355380
 20
179.224504
 30
0.0
 10
182.308590
 20
179.110679
 30
0.0
  0
SPLINE
  5
11e
100
AcDbEntity
  8
0
 62
7
100
AcDbSpline
 70
8
 71
3
 72
8
 73
4
 74
0
 40
0
 40
0
 40
0
 40
0
 40
1
 40
1
 40
1
 40
1
 10
182.308590
 20
179.110679
 30
0.0
 10
182.271790
 20
179.021169
 30
0.0
 10
182.263590
 20
178.918433
 30
0.0
 10
182.255890
 20
178.815757
 30
0.0
  0
SPLINE
  5
11f
100
AcDbEntity
  8
0
 62
7
100
AcDbSpline
 70
8
 71
3
 72
8
 73
4
 74
0
 40
0
 40
0
 40
0
 40
0
 40
1
 40
1
 40
1
 40
1
 10
182.255890
 20
178.815757
 30
0.0
 10
182.244390
 20
178.945411
 30
0.0
 10
182.224990
 20
179.071961
 30
0.0
 10
182.160190
 20
179.177085
 30
0.0
  0
SPLINE
  5
120
100
AcDbEntity
  8
0
 62
7
100
AcDbSpline
 70
8
 71
3
 72
8
 73
4
 74
0
 40
0
 40
0
 40
0
 40
0
 40
1
 40
1
 40
1
 40
1
 10
182.160190
 20
179.177085
 30
0.0
 10
182.082890
 20
179.302518
 30
0.0
 10
181.971690
 20
179.404908
 30
0.0
 10
181.837920
 20
179.477866
 30
0.0
  0
SPLINE
  5
121
100
AcDbEntity
  8
0
 62
7
100
AcDbSpline
 70
8
 71
3
 72
8
 73
4
 74
0
 40
0
 40
0
 40
0
 40
0
 40
1
 40
1
 40
1
 40
1
 10
181.837920
 20
179.477866
 30
0.0
 10
181.755720
 20
179.522186
 30
0.0
 10
181.660810
 20
179.555086
 30
0.0
 10
181.554720
 20
179.577476
 30
0.0
  0
LWPOLYLINE
  5
122
100
AcDbEntity
  8
0
 62
7
100
AcDbPolyline
 90
1
 70
1
 10
177.394530
 20
179.640019
 30
0.0
  0
SPLINE
  5
123
100
AcDbEntity
  8
0
 62
7
100
AcDbSpline
 70
8
 71
3
 72
8
 73
4
 74
0
 40
0
 40
0
 40
0
 40
0
 40
1
 40
1
 40
1
 40
1
 10
181.552720
 20
179.577476
 30
0.0
 10
181.440210
 20
179.601846
 30
0.0
 10
181.303010
 20
179.610676
 30
0.0
 10
181.134760
 20
179.610676
 30
0.0
  0
LWPOLYLINE
  5
124
100
AcDbEntity
  8
0
 62
7
100
AcDbPolyline
 90
2
 70
0
 10
181.554720
 20
179.577476
 30
0.0
 10
181.552720
 20
179.577476
 30
0.0
  0
SPLINE
  5
125
100
AcDbEntity
  8
0
 62
7
100
AcDbSpline
 70
8
 71
3
 72
8
 73
4
 74
0
 40
0
 40
0
 40
0
 40
0
 40
1
 40
1
 40
1
 40
1
 10
180.718740
 20
179.610676
 30
0.0
 10
180.636355
 20
179.610886
 30
0.0
 10
180.569216
 20
179.544619
 30
0.0
 10
180.568350
 20
179.462238
 30
0.0
  0
LWPOLYLINE
  5
126
100
AcDbEntity
  8
0
 62
7
100
AcDbPolyline
 90
2
 70
0
 10
181.134760
 20
179.610676
 30
0.0
 10
180.718740
 20
179.610676
 30
0.0
  0
SPLINE
  5
127
100
AcDbEntity
  8
0
 62
7
100
AcDbSpline
 70
8
 71
3
 72
8
 73
4
 74
0
 40
0
 40
0
 40
0
 40
0
 40
1
 40
1
 40
1
 40
1
 10
180.568350
 20
178.007200
 30
0.0
 10
180.568250
 20
177.967283
 30
0.0
 10
180.584062
 20
177.928973
 30
0.0
 10
180.612288
 20
177.900747
 30
0.0
  0
SPLINE
  5
128
100
AcDbEntity
  8
0
 62
7
100
AcDbSpline
 70
8
 71
3
 72
8
 73
4
 74
0
 40
0
 40
0
 40
0
 40
0
 40
1
 40
1
 40
1
 40
1
 10
180.612288
 20
177.900747
 30
0.0
 10
180.640513
 20
177.872522
 30
0.0
 10
180.678823
 20
177.856709
 30
0.0
 10
180.718740
 20
177.856809
 30
0.0
  0
LWPOLYLINE
  5
129
100
AcDbEntity
  8
0
 62
7
100
AcDbPolyline
 90
2
 70
0
 10
180.568350
 20
179.462238
 30
0.0
 10
180.568350
 20
178.007200
 30
0.0
  0
SPLINE
  5
12a
100
AcDbEntity
  8
0
 62
7
100
AcDbSpline
 70
8
 71
3
 72
8
 73
4
 74
0
 40
0
 40
0
 40
0
 40
0
 40
1
 40
1
 40
1
 40
1
 10
181.140610
 20
177.856809
 30
0.0
 10
181.299510
 20
177.856809
 30
0.0
 10
181.428700
 20
177.866869
 30
0.0
 10
181.537100
 20
177.888059
 30
0.0
  0
SPLINE
  5
12b
100
AcDbEntity
  8
0
 62
7
100
AcDbSpline
 70
8
 71
3
 72
8
 73
4
 74
0
 40
0
 40
0
 40
0
 40
0
 40
1
 40
1
 40
1
 40
1
 10
181.537100
 20
177.888059
 30
0.0
 10
181.644310
 20
177.908859
 30
0.0
 10
181.745300
 20
177.942729
 30
0.0
 10
181.835930
 20
177.991575
 30
0.0
  0
SPLINE
  5
12c
100
AcDbEntity
  8
0
 62
7
100
AcDbSpline
 70
8
 71
3
 72
8
 73
4
 74
0
 40
0
 40
0
 40
0
 40
0
 40
1
 40
1
 40
1
 40
1
 10
181.835930
 20
177.991575
 30
0.0
 10
181.967910
 20
178.062885
 30
0.0
 10
182.075640
 20
178.165659
 30
0.0
 10
182.154290
 20
178.294309
 30
0.0
  0
SPLINE
  5
12d
100
AcDbEntity
  8
0
 62
7
100
AcDbSpline
 70
8
 71
3
 72
8
 73
4
 74
0
 40
0
 40
0
 40
0
 40
0
 40
1
 40
1
 40
1
 40
1
 10
182.154290
 20
178.294309
 30
0.0
 10
182.220390
 20
178.401216
 30
0.0
 10
182.241590
 20
178.527624
 30
0.0
 10
182.253890
 20
178.653684
 30
0.0
  0
SPLINE
  5
12e
100
AcDbEntity
  8
0
 62
7
100
AcDbSpline
 70
8
 71
3
 72
8
 73
4
 74
0
 40
0
 40
0
 40
0
 40
0
 40
1
 40
1
 40
1
 40
1
 10
182.253890
 20
178.653684
 30
0.0
 10
182.260890
 20
178.543380
 30
0.0
 10
182.272890
 20
178.435182
 30
0.0
 10
182.312490
 20
178.341184
 30
0.0
  0
SPLINE
  5
12f
100
AcDbEntity
  8
0
 62
7
100
AcDbSpline
 70
8
 71
3
 72
8
 73
4
 74
0
 40
0
 40
0
 40
0
 40
0
 40
1
 40
1
 40
1
 40
1
 10
182.312490
 20
178.341184
 30
0.0
 10
182.360690
 20
178.227488
 30
0.0
 10
182.429660
 20
178.127767
 30
0.0
 10
182.519520
 20
178.050169
 30
0.0
  0
SPLINE
  5
130
100
AcDbEntity
  8
0
 62
7
100
AcDbSpline
 70
8
 71
3
 72
8
 73
4
 74
0
 40
0
 40
0
 40
0
 40
0
 40
1
 40
1
 40
1
 40
1
 10
182.519520
 20
178.050169
 30
0.0
 10
182.608920
 20
177.972909
 30
0.0
 10
182.715350
 20
177.917680
 30
0.0
 10
182.832020
 20
177.882200
 30
0.0
  0
LWPOLYLINE
  5
131
100
AcDbEntity
  8
0
 62
7
100
AcDbPolyline
 90
2
 70
0
 10
180.718740
 20
177.856809
 30
0.0
 10
181.140610
 20
177.856809
 30
0.0
  0
SPLINE
  5
132
100
AcDbEntity
  8
0
 62
7
100
AcDbSpline
 70
8
 71
3
 72
8
 73
4
 74
0
 40
0
 40
0
 40
0
 40
0
 40
1
 40
1
 40
1
 40
1
 10
182.832020
 20
177.880200
 30
0.0
 10
182.947110
 20
177.846210
 30
0.0
 10
183.072090
 20
177.831370
 30
0.0
 10
183.205070
 20
177.831370
 30
0.0
  0
SPLINE
  5
133
100
AcDbEntity
  8
0
 62
7
100
AcDbSpline
 70
8
 71
3
 72
8
 73
4
 74
0
 40
0
 40
0
 40
0
 40
0
 40
1
 40
1
 40
1
 40
1
 10
183.205070
 20
177.831370
 30
0.0
 10
183.275570
 20
177.831370
 30
0.0
 10
183.341860
 20
177.836370
 30
0.0
 10
183.404290
 20
177.847000
 30
0.0
  0
SPLINE
  5
134
100
AcDbEntity
  8
0
 62
7
100
AcDbSpline
 70
8
 71
3
 72
8
 73
4
 74
0
 40
0
 40
0
 40
0
 40
0
 40
1
 40
1
 40
1
 40
1
 10
183.404290
 20
177.847000
 30
0.0
 10
183.462590
 20
177.856200
 30
0.0
 10
183.516780
 20
177.866200
 30
0.0
 10
183.568350
 20
177.880200
 30
0.0
  0
LWPOLYLINE
  5
135
100
AcDbEntity
  8
0
 62
7
100
AcDbPolyline
 90
2
 70
0
 10
182.832020
 20
177.882200
 30
0.0
 10
182.832020
 20
177.880200
 30
0.0
  0
SPLINE
  5
136
100
AcDbEntity
  8
0
 62
7
100
AcDbSpline
 70
8
 71
3
 72
8
 73
4
 74
0
 40
0
 40
0
 40
0
 40
0
 40
1
 40
1
 40
1
 40
1
 10
183.570350
 20
177.880200
 30
0.0
 10
183.627850
 20
177.896220
 30
0.0
 10
183.675130
 20
177.913590
 30
0.0
 10
183.716840
 20
177.930980
 30
0.0
  0
LWPOLYLINE
  5
137
100
AcDbEntity
  8
0
 62
7
100
AcDbPolyline
 90
2
 70
0
 10
183.568350
 20
177.880200
 30
0.0
 10
183.570350
 20
177.880200
 30
0.0
  0
SPLINE
  5
138
100
AcDbEntity
  8
0
 62
7
100
AcDbSpline
 70
8
 71
3
 72
8
 73
4
 74
0
 40
0
 40
0
 40
0
 40
0
 40
1
 40
1
 40
1
 40
1
 10
183.716840
 20
177.928980
 30
0.0
 10
183.749040
 20
177.942110
 30
0.0
 10
183.784140
 20
177.956670
 30
0.0
 10
183.824260
 20
177.971950
 30
0.0
  0
SPLINE
  5
139
100
AcDbEntity
  8
0
 62
7
100
AcDbSpline
 70
8
 71
3
 72
8
 73
4
 74
0
 40
0
 40
0
 40
0
 40
0
 40
1
 40
1
 40
1
 40
1
 10
183.824260
 20
177.971950
 30
0.0
 10
183.883008
 20
177.993810
 30
0.0
 10
183.921972
 20
178.049892
 30
0.0
 10
183.921960
 20
178.112575
 30
0.0
  0
LWPOLYLINE
  5
13a
100
AcDbEntity
  8
0
 62
7
100
AcDbPolyline
 90
2
 70
0
 10
183.716840
 20
177.930980
 30
0.0
 10
183.716840
 20
177.928980
 30
0.0
  0
SPLINE
  5
13b
100
AcDbEntity
  8
0
 62
7
100
AcDbSpline
 70
8
 71
3
 72
8
 73
4
 74
0
 40
0
 40
0
 40
0
 40
0
 40
1
 40
1
 40
1
 40
1
 10
183.921960
 20
178.339137
 30
0.0
 10
183.922060
 20
178.379054
 30
0.0
 10
183.906248
 20
178.417364
 30
0.0
 10
183.878022
 20
178.445590
 30
0.0
  0
SPLINE
  5
13c
100
AcDbEntity
  8
0
 62
7
100
AcDbSpline
 70
8
 71
3
 72
8
 73
4
 74
0
 40
0
 40
0
 40
0
 40
0
 40
1
 40
1
 40
1
 40
1
 10
183.878022
 20
178.445590
 30
0.0
 10
183.849797
 20
178.473815
 30
0.0
 10
183.811487
 20
178.489628
 30
0.0
 10
183.771570
 20
178.489528
 30
0.0
  0
LWPOLYLINE
  5
13d
100
AcDbEntity
  8
0
 62
7
100
AcDbPolyline
 90
2
 70
0
 10
183.921960
 20
178.112575
 30
0.0
 10
183.921960
 20
178.339137
 30
0.0
  0
SPLINE
  5
13e
100
AcDbEntity
  8
0
 62
7
100
AcDbSpline
 70
8
 71
3
 72
8
 73
4
 74
0
 40
0
 40
0
 40
0
 40
0
 40
1
 40
1
 40
1
 40
1
 10
183.755970
 20
178.489528
 30
0.0
 10
183.722524
 20
178.489005
 30
0.0
 10
183.690213
 20
178.477320
 30
0.0
 10
183.664170
 20
178.456328
 30
0.0
  0
SPLINE
  5
13f
100
AcDbEntity
  8
0
 62
7
100
AcDbSpline
 70
8
 71
3
 72
8
 73
4
 74
0
 40
0
 40
0
 40
0
 40
0
 40
1
 40
1
 40
1
 40
1
 10
183.664170
 20
178.456328
 30
0.0
 10
183.595170
 20
178.402218
 30
0.0
 10
183.522330
 20
178.363498
 30
0.0
 10
183.445420
 20
178.337187
 30
0.0
  0
SPLINE
  5
140
100
AcDbEntity
  8
0
 62
7
100
AcDbSpline
 70
8
 71
3
 72
8
 73
4
 74
0
 40
0
 40
0
 40
0
 40
0
 40
1
 40
1
 40
1
 40
1
 10
183.445420
 20
178.337187
 30
0.0
 10
183.368720
 20
178.310957
 30
0.0
 10
183.285200
 20
178.298127
 30
0.0
 10
183.193470
 20
178.298127
 30
0.0
  0
SPLINE
  5
141
100
AcDbEntity
  8
0
 62
7
100
AcDbSpline
 70
8
 71
3
 72
8
 73
4
 74
0
 40
0
 40
0
 40
0
 40
0
 40
1
 40
1
 40
1
 40
1
 10
183.193470
 20
178.298127
 30
0.0
 10
183.130570
 20
178.298127
 30
0.0
 10
183.074300
 20
178.307727
 30
0.0
 10
183.019640
 20
178.325467
 30
0.0
  0
SPLINE
  5
142
100
AcDbEntity
  8
0
 62
7
100
AcDbSpline
 70
8
 71
3
 72
8
 73
4
 74
0
 40
0
 40
0
 40
0
 40
0
 40
1
 40
1
 40
1
 40
1
 10
183.019640
 20
178.325467
 30
0.0
 10
182.970140
 20
178.342537
 30
0.0
 10
182.928840
 20
178.366367
 30
0.0
 10
182.892690
 20
178.399687
 30
0.0
  0
SPLINE
  5
143
100
AcDbEntity
  8
0
 62
7
100
AcDbSpline
 70
8
 71
3
 72
8
 73
4
 74
0
 40
0
 40
0
 40
0
 40
0
 40
1
 40
1
 40
1
 40
1
 10
182.892690
 20
178.399687
 30
0.0
 10
182.860090
 20
178.429837
 30
0.0
 10
182.830090
 20
178.470657
 30
0.0
 10
182.804790
 20
178.528593
 30
0.0
  0
SPLINE
  5
144
100
AcDbEntity
  8
0
 62
7
100
AcDbSpline
 70
8
 71
3
 72
8
 73
4
 74
0
 40
0
 40
0
 40
0
 40
0
 40
1
 40
1
 40
1
 40
1
 10
182.804790
 20
178.528593
 30
0.0
 10
182.783290
 20
178.579123
 30
0.0
 10
182.769590
 20
178.644832
 30
0.0
 10
182.769590
 20
178.731718
 30
0.0
  0
SPLINE
  5
145
100
AcDbEntity
  8
0
 62
7
100
AcDbSpline
 70
8
 71
3
 72
8
 73
4
 74
0
 40
0
 40
0
 40
0
 40
0
 40
1
 40
1
 40
1
 40
1
 10
182.769590
 20
178.731718
 30
0.0
 10
182.769590
 20
178.814868
 30
0.0
 10
182.782290
 20
178.883057
 30
0.0
 10
182.802790
 20
178.936797
 30
0.0
  0
SPLINE
  5
146
100
AcDbEntity
  8
0
 62
7
100
AcDbSpline
 70
8
 71
3
 72
8
 73
4
 74
0
 40
0
 40
0
 40
0
 40
0
 40
1
 40
1
 40
1
 40
1
 10
182.802790
 20
178.936797
 30
0.0
 10
182.825090
 20
178.994097
 30
0.0
 10
182.852790
 20
179.035467
 30
0.0
 10
182.886790
 20
179.067656
 30
0.0
  0
SPLINE
  5
147
100
AcDbEntity
  8
0
 62
7
100
AcDbSpline
 70
8
 71
3
 72
8
 73
4
 74
0
 40
0
 40
0
 40
0
 40
0
 40
1
 40
1
 40
1
 40
1
 10
182.886790
 20
179.067656
 30
0.0
 10
182.925290
 20
179.104056
 30
0.0
 10
182.966390
 20
179.127306
 30
0.0
 10
183.013740
 20
179.143826
 30
0.0
  0
LWPOLYLINE
  5
148
100
AcDbEntity
  8
0
 62
7
100
AcDbPolyline
 90
2
 70
0
 10
183.771570
 20
178.489528
 30
0.0
 10
183.755970
 20
178.489528
 30
0.0
  0
SPLINE
  5
149
100
AcDbEntity
  8
0
 62
7
100
AcDbSpline
 70
8
 71
3
 72
8
 73
4
 74
0
 40
0
 40
0
 40
0
 40
0
 40
1
 40
1
 40
1
 40
1
 10
183.013740
 20
179.145826
 30
0.0
 10
183.063240
 20
179.163366
 30
0.0
 10
183.121460
 20
179.173166
 30
0.0
 10
183.191480
 20
179.173166
 30
0.0
  0
SPLINE
  5
14a
100
AcDbEntity
  8
0
 62
7
100
AcDbSpline
 70
8
 71
3
 72
8
 73
4
 74
0
 40
0
 40
0
 40
0
 40
0
 40
1
 40
1
 40
1
 40
1
 10
183.191480
 20
179.173166
 30
0.0
 10
183.279580
 20
179.173166
 30
0.0
 10
183.359820
 20
179.159136
 30
0.0
 10
183.433660
 20
179.134106
 30
0.0
  0
SPLINE
  5
14b
100
AcDbEntity
  8
0
 62
7
100
AcDbSpline
 70
8
 71
3
 72
8
 73
4
 74
0
 40
0
 40
0
 40
0
 40
0
 40
1
 40
1
 40
1
 40
1
 10
183.433660
 20
179.134106
 30
0.0
 10
183.506960
 20
179.109246
 30
0.0
 10
183.584470
 20
179.068746
 30
0.0
 10
183.666090
 20
179.009106
 30
0.0
  0
SPLINE
  5
14c
100
AcDbEntity
  8
0
 62
7
100
AcDbSpline
 70
8
 71
3
 72
8
 73
4
 74
0
 40
0
 40
0
 40
0
 40
0
 40
1
 40
1
 40
1
 40
1
 10
183.666090
 20
179.009106
 30
0.0
 10
183.691564
 20
178.990309
 30
0.0
 10
183.722332
 20
178.980053
 30
0.0
 10
183.753990
 20
178.979806
 30
0.0
  0
LWPOLYLINE
  5
14d
100
AcDbEntity
  8
0
 62
7
100
AcDbPolyline
 90
2
 70
0
 10
183.013740
 20
179.143826
 30
0.0
 10
183.013740
 20
179.145826
 30
0.0
  0
SPLINE
  5
14e
100
AcDbEntity
  8
0
 62
7
100
AcDbSpline
 70
8
 71
3
 72
8
 73
4
 74
0
 40
0
 40
0
 40
0
 40
0
 40
1
 40
1
 40
1
 40
1
 10
183.771590
 20
178.979806
 30
0.0
 10
183.811507
 20
178.979706
 30
0.0
 10
183.849817
 20
178.995519
 30
0.0
 10
183.878042
 20
179.023744
 30
0.0
  0
SPLINE
  5
14f
100
AcDbEntity
  8
0
 62
7
100
AcDbSpline
 70
8
 71
3
 72
8
 73
4
 74
0
 40
0
 40
0
 40
0
 40
0
 40
1
 40
1
 40
1
 40
1
 10
183.878042
 20
179.023744
 30
0.0
 10
183.906268
 20
179.051970
 30
0.0
 10
183.922080
 20
179.090280
 30
0.0
 10
183.921980
 20
179.130197
 30
0.0
  0
LWPOLYLINE
  5
150
100
AcDbEntity
  8
0
 62
7
100
AcDbPolyline
 90
2
 70
0
 10
183.753990
 20
178.979806
 30
0.0
 10
183.771590
 20
178.979806
 30
0.0
  0
SPLINE
  5
151
100
AcDbEntity
  8
0
 62
7
100
AcDbSpline
 70
8
 71
3
 72
8
 73
4
 74
0
 40
0
 40
0
 40
0
 40
0
 40
1
 40
1
 40
1
 40
1
 10
183.921980
 20
179.358713
 30
0.0
 10
183.922488
 20
179.418740
 30
0.0
 10
183.887162
 20
179.473291
 30
0.0
 10
183.832180
 20
179.497384
 30
0.0
  0
SPLINE
  5
152
100
AcDbEntity
  8
0
 62
7
100
AcDbSpline
 70
8
 71
3
 72
8
 73
4
 74
0
 40
0
 40
0
 40
0
 40
0
 40
1
 40
1
 40
1
 40
1
 10
183.832180
 20
179.497384
 30
0.0
 10
183.716130
 20
179.548024
 30
0.0
 10
183.608380
 20
179.585174
 30
0.0
 10
183.506010
 20
179.606759
 30
0.0
  0
SPLINE
  5
153
100
AcDbEntity
  8
0
 62
7
100
AcDbSpline
 70
8
 71
3
 72
8
 73
4
 74
0
 40
0
 40
0
 40
0
 40
0
 40
1
 40
1
 40
1
 40
1
 10
183.506010
 20
179.606759
 30
0.0
 10
183.407210
 20
179.627769
 30
0.0
 10
183.307250
 20
179.638009
 30
0.0
 10
183.207180
 20
179.638009
 30
0.0
  0
LWPOLYLINE
  5
154
100
AcDbEntity
  8
0
 62
7
100
AcDbPolyline
 90
2
 70
0
 10
183.921980
 20
179.130197
 30
0.0
 10
183.921980
 20
179.358713
 30
0.0
  0
SPLINE
  5
155
100
AcDbEntity
  8
0
 62
7
100
AcDbSpline
 70
8
 71
3
 72
8
 73
4
 74
0
 40
0
 40
0
 40
0
 40
0
 40
1
 40
1
 40
1
 40
1
 10
174.451170
 20
179.616539
 30
0.0
 10
174.371707
 20
179.616893
 30
0.0
 10
174.305753
 20
179.555222
 30
0.0
 10
174.300780
 20
179.475914
 30
0.0
  0
SPLINE
  5
156
100
AcDbEntity
  8
0
 62
7
100
AcDbSpline
 70
8
 71
3
 72
8
 73
4
 74
0
 40
0
 40
0
 40
0
 40
0
 40
1
 40
1
 40
1
 40
1
 10
174.300780
 20
179.475914
 30
0.0
 10
174.299780
 20
179.455104
 30
0.0
 10
174.295780
 20
179.454784
 30
0.0
 10
174.298780
 20
179.458334
 30
0.0
  0
LWPOLYLINE
  5
157
100
AcDbEntity
  8
0
 62
7
100
AcDbPolyline
 90
2
 70
0
 10
183.207180
 20
179.638009
 30
0.0
 10
183.207030
 20
179.638019
 30
0.0
  0
SPLINE
  5
158
100
AcDbEntity
  8
0
 62
7
100
AcDbSpline
 70
8
 71
3
 72
8
 73
4
 74
0
 40
0
 40
0
 40
0
 40
0
 40
1
 40
1
 40
1
 40
1
 10
174.298780
 20
179.456334
 30
0.0
 10
174.295780
 20
179.452834
 30
0.0
 10
174.288780
 20
179.447134
 30
0.0
 10
174.271380
 20
179.438754
 30
0.0
  0
SPLINE
  5
159
100
AcDbEntity
  8
0
 62
7
100
AcDbSpline
 70
8
 71
3
 72
8
 73
4
 74
0
 40
0
 40
0
 40
0
 40
0
 40
1
 40
1
 40
1
 40
1
 10
174.271380
 20
179.438754
 30
0.0
 10
174.268380
 20
179.437254
 30
0.0
 10
174.238480
 20
179.427204
 30
0.0
 10
174.193280
 20
179.421174
 30
0.0
  0
SPLINE
  5
15a
100
AcDbEntity
  8
0
 62
7
100
AcDbSpline
 70
8
 71
3
 72
8
 73
4
 74
0
 40
0
 40
0
 40
0
 40
0
 40
1
 40
1
 40
1
 40
1
 10
174.193280
 20
179.421174
 30
0.0
 10
174.145580
 20
179.415474
 30
0.0
 10
174.101880
 20
179.413374
 30
0.0
 10
174.062420
 20
179.413374
 30
0.0
  0
SPLINE
  5
15b
100
AcDbEntity
  8
0
 62
7
100
AcDbSpline
 70
8
 71
3
 72
8
 73
4
 74
0
 40
0
 40
0
 40
0
 40
0
 40
1
 40
1
 40
1
 40
1
 10
174.062420
 20
179.413374
 30
0.0
 10
174.022503
 20
179.413474
 30
0.0
 10
173.984193
 20
179.397661
 30
0.0
 10
173.955968
 20
179.369436
 30
0.0
  0
SPLINE
  5
15c
100
AcDbEntity
  8
0
 62
7
100
AcDbSpline
 70
8
 71
3
 72
8
 73
4
 74
0
 40
0
 40
0
 40
0
 40
0
 40
1
 40
1
 40
1
 40
1
 10
173.955968
 20
179.369436
 30
0.0
 10
173.927742
 20
179.341210
 30
0.0
 10
173.911930
 20
179.302900
 30
0.0
 10
173.912030
 20
179.262983
 30
0.0
  0
LWPOLYLINE
  5
15d
100
AcDbEntity
  8
0
 62
7
100
AcDbPolyline
 90
2
 70
0
 10
174.298780
 20
179.458334
 30
0.0
 10
174.298780
 20
179.456334
 30
0.0
  0
SPLINE
  5
15e
100
AcDbEntity
  8
0
 62
7
100
AcDbSpline
 70
8
 71
3
 72
8
 73
4
 74
0
 40
0
 40
0
 40
0
 40
0
 40
1
 40
1
 40
1
 40
1
 10
173.912030
 20
179.130171
 30
0.0
 10
173.911930
 20
179.090254
 30
0.0
 10
173.927742
 20
179.051944
 30
0.0
 10
173.955968
 20
179.023718
 30
0.0
  0
SPLINE
  5
15f
100
AcDbEntity
  8
0
 62
7
100
AcDbSpline
 70
8
 71
3
 72
8
 73
4
 74
0
 40
0
 40
0
 40
0
 40
0
 40
1
 40
1
 40
1
 40
1
 10
173.955968
 20
179.023718
 30
0.0
 10
173.984193
 20
178.995493
 30
0.0
 10
174.022503
 20
178.979680
 30
0.0
 10
174.062420
 20
178.979780
 30
0.0
  0
LWPOLYLINE
  5
160
100
AcDbEntity
  8
0
 62
7
100
AcDbPolyline
 90
2
 70
0
 10
173.912030
 20
179.262983
 30
0.0
 10
173.912030
 20
179.130171
 30
0.0
  0
SPLINE
  5
161
100
AcDbEntity
  8
0
 62
7
100
AcDbSpline
 70
8
 71
3
 72
8
 73
4
 74
0
 40
0
 40
0
 40
0
 40
0
 40
1
 40
1
 40
1
 40
1
 10
174.062420
 20
178.305952
 30
0.0
 10
174.022504
 20
178.306052
 30
0.0
 10
173.984193
 20
178.290239
 30
0.0
 10
173.955968
 20
178.262014
 30
0.0
  0
SPLINE
  5
162
100
AcDbEntity
  8
0
 62
7
100
AcDbSpline
 70
8
 71
3
 72
8
 73
4
 74
0
 40
0
 40
0
 40
0
 40
0
 40
1
 40
1
 40
1
 40
1
 10
173.955968
 20
178.262014
 30
0.0
 10
173.927743
 20
178.233789
 30
0.0
 10
173.911930
 20
178.195478
 30
0.0
 10
173.912030
 20
178.155562
 30
0.0
  0
LWPOLYLINE
  5
163
100
AcDbEntity
  8
0
 62
7
100
AcDbPolyline
 90
4
 70
0
 10
174.062420
 20
178.979780
 30
0.0
 10
174.259690
 20
178.979780
 30
0.0
 10
174.259690
 20
178.305952
 30
0.0
 10
174.062420
 20
178.305952
 30
0.0
  0
SPLINE
  5
164
100
AcDbEntity
  8
0
 62
7
100
AcDbSpline
 70
8
 71
3
 72
8
 73
4
 74
0
 40
0
 40
0
 40
0
 40
0
 40
1
 40
1
 40
1
 40
1
 10
173.912030
 20
178.007200
 30
0.0
 10
173.911930
 20
177.967283
 30
0.0
 10
173.927742
 20
177.928973
 30
0.0
 10
173.955968
 20
177.900747
 30
0.0
  0
SPLINE
  5
165
100
AcDbEntity
  8
0
 62
7
100
AcDbSpline
 70
8
 71
3
 72
8
 73
4
 74
0
 40
0
 40
0
 40
0
 40
0
 40
1
 40
1
 40
1
 40
1
 10
173.955968
 20
177.900747
 30
0.0
 10
173.984193
 20
177.872522
 30
0.0
 10
174.022503
 20
177.856709
 30
0.0
 10
174.062420
 20
177.856809
 30
0.0
  0
LWPOLYLINE
  5
166
100
AcDbEntity
  8
0
 62
7
100
AcDbPolyline
 90
2
 70
0
 10
173.912030
 20
178.155562
 30
0.0
 10
173.912030
 20
178.007200
 30
0.0
  0
SPLINE
  5
167
100
AcDbEntity
  8
0
 62
7
100
AcDbSpline
 70
8
 71
3
 72
8
 73
4
 74
0
 40
0
 40
0
 40
0
 40
0
 40
1
 40
1
 40
1
 40
1
 10
174.964760
 20
177.856809
 30
0.0
 10
175.004690
 20
177.856688
 30
0.0
 10
175.043022
 20
177.872491
 30
0.0
 10
175.071264
 20
177.900719
 30
0.0
  0
SPLINE
  5
168
100
AcDbEntity
  8
0
 62
7
100
AcDbSpline
 70
8
 71
3
 72
8
 73
4
 74
0
 40
0
 40
0
 40
0
 40
0
 40
1
 40
1
 40
1
 40
1
 10
175.071264
 20
177.900719
 30
0.0
 10
175.099507
 20
177.928947
 30
0.0
 10
175.115330
 20
177.967269
 30
0.0
 10
175.115230
 20
178.007200
 30
0.0
  0
LWPOLYLINE
  5
169
100
AcDbEntity
  8
0
 62
7
100
AcDbPolyline
 90
2
 70
0
 10
174.062420
 20
177.856809
 30
0.0
 10
174.964760
 20
177.856809
 30
0.0
  0
SPLINE
  5
16a
100
AcDbEntity
  8
0
 62
7
100
AcDbSpline
 70
8
 71
3
 72
8
 73
4
 74
0
 40
0
 40
0
 40
0
 40
0
 40
1
 40
1
 40
1
 40
1
 10
175.115230
 20
178.155638
 30
0.0
 10
175.115330
 20
178.195554
 30
0.0
 10
175.099517
 20
178.233865
 30
0.0
 10
175.071292
 20
178.262090
 30
0.0
  0
SPLINE
  5
16b
100
AcDbEntity
  8
0
 62
7
100
AcDbSpline
 70
8
 71
3
 72
8
 73
4
 74
0
 40
0
 40
0
 40
0
 40
0
 40
1
 40
1
 40
1
 40
1
 10
175.071292
 20
178.262090
 30
0.0
 10
175.043067
 20
178.290315
 30
0.0
 10
175.004756
 20
178.306128
 30
0.0
 10
174.964840
 20
178.306028
 30
0.0
  0
LWPOLYLINE
  5
16c
100
AcDbEntity
  8
0
 62
7
100
AcDbPolyline
 90
2
 70
0
 10
175.115230
 20
178.007200
 30
0.0
 10
175.115230
 20
178.155638
 30
0.0
  0
SPLINE
  5
16d
100
AcDbEntity
  8
0
 62
7
100
AcDbSpline
 70
8
 71
3
 72
8
 73
4
 74
0
 40
0
 40
0
 40
0
 40
0
 40
1
 40
1
 40
1
 40
1
 10
174.775390
 20
179.466184
 30
0.0
 10
174.775490
 20
179.506101
 30
0.0
 10
174.759678
 20
179.544411
 30
0.0
 10
174.731452
 20
179.572637
 30
0.0
  0
SPLINE
  5
16e
100
AcDbEntity
  8
0
 62
7
100
AcDbSpline
 70
8
 71
3
 72
8
 73
4
 74
0
 40
0
 40
0
 40
0
 40
0
 40
1
 40
1
 40
1
 40
1
 10
174.731452
 20
179.572637
 30
0.0
 10
174.703227
 20
179.600862
 30
0.0
 10
174.664917
 20
179.616675
 30
0.0
 10
174.625000
 20
179.616575
 30
0.0
  0
LWPOLYLINE
  5
16f
100
AcDbEntity
  8
0
 62
7
100
AcDbPolyline
 90
3
 70
0
 10
174.964840
 20
178.306028
 30
0.0
 10
174.775390
 20
178.306028
 30
0.0
 10
174.775390
 20
179.466184
 30
0.0
  0
SPLINE
  5
170
100
AcDbEntity
  8
0
 62
7
100
AcDbSpline
 70
8
 71
3
 72
8
 73
4
 74
0
 40
0
 40
0
 40
0
 40
0
 40
1
 40
1
 40
1
 40
1
 10
165.224610
 20
179.610639
 30
0.0
 10
165.142225
 20
179.610849
 30
0.0
 10
165.075086
 20
179.544582
 30
0.0
 10
165.074220
 20
179.462201
 30
0.0
  0
LWPOLYLINE
  5
171
100
AcDbEntity
  8
0
 62
7
100
AcDbPolyline
 90
2
 70
0
 10
174.625000
 20
179.616575
 30
0.0
 10
174.451170
 20
179.616539
 30
0.0
  0
SPLINE
  5
172
100
AcDbEntity
  8
0
 62
7
100
AcDbSpline
 70
8
 71
3
 72
8
 73
4
 74
0
 40
0
 40
0
 40
0
 40
0
 40
1
 40
1
 40
1
 40
1
 10
165.074220
 20
178.007200
 30
0.0
 10
165.074120
 20
177.967283
 30
0.0
 10
165.089932
 20
177.928973
 30
0.0
 10
165.118158
 20
177.900747
 30
0.0
  0
SPLINE
  5
173
100
AcDbEntity
  8
0
 62
7
100
AcDbSpline
 70
8
 71
3
 72
8
 73
4
 74
0
 40
0
 40
0
 40
0
 40
0
 40
1
 40
1
 40
1
 40
1
 10
165.118158
 20
177.900747
 30
0.0
 10
165.146383
 20
177.872522
 30
0.0
 10
165.184693
 20
177.856709
 30
0.0
 10
165.224610
 20
177.856809
 30
0.0
  0
LWPOLYLINE
  5
174
100
AcDbEntity
  8
0
 62
7
100
AcDbPolyline
 90
2
 70
0
 10
165.074220
 20
179.462201
 30
0.0
 10
165.074220
 20
178.007200
 30
0.0
  0
SPLINE
  5
175
100
AcDbEntity
  8
0
 62
7
100
AcDbSpline
 70
8
 71
3
 72
8
 73
4
 74
0
 40
0
 40
0
 40
0
 40
0
 40
1
 40
1
 40
1
 40
1
 10
165.431640
 20
177.856809
 30
0.0
 10
165.514022
 20
177.857674
 30
0.0
 10
165.580291
 20
177.924814
 30
0.0
 10
165.580080
 20
178.007200
 30
0.0
  0
LWPOLYLINE
  5
176
100
AcDbEntity
  8
0
 62
7
100
AcDbPolyline
 90
2
 70
0
 10
165.224610
 20
177.856809
 30
0.0
 10
165.431640
 20
177.856809
 30
0.0
  0
SPLINE
  5
177
100
AcDbEntity
  8
0
 62
7
100
AcDbSpline
 70
8
 71
3
 72
8
 73
4
 74
0
 40
0
 40
0
 40
0
 40
0
 40
1
 40
1
 40
1
 40
1
 10
165.757810
 20
178.337278
 30
0.0
 10
165.783779
 20
178.287997
 30
0.0
 10
165.834916
 20
178.257163
 30
0.0
 10
165.890620
 20
178.257198
 30
0.0
  0
LWPOLYLINE
  5
178
100
AcDbEntity
  8
0
 62
7
100
AcDbPolyline
 90
3
 70
0
 10
165.580080
 20
178.007200
 30
0.0
 10
165.580080
 20
178.667356
 30
0.0
 10
165.757810
 20
178.337278
 30
0.0
  0
SPLINE
  5
179
100
AcDbEntity
  8
0
 62
7
100
AcDbSpline
 70
8
 71
3
 72
8
 73
4
 74
0
 40
0
 40
0
 40
0
 40
0
 40
1
 40
1
 40
1
 40
1
 10
166.023440
 20
178.257198
 30
0.0
 10
166.078026
 20
178.257493
 30
0.0
 10
166.128144
 20
178.287416
 30
0.0
 10
166.154300
 20
178.335328
 30
0.0
  0
LWPOLYLINE
  5
17a
100
AcDbEntity
  8
0
 62
7
100
AcDbPolyline
 90
2
 70
0
 10
165.890620
 20
178.257198
 30
0.0
 10
166.023440
 20
178.257198
 30
0.0
  0
SPLINE
  5
17b
100
AcDbEntity
  8
0
 62
7
100
AcDbSpline
 70
8
 71
3
 72
8
 73
4
 74
0
 40
0
 40
0
 40
0
 40
0
 40
1
 40
1
 40
1
 40
1
 10
166.335940
 20
178.007200
 30
0.0
 10
166.335840
 20
177.967283
 30
0.0
 10
166.351652
 20
177.928973
 30
0.0
 10
166.379878
 20
177.900747
 30
0.0
  0
SPLINE
  5
17c
100
AcDbEntity
  8
0
 62
7
100
AcDbSpline
 70
8
 71
3
 72
8
 73
4
 74
0
 40
0
 40
0
 40
0
 40
0
 40
1
 40
1
 40
1
 40
1
 10
166.379878
 20
177.900747
 30
0.0
 10
166.408103
 20
177.872522
 30
0.0
 10
166.446413
 20
177.856709
 30
0.0
 10
166.486330
 20
177.856809
 30
0.0
  0
LWPOLYLINE
  5
17d
100
AcDbEntity
  8
0
 62
7
100
AcDbPolyline
 90
3
 70
0
 10
166.154300
 20
178.335328
 30
0.0
 10
166.335940
 20
178.669312
 30
0.0
 10
166.335940
 20
178.007200
 30
0.0
  0
SPLINE
  5
17e
100
AcDbEntity
  8
0
 62
7
100
AcDbSpline
 70
8
 71
3
 72
8
 73
4
 74
0
 40
0
 40
0
 40
0
 40
0
 40
1
 40
1
 40
1
 40
1
 10
166.707030
 20
177.856809
 30
0.0
 10
166.746947
 20
177.856709
 30
0.0
 10
166.785257
 20
177.872522
 30
0.0
 10
166.813482
 20
177.900747
 30
0.0
  0
SPLINE
  5
17f
100
AcDbEntity
  8
0
 62
7
100
AcDbSpline
 70
8
 71
3
 72
8
 73
4
 74
0
 40
0
 40
0
 40
0
 40
0
 40
1
 40
1
 40
1
 40
1
 10
166.813482
 20
177.900747
 30
0.0
 10
166.841708
 20
177.928973
 30
0.0
 10
166.857520
 20
177.967283
 30
0.0
 10
166.857420
 20
178.007200
 30
0.0
  0
LWPOLYLINE
  5
180
100
AcDbEntity
  8
0
 62
7
100
AcDbPolyline
 90
2
 70
0
 10
166.486330
 20
177.856809
 30
0.0
 10
166.707030
 20
177.856809
 30
0.0
  0
SPLINE
  5
181
100
AcDbEntity
  8
0
 62
7
100
AcDbSpline
 70
8
 71
3
 72
8
 73
4
 74
0
 40
0
 40
0
 40
0
 40
0
 40
1
 40
1
 40
1
 40
1
 10
166.857420
 20
179.462278
 30
0.0
 10
166.856554
 20
179.544659
 30
0.0
 10
166.789415
 20
179.610926
 30
0.0
 10
166.707030
 20
179.610716
 30
0.0
  0
LWPOLYLINE
  5
182
100
AcDbEntity
  8
0
 62
7
100
AcDbPolyline
 90
2
 70
0
 10
166.857420
 20
178.007200
 30
0.0
 10
166.857420
 20
179.462278
 30
0.0
  0
SPLINE
  5
183
100
AcDbEntity
  8
0
 62
7
100
AcDbSpline
 70
8
 71
3
 72
8
 73
4
 74
0
 40
0
 40
0
 40
0
 40
0
 40
1
 40
1
 40
1
 40
1
 10
166.400390
 20
179.610716
 30
0.0
 10
166.345105
 20
179.611135
 30
0.0
 10
166.294071
 20
179.581112
 30
0.0
 10
166.267580
 20
179.532586
 30
0.0
  0
LWPOLYLINE
  5
184
100
AcDbEntity
  8
0
 62
7
100
AcDbPolyline
 90
2
 70
0
 10
166.707030
 20
179.610716
 30
0.0
 10
166.400390
 20
179.610716
 30
0.0
  0
SPLINE
  5
185
100
AcDbEntity
  8
0
 62
7
100
AcDbSpline
 70
8
 71
3
 72
8
 73
4
 74
0
 40
0
 40
0
 40
0
 40
0
 40
1
 40
1
 40
1
 40
1
 10
165.658200
 20
179.532586
 30
0.0
 10
165.631709
 20
179.581112
 30
0.0
 10
165.580675
 20
179.611135
 30
0.0
 10
165.525390
 20
179.610716
 30
0.0
  0
LWPOLYLINE
  5
186
100
AcDbEntity
  8
0
 62
7
100
AcDbPolyline
 90
3
 70
0
 10
166.267580
 20
179.532586
 30
0.0
 10
165.968750
 20
178.968133
 30
0.0
 10
165.658200
 20
179.532586
 30
0.0
  0
SPLINE
  5
187
100
AcDbEntity
  8
0
 62
7
100
AcDbSpline
 70
8
 71
3
 72
8
 73
4
 74
0
 40
0
 40
0
 40
0
 40
0
 40
1
 40
1
 40
1
 40
1
 10
167.154300
 20
179.610639
 30
0.0
 10
167.072675
 20
179.609786
 30
0.0
 10
167.006714
 20
179.543826
 30
0.0
 10
167.005860
 20
179.462201
 30
0.0
  0
LWPOLYLINE
  5
188
100
AcDbEntity
  8
0
 62
7
100
AcDbPolyline
 90
2
 70
0
 10
165.525390
 20
179.610716
 30
0.0
 10
165.224610
 20
179.610639
 30
0.0
  0
SPLINE
  5
189
100
AcDbEntity
  8
0
 62
7
100
AcDbSpline
 70
8
 71
3
 72
8
 73
4
 74
0
 40
0
 40
0
 40
0
 40
0
 40
1
 40
1
 40
1
 40
1
 10
167.005860
 20
178.007200
 30
0.0
 10
167.005649
 20
177.924814
 30
0.0
 10
167.071918
 20
177.857674
 30
0.0
 10
167.154300
 20
177.856809
 30
0.0
  0
LWPOLYLINE
  5
18a
100
AcDbEntity
  8
0
 62
7
100
AcDbPolyline
 90
2
 70
0
 10
167.005860
 20
179.462201
 30
0.0
 10
167.005860
 20
178.007200
 30
0.0
  0
SPLINE
  5
18b
100
AcDbEntity
  8
0
 62
7
100
AcDbSpline
 70
8
 71
3
 72
8
 73
4
 74
0
 40
0
 40
0
 40
0
 40
0
 40
1
 40
1
 40
1
 40
1
 10
168.253910
 20
177.856809
 30
0.0
 10
168.336288
 20
177.857679
 30
0.0
 10
168.402551
 20
177.924818
 30
0.0
 10
168.402340
 20
178.007200
 30
0.0
  0
LWPOLYLINE
  5
18c
100
AcDbEntity
  8
0
 62
7
100
AcDbPolyline
 90
2
 70
0
 10
167.154300
 20
177.856809
 30
0.0
 10
168.253910
 20
177.856809
 30
0.0
  0
SPLINE
  5
18d
100
AcDbEntity
  8
0
 62
7
100
AcDbSpline
 70
8
 71
3
 72
8
 73
4
 74
0
 40
0
 40
0
 40
0
 40
0
 40
1
 40
1
 40
1
 40
1
 10
168.402340
 20
178.179075
 30
0.0
 10
168.402551
 20
178.261457
 30
0.0
 10
168.336288
 20
178.328596
 30
0.0
 10
168.253910
 20
178.329466
 30
0.0
  0
LWPOLYLINE
  5
18e
100
AcDbEntity
  8
0
 62
7
100
AcDbPolyline
 90
2
 70
0
 10
168.402340
 20
178.007200
 30
0.0
 10
168.402340
 20
178.179075
 30
0.0
  0
SPLINE
  5
18f
100
AcDbEntity
  8
0
 62
7
100
AcDbSpline
 70
8
 71
3
 72
8
 73
4
 74
0
 40
0
 40
0
 40
0
 40
0
 40
1
 40
1
 40
1
 40
1
 10
168.253910
 20
178.569700
 30
0.0
 10
168.335531
 20
178.570558
 30
0.0
 10
168.401486
 20
178.636517
 30
0.0
 10
168.402340
 20
178.718138
 30
0.0
  0
LWPOLYLINE
  5
190
100
AcDbEntity
  8
0
 62
7
100
AcDbPolyline
 90
4
 70
0
 10
168.253910
 20
178.329466
 30
0.0
 10
167.527340
 20
178.329466
 30
0.0
 10
167.527340
 20
178.569700
 30
0.0
 10
168.253910
 20
178.569700
 30
0.0
  0
SPLINE
  5
191
100
AcDbEntity
  8
0
 62
7
100
AcDbSpline
 70
8
 71
3
 72
8
 73
4
 74
0
 40
0
 40
0
 40
0
 40
0
 40
1
 40
1
 40
1
 40
1
 10
168.402340
 20
178.890013
 30
0.0
 10
168.402551
 20
178.972395
 30
0.0
 10
168.336288
 20
179.039533
 30
0.0
 10
168.253910
 20
179.040403
 30
0.0
  0
LWPOLYLINE
  5
192
100
AcDbEntity
  8
0
 62
7
100
AcDbPolyline
 90
2
 70
0
 10
168.402340
 20
178.718138
 30
0.0
 10
168.402340
 20
178.890013
 30
0.0
  0
SPLINE
  5
193
100
AcDbEntity
  8
0
 62
7
100
AcDbSpline
 70
8
 71
3
 72
8
 73
4
 74
0
 40
0
 40
0
 40
0
 40
0
 40
1
 40
1
 40
1
 40
1
 10
168.253910
 20
179.140013
 30
0.0
 10
168.336288
 20
179.140883
 30
0.0
 10
168.402551
 20
179.208021
 30
0.0
 10
168.402340
 20
179.290403
 30
0.0
  0
LWPOLYLINE
  5
194
100
AcDbEntity
  8
0
 62
7
100
AcDbPolyline
 90
4
 70
0
 10
168.253910
 20
179.040403
 30
0.0
 10
167.527340
 20
179.040403
 30
0.0
 10
167.527340
 20
179.140013
 30
0.0
 10
168.253910
 20
179.140013
 30
0.0
  0
SPLINE
  5
195
100
AcDbEntity
  8
0
 62
7
100
AcDbSpline
 70
8
 71
3
 72
8
 73
4
 74
0
 40
0
 40
0
 40
0
 40
0
 40
1
 40
1
 40
1
 40
1
 10
168.402340
 20
179.462278
 30
0.0
 10
168.401486
 20
179.543899
 30
0.0
 10
168.335531
 20
179.609858
 30
0.0
 10
168.253910
 20
179.610716
 30
0.0
  0
LWPOLYLINE
  5
196
100
AcDbEntity
  8
0
 62
7
100
AcDbPolyline
 90
2
 70
0
 10
168.402340
 20
179.290403
 30
0.0
 10
168.402340
 20
179.462278
 30
0.0
  0
SPLINE
  5
197
100
AcDbEntity
  8
0
 62
7
100
AcDbSpline
 70
8
 71
3
 72
8
 73
4
 74
0
 40
0
 40
0
 40
0
 40
0
 40
1
 40
1
 40
1
 40
1
 10
168.603520
 20
179.610639
 30
0.0
 10
168.521895
 20
179.609786
 30
0.0
 10
168.455934
 20
179.543826
 30
0.0
 10
168.455080
 20
179.462201
 30
0.0
  0
LWPOLYLINE
  5
198
100
AcDbEntity
  8
0
 62
7
100
AcDbPolyline
 90
2
 70
0
 10
168.253910
 20
179.610716
 30
0.0
 10
167.154300
 20
179.610639
 30
0.0
  0
SPLINE
  5
199
100
AcDbEntity
  8
0
 62
7
100
AcDbSpline
 70
8
 71
3
 72
8
 73
4
 74
0
 40
0
 40
0
 40
0
 40
0
 40
1
 40
1
 40
1
 40
1
 10
168.455080
 20
178.007200
 30
0.0
 10
168.454869
 20
177.924814
 30
0.0
 10
168.521138
 20
177.857674
 30
0.0
 10
168.603520
 20
177.856809
 30
0.0
  0
LWPOLYLINE
  5
19a
100
AcDbEntity
  8
0
 62
7
100
AcDbPolyline
 90
2
 70
0
 10
168.455080
 20
179.462201
 30
0.0
 10
168.455080
 20
178.007200
 30
0.0
  0
SPLINE
  5
19b
100
AcDbEntity
  8
0
 62
7
100
AcDbSpline
 70
8
 71
3
 72
8
 73
4
 74
0
 40
0
 40
0
 40
0
 40
0
 40
1
 40
1
 40
1
 40
1
 10
168.810550
 20
177.856809
 30
0.0
 10
168.850467
 20
177.856709
 30
0.0
 10
168.888777
 20
177.872522
 30
0.0
 10
168.917002
 20
177.900747
 30
0.0
  0
SPLINE
  5
19c
100
AcDbEntity
  8
0
 62
7
100
AcDbSpline
 70
8
 71
3
 72
8
 73
4
 74
0
 40
0
 40
0
 40
0
 40
0
 40
1
 40
1
 40
1
 40
1
 10
168.917002
 20
177.900747
 30
0.0
 10
168.945228
 20
177.928973
 30
0.0
 10
168.961040
 20
177.967283
 30
0.0
 10
168.960940
 20
178.007200
 30
0.0
  0
LWPOLYLINE
  5
19d
100
AcDbEntity
  8
0
 62
7
100
AcDbPolyline
 90
2
 70
0
 10
168.603520
 20
177.856809
 30
0.0
 10
168.810550
 20
177.856809
 30
0.0
  0
SPLINE
  5
19e
100
AcDbEntity
  8
0
 62
7
100
AcDbSpline
 70
8
 71
3
 72
8
 73
4
 74
0
 40
0
 40
0
 40
0
 40
0
 40
1
 40
1
 40
1
 40
1
 10
169.138670
 20
178.337278
 30
0.0
 10
169.164639
 20
178.287997
 30
0.0
 10
169.215776
 20
178.257163
 30
0.0
 10
169.271480
 20
178.257198
 30
0.0
  0
LWPOLYLINE
  5
19f
100
AcDbEntity
  8
0
 62
7
100
AcDbPolyline
 90
3
 70
0
 10
168.960940
 20
178.007200
 30
0.0
 10
168.960940
 20
178.667356
 30
0.0
 10
169.138670
 20
178.337278
 30
0.0
  0
SPLINE
  5
1a0
100
AcDbEntity
  8
0
 62
7
100
AcDbSpline
 70
8
 71
3
 72
8
 73
4
 74
0
 40
0
 40
0
 40
0
 40
0
 40
1
 40
1
 40
1
 40
1
 10
169.404300
 20
178.257198
 30
0.0
 10
169.458886
 20
178.257493
 30
0.0
 10
169.509004
 20
178.287416
 30
0.0
 10
169.535160
 20
178.335328
 30
0.0
  0
LWPOLYLINE
  5
1a1
100
AcDbEntity
  8
0
 62
7
100
AcDbPolyline
 90
2
 70
0
 10
169.271480
 20
178.257198
 30
0.0
 10
169.404300
 20
178.257198
 30
0.0
  0
SPLINE
  5
1a2
100
AcDbEntity
  8
0
 62
7
100
AcDbSpline
 70
8
 71
3
 72
8
 73
4
 74
0
 40
0
 40
0
 40
0
 40
0
 40
1
 40
1
 40
1
 40
1
 10
169.716800
 20
178.007200
 30
0.0
 10
169.716700
 20
177.967283
 30
0.0
 10
169.732512
 20
177.928973
 30
0.0
 10
169.760738
 20
177.900747
 30
0.0
  0
SPLINE
  5
1a3
100
AcDbEntity
  8
0
 62
7
100
AcDbSpline
 70
8
 71
3
 72
8
 73
4
 74
0
 40
0
 40
0
 40
0
 40
0
 40
1
 40
1
 40
1
 40
1
 10
169.760738
 20
177.900747
 30
0.0
 10
169.788963
 20
177.872522
 30
0.0
 10
169.827273
 20
177.856709
 30
0.0
 10
169.867190
 20
177.856809
 30
0.0
  0
LWPOLYLINE
  5
1a4
100
AcDbEntity
  8
0
 62
7
100
AcDbPolyline
 90
3
 70
0
 10
169.535160
 20
178.335328
 30
0.0
 10
169.716800
 20
178.669312
 30
0.0
 10
169.716800
 20
178.007200
 30
0.0
  0
SPLINE
  5
1a5
100
AcDbEntity
  8
0
 62
7
100
AcDbSpline
 70
8
 71
3
 72
8
 73
4
 74
0
 40
0
 40
0
 40
0
 40
0
 40
1
 40
1
 40
1
 40
1
 10
170.087890
 20
177.856809
 30
0.0
 10
170.127807
 20
177.856709
 30
0.0
 10
170.166117
 20
177.872522
 30
0.0
 10
170.194342
 20
177.900747
 30
0.0
  0
SPLINE
  5
1a6
100
AcDbEntity
  8
0
 62
7
100
AcDbSpline
 70
8
 71
3
 72
8
 73
4
 74
0
 40
0
 40
0
 40
0
 40
0
 40
1
 40
1
 40
1
 40
1
 10
170.194342
 20
177.900747
 30
0.0
 10
170.222568
 20
177.928973
 30
0.0
 10
170.238380
 20
177.967283
 30
0.0
 10
170.238280
 20
178.007200
 30
0.0
  0
LWPOLYLINE
  5
1a7
100
AcDbEntity
  8
0
 62
7
100
AcDbPolyline
 90
2
 70
0
 10
169.867190
 20
177.856809
 30
0.0
 10
170.087890
 20
177.856809
 30
0.0
  0
SPLINE
  5
1a8
100
AcDbEntity
  8
0
 62
7
100
AcDbSpline
 70
8
 71
3
 72
8
 73
4
 74
0
 40
0
 40
0
 40
0
 40
0
 40
1
 40
1
 40
1
 40
1
 10
170.238280
 20
179.462278
 30
0.0
 10
170.237414
 20
179.544659
 30
0.0
 10
170.170275
 20
179.610926
 30
0.0
 10
170.087890
 20
179.610716
 30
0.0
  0
LWPOLYLINE
  5
1a9
100
AcDbEntity
  8
0
 62
7
100
AcDbPolyline
 90
2
 70
0
 10
170.238280
 20
178.007200
 30
0.0
 10
170.238280
 20
179.462278
 30
0.0
  0
SPLINE
  5
1aa
100
AcDbEntity
  8
0
 62
7
100
AcDbSpline
 70
8
 71
3
 72
8
 73
4
 74
0
 40
0
 40
0
 40
0
 40
0
 40
1
 40
1
 40
1
 40
1
 10
169.781250
 20
179.610716
 30
0.0
 10
169.725965
 20
179.611135
 30
0.0
 10
169.674931
 20
179.581112
 30
0.0
 10
169.648440
 20
179.532586
 30
0.0
  0
LWPOLYLINE
  5
1ab
100
AcDbEntity
  8
0
 62
7
100
AcDbPolyline
 90
2
 70
0
 10
170.087890
 20
179.610716
 30
0.0
 10
169.781250
 20
179.610716
 30
0.0
  0
SPLINE
  5
1ac
100
AcDbEntity
  8
0
 62
7
100
AcDbSpline
 70
8
 71
3
 72
8
 73
4
 74
0
 40
0
 40
0
 40
0
 40
0
 40
1
 40
1
 40
1
 40
1
 10
169.037110
 20
179.532586
 30
0.0
 10
169.010954
 20
179.580498
 30
0.0
 10
168.960836
 20
179.610421
 30
0.0
 10
168.906250
 20
179.610716
 30
0.0
  0
LWPOLYLINE
  5
1ad
100
AcDbEntity
  8
0
 62
7
100
AcDbPolyline
 90
3
 70
0
 10
169.648440
 20
179.532586
 30
0.0
 10
169.347660
 20
178.966179
 30
0.0
 10
169.037110
 20
179.532586
 30
0.0
  0
SPLINE
  5
1ae
100
AcDbEntity
  8
0
 62
7
100
AcDbSpline
 70
8
 71
3
 72
8
 73
4
 74
0
 40
0
 40
0
 40
0
 40
0
 40
1
 40
1
 40
1
 40
1
 10
171.576170
 20
179.610639
 30
0.0
 10
171.493785
 20
179.610849
 30
0.0
 10
171.426646
 20
179.544582
 30
0.0
 10
171.425780
 20
179.462201
 30
0.0
  0
LWPOLYLINE
  5
1af
100
AcDbEntity
  8
0
 62
7
100
AcDbPolyline
 90
2
 70
0
 10
168.906250
 20
179.610716
 30
0.0
 10
168.603520
 20
179.610639
 30
0.0
  0
SPLINE
  5
1b0
100
AcDbEntity
  8
0
 62
7
100
AcDbSpline
 70
8
 71
3
 72
8
 73
4
 74
0
 40
0
 40
0
 40
0
 40
0
 40
1
 40
1
 40
1
 40
1
 10
171.425780
 20
178.007200
 30
0.0
 10
171.425680
 20
177.967283
 30
0.0
 10
171.441492
 20
177.928973
 30
0.0
 10
171.469718
 20
177.900747
 30
0.0
  0
SPLINE
  5
1b1
100
AcDbEntity
  8
0
 62
7
100
AcDbSpline
 70
8
 71
3
 72
8
 73
4
 74
0
 40
0
 40
0
 40
0
 40
0
 40
1
 40
1
 40
1
 40
1
 10
171.469718
 20
177.900747
 30
0.0
 10
171.497943
 20
177.872522
 30
0.0
 10
171.536253
 20
177.856709
 30
0.0
 10
171.576170
 20
177.856809
 30
0.0
  0
LWPOLYLINE
  5
1b2
100
AcDbEntity
  8
0
 62
7
100
AcDbPolyline
 90
2
 70
0
 10
171.425780
 20
179.462201
 30
0.0
 10
171.425780
 20
178.007200
 30
0.0
  0
SPLINE
  5
1b3
100
AcDbEntity
  8
0
 62
7
100
AcDbSpline
 70
8
 71
3
 72
8
 73
4
 74
0
 40
0
 40
0
 40
0
 40
0
 40
1
 40
1
 40
1
 40
1
 10
171.798830
 20
177.856809
 30
0.0
 10
171.881212
 20
177.857674
 30
0.0
 10
171.947481
 20
177.924814
 30
0.0
 10
171.947270
 20
178.007200
 30
0.0
  0
LWPOLYLINE
  5
1b4
100
AcDbEntity
  8
0
 62
7
100
AcDbPolyline
 90
2
 70
0
 10
171.576170
 20
177.856809
 30
0.0
 10
171.798830
 20
177.856809
 30
0.0
  0
SPLINE
  5
1b5
100
AcDbEntity
  8
0
 62
7
100
AcDbSpline
 70
8
 71
3
 72
8
 73
4
 74
0
 40
0
 40
0
 40
0
 40
0
 40
1
 40
1
 40
1
 40
1
 10
172.558590
 20
177.903684
 30
0.0
 10
172.587029
 20
177.873649
 30
0.0
 10
172.626608
 20
177.856690
 30
0.0
 10
172.667970
 20
177.856814
 30
0.0
  0
LWPOLYLINE
  5
1b6
100
AcDbEntity
  8
0
 62
7
100
AcDbPolyline
 90
4
 70
0
 10
171.947270
 20
178.007200
 30
0.0
 10
171.947270
 20
178.434934
 30
0.0
 10
172.046870
 20
178.434934
 30
0.0
 10
172.558590
 20
177.903684
 30
0.0
  0
SPLINE
  5
1b7
100
AcDbEntity
  8
0
 62
7
100
AcDbSpline
 70
8
 71
3
 72
8
 73
4
 74
0
 40
0
 40
0
 40
0
 40
0
 40
1
 40
1
 40
1
 40
1
 10
172.955080
 20
177.856814
 30
0.0
 10
173.015898
 20
177.856361
 30
0.0
 10
173.070972
 20
177.892675
 30
0.0
 10
173.094515
 20
177.948753
 30
0.0
  0
SPLINE
  5
1b8
100
AcDbEntity
  8
0
 62
7
100
AcDbSpline
 70
8
 71
3
 72
8
 73
4
 74
0
 40
0
 40
0
 40
0
 40
0
 40
1
 40
1
 40
1
 40
1
 10
173.094515
 20
177.948753
 30
0.0
 10
173.118059
 20
178.004831
 30
0.0
 10
173.105414
 20
178.069576
 30
0.0
 10
173.062500
 20
178.112674
 30
0.0
  0
LWPOLYLINE
  5
1b9
100
AcDbEntity
  8
0
 62
7
100
AcDbPolyline
 90
2
 70
0
 10
172.667970
 20
177.856814
 30
0.0
 10
172.955080
 20
177.856814
 30
0.0
  0
SPLINE
  5
1ba
100
AcDbEntity
  8
0
 62
7
100
AcDbSpline
 70
8
 71
3
 72
8
 73
4
 74
0
 40
0
 40
0
 40
0
 40
0
 40
1
 40
1
 40
1
 40
1
 10
172.560550
 20
178.620486
 30
0.0
 10
172.602950
 20
178.650416
 30
0.0
 10
172.657950
 20
178.665566
 30
0.0
 10
172.691410
 20
178.704466
 30
0.0
  0
SPLINE
  5
1bb
100
AcDbEntity
  8
0
 62
7
100
AcDbSpline
 70
8
 71
3
 72
8
 73
4
 74
0
 40
0
 40
0
 40
0
 40
0
 40
1
 40
1
 40
1
 40
1
 10
172.691410
 20
178.704466
 30
0.0
 10
172.775410
 20
178.803186
 30
0.0
 10
172.818360
 20
178.932164
 30
0.0
 10
172.818360
 20
179.065794
 30
0.0
  0
SPLINE
  5
1bc
100
AcDbEntity
  8
0
 62
7
100
AcDbSpline
 70
8
 71
3
 72
8
 73
4
 74
0
 40
0
 40
0
 40
0
 40
0
 40
1
 40
1
 40
1
 40
1
 10
172.818360
 20
179.065794
 30
0.0
 10
172.818360
 20
179.165424
 30
0.0
 10
172.794960
 20
179.261332
 30
0.0
 10
172.740260
 20
179.341184
 30
0.0
  0
SPLINE
  5
1bd
100
AcDbEntity
  8
0
 62
7
100
AcDbSpline
 70
8
 71
3
 72
8
 73
4
 74
0
 40
0
 40
0
 40
0
 40
0
 40
1
 40
1
 40
1
 40
1
 10
172.740260
 20
179.341184
 30
0.0
 10
172.692260
 20
179.412864
 30
0.0
 10
172.626440
 20
179.472370
 30
0.0
 10
172.548860
 20
179.515013
 30
0.0
  0
SPLINE
  5
1be
100
AcDbEntity
  8
0
 62
7
100
AcDbSpline
 70
8
 71
3
 72
8
 73
4
 74
0
 40
0
 40
0
 40
0
 40
0
 40
1
 40
1
 40
1
 40
1
 10
172.548860
 20
179.515013
 30
0.0
 10
172.479560
 20
179.552803
 30
0.0
 10
172.401420
 20
179.577633
 30
0.0
 10
172.320340
 20
179.591183
 30
0.0
  0
LWPOLYLINE
  5
1bf
100
AcDbEntity
  8
0
 62
7
100
AcDbPolyline
 90
2
 70
0
 10
173.062500
 20
178.112674
 30
0.0
 10
172.560550
 20
178.620486
 30
0.0
  0
SPLINE
  5
1c0
100
AcDbEntity
  8
0
 62
7
100
AcDbSpline
 70
8
 71
3
 72
8
 73
4
 74
0
 40
0
 40
0
 40
0
 40
0
 40
1
 40
1
 40
1
 40
1
 10
172.318340
 20
179.591183
 30
0.0
 10
172.239040
 20
179.604883
 30
0.0
 10
172.148730
 20
179.610713
 30
0.0
 10
172.042950
 20
179.610713
 30
0.0
  0
LWPOLYLINE
  5
1c1
100
AcDbEntity
  8
0
 62
7
100
AcDbPolyline
 90
2
 70
0
 10
172.320340
 20
179.591183
 30
0.0
 10
172.318340
 20
179.591183
 30
0.0
  0
SPLINE
  5
1c2
100
AcDbEntity
  8
0
 62
7
100
AcDbSpline
 70
8
 71
3
 72
8
 73
4
 74
0
 40
0
 40
0
 40
0
 40
0
 40
1
 40
1
 40
1
 40
1
 10
178.152340
 20
179.610639
 30
0.0
 10
178.102328
 20
179.610610
 30
0.0
 10
178.055619
 20
179.585660
 30
0.0
 10
178.027788
 20
179.544108
 30
0.0
  0
SPLINE
  5
1c3
100
AcDbEntity
  8
0
 62
7
100
AcDbSpline
 70
8
 71
3
 72
8
 73
4
 74
0
 40
0
 40
0
 40
0
 40
0
 40
1
 40
1
 40
1
 40
1
 10
178.027788
 20
179.544108
 30
0.0
 10
177.999956
 20
179.502555
 30
0.0
 10
177.994662
 20
179.449866
 30
0.0
 10
178.013670
 20
179.403607
 30
0.0
  0
LWPOLYLINE
  5
1c4
100
AcDbEntity
  8
0
 62
7
100
AcDbPolyline
 90
2
 70
0
 10
172.042950
 20
179.610713
 30
0.0
 10
171.576170
 20
179.610639
 30
0.0
  0
SPLINE
  5
1c5
100
AcDbEntity
  8
0
 62
7
100
AcDbSpline
 70
8
 71
3
 72
8
 73
4
 74
0
 40
0
 40
0
 40
0
 40
0
 40
1
 40
1
 40
1
 40
1
 10
178.619140
 20
177.948529
 30
0.0
 10
178.642620
 20
177.892764
 30
0.0
 10
178.697303
 20
177.856563
 30
0.0
 10
178.757810
 20
177.856729
 30
0.0
  0
LWPOLYLINE
  5
1c6
100
AcDbEntity
  8
0
 62
7
100
AcDbPolyline
 90
2
 70
0
 10
178.013670
 20
179.403607
 30
0.0
 10
178.619140
 20
177.948529
 30
0.0
  0
SPLINE
  5
1c7
100
AcDbEntity
  8
0
 62
7
100
AcDbSpline
 70
8
 71
3
 72
8
 73
4
 74
0
 40
0
 40
0
 40
0
 40
0
 40
1
 40
1
 40
1
 40
1
 10
179.054690
 20
177.856729
 30
0.0
 10
179.114487
 20
177.857344
 30
0.0
 10
179.168207
 20
177.893414
 30
0.0
 10
179.191410
 20
177.948529
 30
0.0
  0
LWPOLYLINE
  5
1c8
100
AcDbEntity
  8
0
 62
7
100
AcDbPolyline
 90
2
 70
0
 10
178.757810
 20
177.856729
 30
0.0
 10
179.054690
 20
177.856729
 30
0.0
  0
SPLINE
  5
1c9
100
AcDbEntity
  8
0
 62
7
100
AcDbSpline
 70
8
 71
3
 72
8
 73
4
 74
0
 40
0
 40
0
 40
0
 40
0
 40
1
 40
1
 40
1
 40
1
 10
179.798830
 20
179.403607
 30
0.0
 10
179.817838
 20
179.449866
 30
0.0
 10
179.812544
 20
179.502555
 30
0.0
 10
179.784712
 20
179.544108
 30
0.0
  0
SPLINE
  5
1ca
100
AcDbEntity
  8
0
 62
7
100
AcDbSpline
 70
8
 71
3
 72
8
 73
4
 74
0
 40
0
 40
0
 40
0
 40
0
 40
1
 40
1
 40
1
 40
1
 10
179.784712
 20
179.544108
 30
0.0
 10
179.756881
 20
179.585660
 30
0.0
 10
179.710172
 20
179.610610
 30
0.0
 10
179.660160
 20
179.610639
 30
0.0
  0
LWPOLYLINE
  5
1cb
100
AcDbEntity
  8
0
 62
7
100
AcDbPolyline
 90
2
 70
0
 10
179.191410
 20
177.948529
 30
0.0
 10
179.798830
 20
179.403607
 30
0.0
  0
SPLINE
  5
1cc
100
AcDbEntity
  8
0
 62
7
100
AcDbSpline
 70
8
 71
3
 72
8
 73
4
 74
0
 40
0
 40
0
 40
0
 40
0
 40
1
 40
1
 40
1
 40
1
 10
179.433590
 20
179.610639
 30
0.0
 10
179.373083
 20
179.610805
 30
0.0
 10
179.318400
 20
179.574604
 30
0.0
 10
179.294920
 20
179.518839
 30
0.0
  0
LWPOLYLINE
  5
1cd
100
AcDbEntity
  8
0
 62
7
100
AcDbPolyline
 90
2
 70
0
 10
179.660160
 20
179.610639
 30
0.0
 10
179.433590
 20
179.610639
 30
0.0
  0
SPLINE
  5
1ce
100
AcDbEntity
  8
0
 62
7
100
AcDbSpline
 70
8
 71
3
 72
8
 73
4
 74
0
 40
0
 40
0
 40
0
 40
0
 40
1
 40
1
 40
1
 40
1
 10
178.527340
 20
179.518839
 30
0.0
 10
178.503860
 20
179.574604
 30
0.0
 10
178.449177
 20
179.610805
 30
0.0
 10
178.388670
 20
179.610639
 30
0.0
  0
LWPOLYLINE
  5
1cf
100
AcDbEntity
  8
0
 62
7
100
AcDbPolyline
 90
3
 70
0
 10
179.294920
 20
179.518839
 30
0.0
 10
178.912110
 20
178.579386
 30
0.0
 10
178.527340
 20
179.518839
 30
0.0
  0
SPLINE
  5
1d0
100
AcDbEntity
  8
0
 62
7
100
AcDbSpline
 70
8
 71
3
 72
8
 73
4
 74
0
 40
0
 40
0
 40
0
 40
0
 40
1
 40
1
 40
1
 40
1
 10
184.890620
 20
179.610639
 30
0.0
 10
184.808235
 20
179.610849
 30
0.0
 10
184.741096
 20
179.544582
 30
0.0
 10
184.740230
 20
179.462201
 30
0.0
  0
LWPOLYLINE
  5
1d1
100
AcDbEntity
  8
0
 62
7
100
AcDbPolyline
 90
2
 70
0
 10
178.388670
 20
179.610639
 30
0.0
 10
178.152340
 20
179.610639
 30
0.0
  0
SPLINE
  5
1d2
100
AcDbEntity
  8
0
 62
7
100
AcDbSpline
 70
8
 71
3
 72
8
 73
4
 74
0
 40
0
 40
0
 40
0
 40
0
 40
1
 40
1
 40
1
 40
1
 10
184.740230
 20
178.007200
 30
0.0
 10
184.740130
 20
177.967283
 30
0.0
 10
184.755942
 20
177.928973
 30
0.0
 10
184.784168
 20
177.900747
 30
0.0
  0
SPLINE
  5
1d3
100
AcDbEntity
  8
0
 62
7
100
AcDbSpline
 70
8
 71
3
 72
8
 73
4
 74
0
 40
0
 40
0
 40
0
 40
0
 40
1
 40
1
 40
1
 40
1
 10
184.784168
 20
177.900747
 30
0.0
 10
184.812393
 20
177.872522
 30
0.0
 10
184.850703
 20
177.856709
 30
0.0
 10
184.890620
 20
177.856809
 30
0.0
  0
LWPOLYLINE
  5
1d4
100
AcDbEntity
  8
0
 62
7
100
AcDbPolyline
 90
2
 70
0
 10
184.740230
 20
179.462201
 30
0.0
 10
184.740230
 20
178.007200
 30
0.0
  0
SPLINE
  5
1d5
100
AcDbEntity
  8
0
 62
7
100
AcDbSpline
 70
8
 71
3
 72
8
 73
4
 74
0
 40
0
 40
0
 40
0
 40
0
 40
1
 40
1
 40
1
 40
1
 10
185.310550
 20
177.856809
 30
0.0
 10
185.469430
 20
177.856809
 30
0.0
 10
185.600600
 20
177.866899
 30
0.0
 10
185.708980
 20
177.888059
 30
0.0
  0
SPLINE
  5
1d6
100
AcDbEntity
  8
0
 62
7
100
AcDbSpline
 70
8
 71
3
 72
8
 73
4
 74
0
 40
0
 40
0
 40
0
 40
0
 40
1
 40
1
 40
1
 40
1
 10
185.708980
 20
177.888059
 30
0.0
 10
185.816200
 20
177.908859
 30
0.0
 10
185.917180
 20
177.942729
 30
0.0
 10
186.007810
 20
177.991575
 30
0.0
  0
SPLINE
  5
1d7
100
AcDbEntity
  8
0
 62
7
100
AcDbSpline
 70
8
 71
3
 72
8
 73
4
 74
0
 40
0
 40
0
 40
0
 40
0
 40
1
 40
1
 40
1
 40
1
 10
186.007810
 20
177.991575
 30
0.0
 10
186.139800
 20
178.062885
 30
0.0
 10
186.247530
 20
178.165659
 30
0.0
 10
186.326170
 20
178.294309
 30
0.0
  0
SPLINE
  5
1d8
100
AcDbEntity
  8
0
 62
7
100
AcDbSpline
 70
8
 71
3
 72
8
 73
4
 74
0
 40
0
 40
0
 40
0
 40
0
 40
1
 40
1
 40
1
 40
1
 10
186.326170
 20
178.294309
 30
0.0
 10
186.407070
 20
178.425134
 30
0.0
 10
186.449220
 20
178.574527
 30
0.0
 10
186.449220
 20
178.731809
 30
0.0
  0
LWPOLYLINE
  5
1d9
100
AcDbEntity
  8
0
 62
7
100
AcDbPolyline
 90
2
 70
0
 10
184.890620
 20
177.856809
 30
0.0
 10
185.310550
 20
177.856809
 30
0.0
  0
SPLINE
  5
1da
100
AcDbEntity
  8
0
 62
7
100
AcDbSpline
 70
8
 71
3
 72
8
 73
4
 74
0
 40
0
 40
0
 40
0
 40
0
 40
1
 40
1
 40
1
 40
1
 10
186.449220
 20
178.733809
 30
0.0
 10
186.449220
 20
178.897523
 30
0.0
 10
186.409620
 20
179.048192
 30
0.0
 10
186.330080
 20
179.177168
 30
0.0
  0
SPLINE
  5
1db
100
AcDbEntity
  8
0
 62
7
100
AcDbSpline
 70
8
 71
3
 72
8
 73
4
 74
0
 40
0
 40
0
 40
0
 40
0
 40
1
 40
1
 40
1
 40
1
 10
186.330080
 20
179.177168
 30
0.0
 10
186.252780
 20
179.302605
 30
0.0
 10
186.143530
 20
179.404991
 30
0.0
 10
186.009770
 20
179.477949
 30
0.0
  0
SPLINE
  5
1dc
100
AcDbEntity
  8
0
 62
7
100
AcDbSpline
 70
8
 71
3
 72
8
 73
4
 74
0
 40
0
 40
0
 40
0
 40
0
 40
1
 40
1
 40
1
 40
1
 10
186.009770
 20
179.477949
 30
0.0
 10
185.927570
 20
179.522269
 30
0.0
 10
185.832660
 20
179.555169
 30
0.0
 10
185.726560
 20
179.577559
 30
0.0
  0
LWPOLYLINE
  5
1dd
100
AcDbEntity
  8
0
 62
7
100
AcDbPolyline
 90
2
 70
0
 10
186.449220
 20
178.731809
 30
0.0
 10
186.449220
 20
178.733809
 30
0.0
  0
SPLINE
  5
1de
100
AcDbEntity
  8
0
 62
7
100
AcDbSpline
 70
8
 71
3
 72
8
 73
4
 74
0
 40
0
 40
0
 40
0
 40
0
 40
1
 40
1
 40
1
 40
1
 10
185.724560
 20
179.577559
 30
0.0
 10
185.612040
 20
179.601919
 30
0.0
 10
185.474840
 20
179.610759
 30
0.0
 10
185.306590
 20
179.610759
 30
0.0
  0
LWPOLYLINE
  5
1df
100
AcDbEntity
  8
0
 62
7
100
AcDbPolyline
 90
2
 70
0
 10
185.726560
 20
179.577559
 30
0.0
 10
185.724560
 20
179.577559
 30
0.0
  0
SPLINE
  5
1e0
100
AcDbEntity
  8
0
 62
7
100
AcDbSpline
 70
8
 71
3
 72
8
 73
4
 74
0
 40
0
 40
0
 40
0
 40
0
 40
1
 40
1
 40
1
 40
1
 10
186.656250
 20
179.610639
 30
0.0
 10
186.573865
 20
179.610849
 30
0.0
 10
186.506726
 20
179.544582
 30
0.0
 10
186.505860
 20
179.462201
 30
0.0
  0
LWPOLYLINE
  5
1e1
100
AcDbEntity
  8
0
 62
7
100
AcDbPolyline
 90
2
 70
0
 10
185.306590
 20
179.610759
 30
0.0
 10
184.890620
 20
179.610639
 30
0.0
  0
SPLINE
  5
1e2
100
AcDbEntity
  8
0
 62
7
100
AcDbSpline
 70
8
 71
3
 72
8
 73
4
 74
0
 40
0
 40
0
 40
0
 40
0
 40
1
 40
1
 40
1
 40
1
 10
186.505860
 20
178.007200
 30
0.0
 10
186.505760
 20
177.967283
 30
0.0
 10
186.521572
 20
177.928973
 30
0.0
 10
186.549798
 20
177.900747
 30
0.0
  0
SPLINE
  5
1e3
100
AcDbEntity
  8
0
 62
7
100
AcDbSpline
 70
8
 71
3
 72
8
 73
4
 74
0
 40
0
 40
0
 40
0
 40
0
 40
1
 40
1
 40
1
 40
1
 10
186.549798
 20
177.900747
 30
0.0
 10
186.578023
 20
177.872522
 30
0.0
 10
186.616333
 20
177.856709
 30
0.0
 10
186.656250
 20
177.856809
 30
0.0
  0
LWPOLYLINE
  5
1e4
100
AcDbEntity
  8
0
 62
7
100
AcDbPolyline
 90
2
 70
0
 10
186.505860
 20
179.462201
 30
0.0
 10
186.505860
 20
178.007200
 30
0.0
  0
SPLINE
  5
1e5
100
AcDbEntity
  8
0
 62
7
100
AcDbSpline
 70
8
 71
3
 72
8
 73
4
 74
0
 40
0
 40
0
 40
0
 40
0
 40
1
 40
1
 40
1
 40
1
 10
186.878910
 20
177.856809
 30
0.0
 10
186.961288
 20
177.857679
 30
0.0
 10
187.027551
 20
177.924818
 30
0.0
 10
187.027340
 20
178.007200
 30
0.0
  0
LWPOLYLINE
  5
1e6
100
AcDbEntity
  8
0
 62
7
100
AcDbPolyline
 90
2
 70
0
 10
186.656250
 20
177.856809
 30
0.0
 10
186.878910
 20
177.856809
 30
0.0
  0
SPLINE
  5
1e7
100
AcDbEntity
  8
0
 62
7
100
AcDbSpline
 70
8
 71
3
 72
8
 73
4
 74
0
 40
0
 40
0
 40
0
 40
0
 40
1
 40
1
 40
1
 40
1
 10
187.638660
 20
177.903684
 30
0.0
 10
187.667099
 20
177.873649
 30
0.0
 10
187.706678
 20
177.856690
 30
0.0
 10
187.748040
 20
177.856814
 30
0.0
  0
LWPOLYLINE
  5
1e8
100
AcDbEntity
  8
0
 62
7
100
AcDbPolyline
 90
4
 70
0
 10
187.027340
 20
178.007200
 30
0.0
 10
187.027340
 20
178.434934
 30
0.0
 10
187.126940
 20
178.434934
 30
0.0
 10
187.638660
 20
177.903684
 30
0.0
  0
SPLINE
  5
1e9
100
AcDbEntity
  8
0
 62
7
100
AcDbSpline
 70
8
 71
3
 72
8
 73
4
 74
0
 40
0
 40
0
 40
0
 40
0
 40
1
 40
1
 40
1
 40
1
 10
188.035150
 20
177.856814
 30
0.0
 10
188.061860
 20
177.883980
 30
0.0
 10
188.077233
 20
177.920291
 30
0.0
 10
188.078150
 20
177.958377
 30
0.0
  0
SPLINE
  5
1ea
100
AcDbEntity
  8
0
 62
7
100
AcDbSpline
 70
8
 71
3
 72
8
 73
4
 74
0
 40
0
 40
0
 40
0
 40
0
 40
1
 40
1
 40
1
 40
1
 10
188.078150
 20
177.958377
 30
0.0
 10
188.092546
 20
177.909461
 30
0.0
 10
188.130803
 20
177.871206
 30
0.0
 10
188.179720
 20
177.856814
 30
0.0
  0
LWPOLYLINE
  5
1eb
100
AcDbEntity
  8
0
 62
7
100
AcDbPolyline
 90
2
 70
0
 10
187.748040
 20
177.856814
 30
0.0
 10
188.035150
 20
177.856814
 30
0.0
  0
SPLINE
  5
1ec
100
AcDbEntity
  8
0
 62
7
100
AcDbSpline
 70
8
 71
3
 72
8
 73
4
 74
0
 40
0
 40
0
 40
0
 40
0
 40
1
 40
1
 40
1
 40
1
 10
188.837920
 20
177.856814
 30
0.0
 10
188.877831
 20
177.856722
 30
0.0
 10
188.916133
 20
177.872538
 30
0.0
 10
188.944351
 20
177.900761
 30
0.0
  0
SPLINE
  5
1ed
100
AcDbEntity
  8
0
 62
7
100
AcDbSpline
 70
8
 71
3
 72
8
 73
4
 74
0
 40
0
 40
0
 40
0
 40
0
 40
1
 40
1
 40
1
 40
1
 10
188.944351
 20
177.900761
 30
0.0
 10
188.972570
 20
177.928985
 30
0.0
 10
188.988379
 20
177.967289
 30
0.0
 10
188.988280
 20
178.007200
 30
0.0
  0
LWPOLYLINE
  5
1ee
100
AcDbEntity
  8
0
 62
7
100
AcDbPolyline
 90
2
 70
0
 10
188.179720
 20
177.856814
 30
0.0
 10
188.837920
 20
177.856814
 30
0.0
  0
SPLINE
  5
1ef
100
AcDbEntity
  8
0
 62
7
100
AcDbSpline
 70
8
 71
3
 72
8
 73
4
 74
0
 40
0
 40
0
 40
0
 40
0
 40
1
 40
1
 40
1
 40
1
 10
188.988280
 20
178.155638
 30
0.0
 10
188.988380
 20
178.195554
 30
0.0
 10
188.972567
 20
178.233865
 30
0.0
 10
188.944342
 20
178.262090
 30
0.0
  0
SPLINE
  5
1f0
100
AcDbEntity
  8
0
 62
7
100
AcDbSpline
 70
8
 71
3
 72
8
 73
4
 74
0
 40
0
 40
0
 40
0
 40
0
 40
1
 40
1
 40
1
 40
1
 10
188.944342
 20
178.262090
 30
0.0
 10
188.916117
 20
178.290315
 30
0.0
 10
188.877806
 20
178.306128
 30
0.0
 10
188.837890
 20
178.306028
 30
0.0
  0
LWPOLYLINE
  5
1f1
100
AcDbEntity
  8
0
 62
7
100
AcDbPolyline
 90
2
 70
0
 10
188.988280
 20
178.007200
 30
0.0
 10
188.988280
 20
178.155638
 30
0.0
  0
SPLINE
  5
1f2
100
AcDbEntity
  8
0
 62
7
100
AcDbSpline
 70
8
 71
3
 72
8
 73
4
 74
0
 40
0
 40
0
 40
0
 40
0
 40
1
 40
1
 40
1
 40
1
 10
188.837890
 20
179.163450
 30
0.0
 10
188.886335
 20
179.177471
 30
0.0
 10
188.924493
 20
179.214896
 30
0.0
 10
188.939450
 20
179.263060
 30
0.0
  0
LWPOLYLINE
  5
1f3
100
AcDbEntity
  8
0
 62
7
100
AcDbPolyline
 90
4
 70
0
 10
188.837890
 20
178.306028
 30
0.0
 10
188.769490
 20
178.306028
 30
0.0
 10
188.769490
 20
179.163450
 30
0.0
 10
188.837890
 20
179.163450
 30
0.0
  0
SPLINE
  5
1f4
100
AcDbEntity
  8
0
 62
7
100
AcDbSpline
 70
8
 71
3
 72
8
 73
4
 74
0
 40
0
 40
0
 40
0
 40
0
 40
1
 40
1
 40
1
 40
1
 10
189.488280
 20
177.948607
 30
0.0
 10
189.511760
 20
177.892842
 30
0.0
 10
189.566443
 20
177.856641
 30
0.0
 10
189.626950
 20
177.856807
 30
0.0
  0
LWPOLYLINE
  5
1f5
100
AcDbEntity
  8
0
 62
7
100
AcDbPolyline
 90
2
 70
0
 10
188.939450
 20
179.263060
 30
0.0
 10
189.488280
 20
177.948607
 30
0.0
  0
SPLINE
  5
1f6
100
AcDbEntity
  8
0
 62
7
100
AcDbSpline
 70
8
 71
3
 72
8
 73
4
 74
0
 40
0
 40
0
 40
0
 40
0
 40
1
 40
1
 40
1
 40
1
 10
189.921870
 20
177.856807
 30
0.0
 10
189.982380
 20
177.856637
 30
0.0
 10
190.037068
 20
177.892838
 30
0.0
 10
190.060550
 20
177.948607
 30
0.0
  0
LWPOLYLINE
  5
1f7
100
AcDbEntity
  8
0
 62
7
100
AcDbPolyline
 90
2
 70
0
 10
189.626950
 20
177.856807
 30
0.0
 10
189.921870
 20
177.856807
 30
0.0
  0
SPLINE
  5
1f8
100
AcDbEntity
  8
0
 62
7
100
AcDbSpline
 70
8
 71
3
 72
8
 73
4
 74
0
 40
0
 40
0
 40
0
 40
0
 40
1
 40
1
 40
1
 40
1
 10
190.630860
 20
178.007200
 30
0.0
 10
190.630760
 20
177.967283
 30
0.0
 10
190.646572
 20
177.928973
 30
0.0
 10
190.674798
 20
177.900747
 30
0.0
  0
SPLINE
  5
1f9
100
AcDbEntity
  8
0
 62
7
100
AcDbSpline
 70
8
 71
3
 72
8
 73
4
 74
0
 40
0
 40
0
 40
0
 40
0
 40
1
 40
1
 40
1
 40
1
 10
190.674798
 20
177.900747
 30
0.0
 10
190.703023
 20
177.872522
 30
0.0
 10
190.741333
 20
177.856709
 30
0.0
 10
190.781250
 20
177.856809
 30
0.0
  0
LWPOLYLINE
  5
1fa
100
AcDbEntity
  8
0
 62
7
100
AcDbPolyline
 90
3
 70
0
 10
190.060550
 20
177.948607
 30
0.0
 10
190.630860
 20
179.319700
 30
0.0
 10
190.630860
 20
178.007200
 30
0.0
  0
SPLINE
  5
1fb
100
AcDbEntity
  8
0
 62
7
100
AcDbSpline
 70
8
 71
3
 72
8
 73
4
 74
0
 40
0
 40
0
 40
0
 40
0
 40
1
 40
1
 40
1
 40
1
 10
191.878910
 20
177.856809
 30
0.0
 10
191.918827
 20
177.856709
 30
0.0
 10
191.957137
 20
177.872522
 30
0.0
 10
191.985362
 20
177.900747
 30
0.0
  0
SPLINE
  5
1fc
100
AcDbEntity
  8
0
 62
7
100
AcDbSpline
 70
8
 71
3
 72
8
 73
4
 74
0
 40
0
 40
0
 40
0
 40
0
 40
1
 40
1
 40
1
 40
1
 10
191.985362
 20
177.900747
 30
0.0
 10
192.013588
 20
177.928973
 30
0.0
 10
192.029400
 20
177.967283
 30
0.0
 10
192.029300
 20
178.007200
 30
0.0
  0
LWPOLYLINE
  5
1fd
100
AcDbEntity
  8
0
 62
7
100
AcDbPolyline
 90
2
 70
0
 10
190.781250
 20
177.856809
 30
0.0
 10
191.878910
 20
177.856809
 30
0.0
  0
SPLINE
  5
1fe
100
AcDbEntity
  8
0
 62
7
100
AcDbSpline
 70
8
 71
3
 72
8
 73
4
 74
0
 40
0
 40
0
 40
0
 40
0
 40
1
 40
1
 40
1
 40
1
 10
192.029300
 20
178.179075
 30
0.0
 10
192.029400
 20
178.218992
 30
0.0
 10
192.013588
 20
178.257302
 30
0.0
 10
191.985362
 20
178.285528
 30
0.0
  0
SPLINE
  5
1ff
100
AcDbEntity
  8
0
 62
7
100
AcDbSpline
 70
8
 71
3
 72
8
 73
4
 74
0
 40
0
 40
0
 40
0
 40
0
 40
1
 40
1
 40
1
 40
1
 10
191.985362
 20
178.285528
 30
0.0
 10
191.957137
 20
178.313753
 30
0.0
 10
191.918827
 20
178.329566
 30
0.0
 10
191.878910
 20
178.329466
 30
0.0
  0
LWPOLYLINE
  5
200
100
AcDbEntity
  8
0
 62
7
100
AcDbPolyline
 90
2
 70
0
 10
192.029300
 20
178.007200
 30
0.0
 10
192.029300
 20
178.179075
 30
0.0
  0
SPLINE
  5
201
100
AcDbEntity
  8
0
 62
7
100
AcDbSpline
 70
8
 71
3
 72
8
 73
4
 74
0
 40
0
 40
0
 40
0
 40
0
 40
1
 40
1
 40
1
 40
1
 10
191.878910
 20
178.569700
 30
0.0
 10
191.961295
 20
178.569490
 30
0.0
 10
192.028434
 20
178.635757
 30
0.0
 10
192.029300
 20
178.718138
 30
0.0
  0
LWPOLYLINE
  5
202
100
AcDbEntity
  8
0
 62
7
100
AcDbPolyline
 90
4
 70
0
 10
191.878910
 20
178.329466
 30
0.0
 10
191.152340
 20
178.329466
 30
0.0
 10
191.152340
 20
178.569700
 30
0.0
 10
191.878910
 20
178.569700
 30
0.0
  0
SPLINE
  5
203
100
AcDbEntity
  8
0
 62
7
100
AcDbSpline
 70
8
 71
3
 72
8
 73
4
 74
0
 40
0
 40
0
 40
0
 40
0
 40
1
 40
1
 40
1
 40
1
 10
192.029300
 20
178.890013
 30
0.0
 10
192.029400
 20
178.929929
 30
0.0
 10
192.013587
 20
178.968240
 30
0.0
 10
191.985362
 20
178.996465
 30
0.0
  0
SPLINE
  5
204
100
AcDbEntity
  8
0
 62
7
100
AcDbSpline
 70
8
 71
3
 72
8
 73
4
 74
0
 40
0
 40
0
 40
0
 40
0
 40
1
 40
1
 40
1
 40
1
 10
191.985362
 20
178.996465
 30
0.0
 10
191.957137
 20
179.024690
 30
0.0
 10
191.918826
 20
179.040503
 30
0.0
 10
191.878910
 20
179.040403
 30
0.0
  0
LWPOLYLINE
  5
205
100
AcDbEntity
  8
0
 62
7
100
AcDbPolyline
 90
2
 70
0
 10
192.029300
 20
178.718138
 30
0.0
 10
192.029300
 20
178.890013
 30
0.0
  0
SPLINE
  5
206
100
AcDbEntity
  8
0
 62
7
100
AcDbSpline
 70
8
 71
3
 72
8
 73
4
 74
0
 40
0
 40
0
 40
0
 40
0
 40
1
 40
1
 40
1
 40
1
 10
191.878910
 20
179.140013
 30
0.0
 10
191.918826
 20
179.139913
 30
0.0
 10
191.957137
 20
179.155726
 30
0.0
 10
191.985362
 20
179.183951
 30
0.0
  0
SPLINE
  5
207
100
AcDbEntity
  8
0
 62
7
100
AcDbSpline
 70
8
 71
3
 72
8
 73
4
 74
0
 40
0
 40
0
 40
0
 40
0
 40
1
 40
1
 40
1
 40
1
 10
191.985362
 20
179.183951
 30
0.0
 10
192.013587
 20
179.212176
 30
0.0
 10
192.029400
 20
179.250487
 30
0.0
 10
192.029300
 20
179.290403
 30
0.0
  0
LWPOLYLINE
  5
208
100
AcDbEntity
  8
0
 62
7
100
AcDbPolyline
 90
4
 70
0
 10
191.878910
 20
179.040403
 30
0.0
 10
191.152340
 20
179.040403
 30
0.0
 10
191.152340
 20
179.140013
 30
0.0
 10
191.878910
 20
179.140013
 30
0.0
  0
SPLINE
  5
209
100
AcDbEntity
  8
0
 62
7
100
AcDbSpline
 70
8
 71
3
 72
8
 73
4
 74
0
 40
0
 40
0
 40
0
 40
0
 40
1
 40
1
 40
1
 40
1
 10
192.029300
 20
179.462278
 30
0.0
 10
192.028434
 20
179.544659
 30
0.0
 10
191.961295
 20
179.610926
 30
0.0
 10
191.878910
 20
179.610716
 30
0.0
  0
LWPOLYLINE
  5
20a
100
AcDbEntity
  8
0
 62
7
100
AcDbPolyline
 90
2
 70
0
 10
192.029300
 20
179.290403
 30
0.0
 10
192.029300
 20
179.462278
 30
0.0
  0
SPLINE
  5
20b
100
AcDbEntity
  8
0
 62
7
100
AcDbSpline
 70
8
 71
3
 72
8
 73
4
 74
0
 40
0
 40
0
 40
0
 40
0
 40
1
 40
1
 40
1
 40
1
 10
190.781250
 20
179.610716
 30
0.0
 10
190.698865
 20
179.610926
 30
0.0
 10
190.631726
 20
179.544659
 30
0.0
 10
190.630860
 20
179.462278
 30
0.0
  0
LWPOLYLINE
  5
20c
100
AcDbEntity
  8
0
 62
7
100
AcDbPolyline
 90
2
 70
0
 10
191.878910
 20
179.610716
 30
0.0
 10
190.781250
 20
179.610716
 30
0.0
  0
SPLINE
  5
20d
100
AcDbEntity
  8
0
 62
7
100
AcDbSpline
 70
8
 71
3
 72
8
 73
4
 74
0
 40
0
 40
0
 40
0
 40
0
 40
1
 40
1
 40
1
 40
1
 10
190.630860
 20
179.456378
 30
0.0
 10
190.636191
 20
179.525562
 30
0.0
 10
190.593379
 20
179.589374
 30
0.0
 10
190.527340
 20
179.610675
 30
0.0
  0
LWPOLYLINE
  5
20e
100
AcDbEntity
  8
0
 62
7
100
AcDbPolyline
 90
2
 70
0
 10
190.630860
 20
179.462278
 30
0.0
 10
190.630860
 20
179.456378
 30
0.0
  0
SPLINE
  5
20f
100
AcDbEntity
  8
0
 62
7
100
AcDbSpline
 70
8
 71
3
 72
8
 73
4
 74
0
 40
0
 40
0
 40
0
 40
0
 40
1
 40
1
 40
1
 40
1
 10
190.302730
 20
179.610675
 30
0.0
 10
190.242223
 20
179.610841
 30
0.0
 10
190.187540
 20
179.574640
 30
0.0
 10
190.164060
 20
179.518875
 30
0.0
  0
LWPOLYLINE
  5
210
100
AcDbEntity
  8
0
 62
7
100
AcDbPolyline
 90
2
 70
0
 10
190.527340
 20
179.610675
 30
0.0
 10
190.302730
 20
179.610675
 30
0.0
  0
SPLINE
  5
211
100
AcDbEntity
  8
0
 62
7
100
AcDbSpline
 70
8
 71
3
 72
8
 73
4
 74
0
 40
0
 40
0
 40
0
 40
0
 40
1
 40
1
 40
1
 40
1
 10
189.396480
 20
179.518875
 30
0.0
 10
189.373000
 20
179.574640
 30
0.0
 10
189.318317
 20
179.610841
 30
0.0
 10
189.257810
 20
179.610675
 30
0.0
  0
LWPOLYLINE
  5
212
100
AcDbEntity
  8
0
 62
7
100
AcDbPolyline
 90
3
 70
0
 10
190.164060
 20
179.518875
 30
0.0
 10
189.779300
 20
178.579422
 30
0.0
 10
189.396480
 20
179.518875
 30
0.0
  0
SPLINE
  5
213
100
AcDbEntity
  8
0
 62
7
100
AcDbSpline
 70
8
 71
3
 72
8
 73
4
 74
0
 40
0
 40
0
 40
0
 40
0
 40
1
 40
1
 40
1
 40
1
 10
189.019530
 20
179.610675
 30
0.0
 10
188.980421
 20
179.587648
 30
0.0
 10
188.953840
 20
179.548153
 30
0.0
 10
188.947230
 20
179.503253
 30
0.0
  0
SPLINE
  5
214
100
AcDbEntity
  8
0
 62
7
100
AcDbSpline
 70
8
 71
3
 72
8
 73
4
 74
0
 40
0
 40
0
 40
0
 40
0
 40
1
 40
1
 40
1
 40
1
 10
188.947230
 20
179.503253
 30
0.0
 10
188.933201
 20
179.556394
 30
0.0
 10
188.891235
 20
179.597608
 30
0.0
 10
188.837850
 20
179.610675
 30
0.0
  0
LWPOLYLINE
  5
215
100
AcDbEntity
  8
0
 62
7
100
AcDbPolyline
 90
2
 70
0
 10
189.257810
 20
179.610675
 30
0.0
 10
189.019530
 20
179.610675
 30
0.0
  0
SPLINE
  5
216
100
AcDbEntity
  8
0
 62
7
100
AcDbSpline
 70
8
 71
3
 72
8
 73
4
 74
0
 40
0
 40
0
 40
0
 40
0
 40
1
 40
1
 40
1
 40
1
 10
188.179650
 20
179.610675
 30
0.0
 10
188.097265
 20
179.610885
 30
0.0
 10
188.030126
 20
179.544618
 30
0.0
 10
188.029260
 20
179.462237
 30
0.0
  0
LWPOLYLINE
  5
217
100
AcDbEntity
  8
0
 62
7
100
AcDbPolyline
 90
2
 70
0
 10
188.837850
 20
179.610675
 30
0.0
 10
188.179650
 20
179.610675
 30
0.0
  0
SPLINE
  5
218
100
AcDbEntity
  8
0
 62
7
100
AcDbSpline
 70
8
 71
3
 72
8
 73
4
 74
0
 40
0
 40
0
 40
0
 40
0
 40
1
 40
1
 40
1
 40
1
 10
188.029260
 20
179.311847
 30
0.0
 10
188.030126
 20
179.229466
 30
0.0
 10
188.097265
 20
179.163199
 30
0.0
 10
188.179650
 20
179.163409
 30
0.0
  0
LWPOLYLINE
  5
219
100
AcDbEntity
  8
0
 62
7
100
AcDbPolyline
 90
2
 70
0
 10
188.029260
 20
179.462237
 30
0.0
 10
188.029260
 20
179.311847
 30
0.0
  0
SPLINE
  5
21a
100
AcDbEntity
  8
0
 62
7
100
AcDbSpline
 70
8
 71
3
 72
8
 73
4
 74
0
 40
0
 40
0
 40
0
 40
0
 40
1
 40
1
 40
1
 40
1
 10
188.179650
 20
178.305987
 30
0.0
 10
188.121902
 20
178.293609
 30
0.0
 10
188.076791
 20
178.248500
 30
0.0
 10
188.064410
 20
178.190753
 30
0.0
  0
LWPOLYLINE
  5
21b
100
AcDbEntity
  8
0
 62
7
100
AcDbPolyline
 90
4
 70
0
 10
188.179650
 20
179.163409
 30
0.0
 10
188.248050
 20
179.163409
 30
0.0
 10
188.248050
 20
178.305987
 30
0.0
 10
188.179650
 20
178.305987
 30
0.0
  0
SPLINE
  5
21c
100
AcDbEntity
  8
0
 62
7
100
AcDbSpline
 70
8
 71
3
 72
8
 73
4
 74
0
 40
0
 40
0
 40
0
 40
0
 40
1
 40
1
 40
1
 40
1
 10
187.640580
 20
178.620440
 30
0.0
 10
187.682980
 20
178.650370
 30
0.0
 10
187.737980
 20
178.665520
 30
0.0
 10
187.771440
 20
178.704420
 30
0.0
  0
SPLINE
  5
21d
100
AcDbEntity
  8
0
 62
7
100
AcDbSpline
 70
8
 71
3
 72
8
 73
4
 74
0
 40
0
 40
0
 40
0
 40
0
 40
1
 40
1
 40
1
 40
1
 10
187.771440
 20
178.704420
 30
0.0
 10
187.855440
 20
178.803140
 30
0.0
 10
187.898400
 20
178.932118
 30
0.0
 10
187.898400
 20
179.065748
 30
0.0
  0
SPLINE
  5
21e
100
AcDbEntity
  8
0
 62
7
100
AcDbSpline
 70
8
 71
3
 72
8
 73
4
 74
0
 40
0
 40
0
 40
0
 40
0
 40
1
 40
1
 40
1
 40
1
 10
187.898400
 20
179.065748
 30
0.0
 10
187.898400
 20
179.165378
 30
0.0
 10
187.875000
 20
179.261286
 30
0.0
 10
187.820300
 20
179.341138
 30
0.0
  0
SPLINE
  5
21f
100
AcDbEntity
  8
0
 62
7
100
AcDbSpline
 70
8
 71
3
 72
8
 73
4
 74
0
 40
0
 40
0
 40
0
 40
0
 40
1
 40
1
 40
1
 40
1
 10
187.820300
 20
179.341138
 30
0.0
 10
187.772300
 20
179.412918
 30
0.0
 10
187.706560
 20
179.472322
 30
0.0
 10
187.628900
 20
179.514967
 30
0.0
  0
SPLINE
  5
220
100
AcDbEntity
  8
0
 62
7
100
AcDbSpline
 70
8
 71
3
 72
8
 73
4
 74
0
 40
0
 40
0
 40
0
 40
0
 40
1
 40
1
 40
1
 40
1
 10
187.628900
 20
179.514967
 30
0.0
 10
187.559600
 20
179.552757
 30
0.0
 10
187.481460
 20
179.577587
 30
0.0
 10
187.400380
 20
179.591137
 30
0.0
  0
LWPOLYLINE
  5
221
100
AcDbEntity
  8
0
 62
7
100
AcDbPolyline
 90
2
 70
0
 10
188.064410
 20
178.190753
 30
0.0
 10
187.640580
 20
178.620440
 30
0.0
  0
SPLINE
  5
222
100
AcDbEntity
  8
0
 62
7
100
AcDbSpline
 70
8
 71
3
 72
8
 73
4
 74
0
 40
0
 40
0
 40
0
 40
0
 40
1
 40
1
 40
1
 40
1
 10
187.398380
 20
179.591137
 30
0.0
 10
187.319080
 20
179.604837
 30
0.0
 10
187.228770
 20
179.610667
 30
0.0
 10
187.122990
 20
179.610667
 30
0.0
  0
LWPOLYLINE
  5
223
100
AcDbEntity
  8
0
 62
7
100
AcDbPolyline
 90
2
 70
0
 10
187.400380
 20
179.591137
 30
0.0
 10
187.398380
 20
179.591137
 30
0.0
  0
SPLINE
  5
224
100
AcDbEntity
  8
0
 62
7
100
AcDbSpline
 70
8
 71
3
 72
8
 73
4
 74
0
 40
0
 40
0
 40
0
 40
0
 40
1
 40
1
 40
1
 40
1
 10
192.230470
 20
179.610639
 30
0.0
 10
192.148085
 20
179.610849
 30
0.0
 10
192.080946
 20
179.544582
 30
0.0
 10
192.080080
 20
179.462201
 30
0.0
  0
LWPOLYLINE
  5
225
100
AcDbEntity
  8
0
 62
7
100
AcDbPolyline
 90
2
 70
0
 10
187.122990
 20
179.610667
 30
0.0
 10
186.656250
 20
179.610639
 30
0.0
  0
SPLINE
  5
226
100
AcDbEntity
  8
0
 62
7
100
AcDbSpline
 70
8
 71
3
 72
8
 73
4
 74
0
 40
0
 40
0
 40
0
 40
0
 40
1
 40
1
 40
1
 40
1
 10
192.080080
 20
178.007200
 30
0.0
 10
192.079980
 20
177.967283
 30
0.0
 10
192.095792
 20
177.928973
 30
0.0
 10
192.124018
 20
177.900747
 30
0.0
  0
SPLINE
  5
227
100
AcDbEntity
  8
0
 62
7
100
AcDbSpline
 70
8
 71
3
 72
8
 73
4
 74
0
 40
0
 40
0
 40
0
 40
0
 40
1
 40
1
 40
1
 40
1
 10
192.124018
 20
177.900747
 30
0.0
 10
192.152243
 20
177.872522
 30
0.0
 10
192.190553
 20
177.856709
 30
0.0
 10
192.230470
 20
177.856809
 30
0.0
  0
LWPOLYLINE
  5
228
100
AcDbEntity
  8
0
 62
7
100
AcDbPolyline
 90
2
 70
0
 10
192.080080
 20
179.462201
 30
0.0
 10
192.080080
 20
178.007200
 30
0.0
  0
SPLINE
  5
229
100
AcDbEntity
  8
0
 62
7
100
AcDbSpline
 70
8
 71
3
 72
8
 73
4
 74
0
 40
0
 40
0
 40
0
 40
0
 40
1
 40
1
 40
1
 40
1
 10
192.451170
 20
177.856809
 30
0.0
 10
192.491087
 20
177.856709
 30
0.0
 10
192.529397
 20
177.872522
 30
0.0
 10
192.557622
 20
177.900747
 30
0.0
  0
SPLINE
  5
22a
100
AcDbEntity
  8
0
 62
7
100
AcDbSpline
 70
8
 71
3
 72
8
 73
4
 74
0
 40
0
 40
0
 40
0
 40
0
 40
1
 40
1
 40
1
 40
1
 10
192.557622
 20
177.900747
 30
0.0
 10
192.585848
 20
177.928973
 30
0.0
 10
192.601660
 20
177.967283
 30
0.0
 10
192.601560
 20
178.007200
 30
0.0
  0
LWPOLYLINE
  5
22b
100
AcDbEntity
  8
0
 62
7
100
AcDbPolyline
 90
2
 70
0
 10
192.230470
 20
177.856809
 30
0.0
 10
192.451170
 20
177.856809
 30
0.0
  0
SPLINE
  5
22c
100
AcDbEntity
  8
0
 62
7
100
AcDbSpline
 70
8
 71
3
 72
8
 73
4
 74
0
 40
0
 40
0
 40
0
 40
0
 40
1
 40
1
 40
1
 40
1
 10
193.212880
 20
177.903684
 30
0.0
 10
193.241319
 20
177.873649
 30
0.0
 10
193.280898
 20
177.856690
 30
0.0
 10
193.322260
 20
177.856814
 30
0.0
  0
LWPOLYLINE
  5
22d
100
AcDbEntity
  8
0
 62
7
100
AcDbPolyline
 90
4
 70
0
 10
192.601560
 20
178.007200
 30
0.0
 10
192.601560
 20
178.434934
 30
0.0
 10
192.701160
 20
178.434934
 30
0.0
 10
193.212880
 20
177.903684
 30
0.0
  0
SPLINE
  5
22e
100
AcDbEntity
  8
0
 62
7
100
AcDbSpline
 70
8
 71
3
 72
8
 73
4
 74
0
 40
0
 40
0
 40
0
 40
0
 40
1
 40
1
 40
1
 40
1
 10
193.609360
 20
177.856814
 30
0.0
 10
193.669824
 20
177.857151
 30
0.0
 10
193.724175
 20
177.893754
 30
0.0
 10
193.747218
 20
177.949655
 30
0.0
  0
SPLINE
  5
22f
100
AcDbEntity
  8
0
 62
7
100
AcDbSpline
 70
8
 71
3
 72
8
 73
4
 74
0
 40
0
 40
0
 40
0
 40
0
 40
1
 40
1
 40
1
 40
1
 10
193.747218
 20
177.949655
 30
0.0
 10
193.770261
 20
178.005556
 30
0.0
 10
193.757492
 20
178.069827
 30
0.0
 10
193.714830
 20
178.112674
 30
0.0
  0
LWPOLYLINE
  5
230
100
AcDbEntity
  8
0
 62
7
100
AcDbPolyline
 90
2
 70
0
 10
193.322260
 20
177.856814
 30
0.0
 10
193.609360
 20
177.856814
 30
0.0
  0
SPLINE
  5
231
100
AcDbEntity
  8
0
 62
7
100
AcDbSpline
 70
8
 71
3
 72
8
 73
4
 74
0
 40
0
 40
0
 40
0
 40
0
 40
1
 40
1
 40
1
 40
1
 10
193.214830
 20
178.620486
 30
0.0
 10
193.257230
 20
178.650416
 30
0.0
 10
193.312230
 20
178.665576
 30
0.0
 10
193.345690
 20
178.704466
 30
0.0
  0
SPLINE
  5
232
100
AcDbEntity
  8
0
 62
7
100
AcDbSpline
 70
8
 71
3
 72
8
 73
4
 74
0
 40
0
 40
0
 40
0
 40
0
 40
1
 40
1
 40
1
 40
1
 10
193.345690
 20
178.704466
 30
0.0
 10
193.429690
 20
178.803186
 30
0.0
 10
193.472650
 20
178.932164
 30
0.0
 10
193.472650
 20
179.065794
 30
0.0
  0
SPLINE
  5
233
100
AcDbEntity
  8
0
 62
7
100
AcDbSpline
 70
8
 71
3
 72
8
 73
4
 74
0
 40
0
 40
0
 40
0
 40
0
 40
1
 40
1
 40
1
 40
1
 10
193.472650
 20
179.065794
 30
0.0
 10
193.472650
 20
179.165424
 30
0.0
 10
193.449250
 20
179.261332
 30
0.0
 10
193.394550
 20
179.341184
 30
0.0
  0
SPLINE
  5
234
100
AcDbEntity
  8
0
 62
7
100
AcDbSpline
 70
8
 71
3
 72
8
 73
4
 74
0
 40
0
 40
0
 40
0
 40
0
 40
1
 40
1
 40
1
 40
1
 10
193.394550
 20
179.341184
 30
0.0
 10
193.346550
 20
179.412864
 30
0.0
 10
193.280720
 20
179.472371
 30
0.0
 10
193.203140
 20
179.515013
 30
0.0
  0
LWPOLYLINE
  5
235
100
AcDbEntity
  8
0
 62
7
100
AcDbPolyline
 90
2
 70
0
 10
193.714830
 20
178.112674
 30
0.0
 10
193.214830
 20
178.620486
 30
0.0
  0
SPLINE
  5
236
100
AcDbEntity
  8
0
 62
7
100
AcDbSpline
 70
8
 71
3
 72
8
 73
4
 74
0
 40
0
 40
0
 40
0
 40
0
 40
1
 40
1
 40
1
 40
1
 10
193.201140
 20
179.515013
 30
0.0
 10
193.131840
 20
179.552803
 30
0.0
 10
193.055650
 20
179.577633
 30
0.0
 10
192.974580
 20
179.591183
 30
0.0
  0
LWPOLYLINE
  5
237
100
AcDbEntity
  8
0
 62
7
100
AcDbPolyline
 90
2
 70
0
 10
193.203140
 20
179.515013
 30
0.0
 10
193.201140
 20
179.515013
 30
0.0
  0
SPLINE
  5
238
100
AcDbEntity
  8
0
 62
7
100
AcDbSpline
 70
8
 71
3
 72
8
 73
4
 74
0
 40
0
 40
0
 40
0
 40
0
 40
1
 40
1
 40
1
 40
1
 10
192.972580
 20
179.591183
 30
0.0
 10
192.893280
 20
179.604883
 30
0.0
 10
192.802970
 20
179.610713
 30
0.0
 10
192.697190
 20
179.610713
 30
0.0
  0
LWPOLYLINE
  5
239
100
AcDbEntity
  8
0
 62
7
100
AcDbPolyline
 90
2
 70
0
 10
192.974580
 20
179.591183
 30
0.0
 10
192.972580
 20
179.591183
 30
0.0
  0
LWPOLYLINE
  5
23a
100
AcDbEntity
  8
0
 62
7
100
AcDbPolyline
 90
2
 70
0
 10
192.697190
 20
179.610713
 30
0.0
 10
192.230470
 20
179.610639
 30
0.0
  0
SPLINE
  5
23b
100
AcDbEntity
  8
0
 62
7
100
AcDbSpline
 70
8
 71
3
 72
8
 73
4
 74
0
 40
0
 40
0
 40
0
 40
0
 40
1
 40
1
 40
1
 40
1
 10
165.443450
 20
179.302011
 30
0.0
 10
165.418932
 20
179.301984
 30
0.0
 10
165.394795
 20
179.295948
 30
0.0
 10
165.373150
 20
179.284431
 30
0.0
  0
LWPOLYLINE
  5
23c
100
AcDbEntity
  8
0
 62
7
100
AcDbPolyline
 90
3
 70
0
 10
165.373050
 20
179.311811
 30
0.0
 10
165.437450
 20
179.311811
 30
0.0
 10
165.443450
 20
179.302011
 30
0.0
  0
LWPOLYLINE
  5
23d
100
AcDbEntity
  8
0
 62
7
100
AcDbPolyline
 90
2
 70
0
 10
165.373150
 20
179.284431
 30
0.0
 10
165.373050
 20
179.311811
 30
0.0
  0
SPLINE
  5
23e
100
AcDbEntity
  8
0
 62
7
100
AcDbSpline
 70
8
 71
3
 72
8
 73
4
 74
0
 40
0
 40
0
 40
0
 40
0
 40
1
 40
1
 40
1
 40
1
 10
166.558630
 20
179.280561
 30
0.0
 10
166.535824
 20
179.292714
 30
0.0
 10
166.510265
 20
179.298770
 30
0.0
 10
166.484430
 20
179.298141
 30
0.0
  0
LWPOLYLINE
  5
23f
100
AcDbEntity
  8
0
 62
7
100
AcDbPolyline
 90
3
 70
0
 10
166.490230
 20
179.311811
 30
0.0
 10
166.558630
 20
179.311811
 30
0.0
 10
166.558630
 20
179.280561
 30
0.0
  0
LWPOLYLINE
  5
240
100
AcDbEntity
  8
0
 62
7
100
AcDbPolyline
 90
2
 70
0
 10
166.484430
 20
179.298141
 30
0.0
 10
166.490230
 20
179.311811
 30
0.0
  0
SPLINE
  5
241
100
AcDbEntity
  8
0
 62
7
100
AcDbSpline
 70
8
 71
3
 72
8
 73
4
 74
0
 40
0
 40
0
 40
0
 40
0
 40
1
 40
1
 40
1
 40
1
 10
168.824410
 20
179.302011
 30
0.0
 10
168.799892
 20
179.301984
 30
0.0
 10
168.775755
 20
179.295948
 30
0.0
 10
168.754110
 20
179.284431
 30
0.0
  0
LWPOLYLINE
  5
242
100
AcDbEntity
  8
0
 62
7
100
AcDbPolyline
 90
3
 70
0
 10
168.753910
 20
179.311811
 30
0.0
 10
168.818410
 20
179.311811
 30
0.0
 10
168.824410
 20
179.302011
 30
0.0
  0
LWPOLYLINE
  5
243
100
AcDbEntity
  8
0
 62
7
100
AcDbPolyline
 90
2
 70
0
 10
168.754110
 20
179.284431
 30
0.0
 10
168.753910
 20
179.311811
 30
0.0
  0
SPLINE
  5
244
100
AcDbEntity
  8
0
 62
7
100
AcDbSpline
 70
8
 71
3
 72
8
 73
4
 74
0
 40
0
 40
0
 40
0
 40
0
 40
1
 40
1
 40
1
 40
1
 10
169.937490
 20
179.280561
 30
0.0
 10
169.915249
 20
179.292400
 30
0.0
 10
169.890384
 20
179.298446
 30
0.0
 10
169.865190
 20
179.298141
 30
0.0
  0
LWPOLYLINE
  5
245
100
AcDbEntity
  8
0
 62
7
100
AcDbPolyline
 90
3
 70
0
 10
169.871090
 20
179.311811
 30
0.0
 10
169.937490
 20
179.311811
 30
0.0
 10
169.937490
 20
179.280561
 30
0.0
  0
LWPOLYLINE
  5
246
100
AcDbEntity
  8
0
 62
7
100
AcDbPolyline
 90
2
 70
0
 10
169.865190
 20
179.298141
 30
0.0
 10
169.871090
 20
179.311811
 30
0.0
  0
SPLINE
  5
247
100
AcDbEntity
  8
0
 62
7
100
AcDbSpline
 70
8
 71
3
 72
8
 73
4
 74
0
 40
0
 40
0
 40
0
 40
0
 40
1
 40
1
 40
1
 40
1
 10
174.474610
 20
179.216071
 30
0.0
 10
174.472666
 20
179.218093
 30
0.0
 10
174.470665
 20
179.220061
 30
0.0
 10
174.468610
 20
179.221971
 30
0.0
  0
SPLINE
  5
248
100
AcDbEntity
  8
0
 62
7
100
AcDbSpline
 70
8
 71
3
 72
8
 73
4
 74
0
 40
0
 40
0
 40
0
 40
0
 40
1
 40
1
 40
1
 40
1
 10
174.468610
 20
179.221971
 30
0.0
 10
174.470610
 20
179.223371
 30
0.0
 10
174.472610
 20
179.224371
 30
0.0
 10
174.474610
 20
179.225871
 30
0.0
  0
LWPOLYLINE
  5
249
100
AcDbEntity
  8
0
 62
7
100
AcDbPolyline
 90
2
 70
0
 10
174.474610
 20
179.225871
 30
0.0
 10
174.474610
 20
179.216071
 30
0.0
  0
SPLINE
  5
24a
100
AcDbEntity
  8
0
 62
7
100
AcDbSpline
 70
8
 71
3
 72
8
 73
4
 74
0
 40
0
 40
0
 40
0
 40
0
 40
1
 40
1
 40
1
 40
1
 10
175.935550
 20
179.200481
 30
0.0
 10
176.009150
 20
179.200481
 30
0.0
 10
176.054730
 20
179.186571
 30
0.0
 10
176.085940
 20
179.165321
 30
0.0
  0
LWPOLYLINE
  5
24b
100
AcDbEntity
  8
0
 62
7
100
AcDbPolyline
 90
1
 70
1
 10
174.474610
 20
179.225871
 30
0.0
  0
SPLINE
  5
24c
100
AcDbEntity
  8
0
 62
7
100
AcDbSpline
 70
8
 71
3
 72
8
 73
4
 74
0
 40
0
 40
0
 40
0
 40
0
 40
1
 40
1
 40
1
 40
1
 10
176.087940
 20
179.163321
 30
0.0
 10
176.117240
 20
179.143891
 30
0.0
 10
176.113340
 20
179.147511
 30
0.0
 10
176.113340
 20
179.122301
 30
0.0
  0
SPLINE
  5
24d
100
AcDbEntity
  8
0
 62
7
100
AcDbSpline
 70
8
 71
3
 72
8
 73
4
 74
0
 40
0
 40
0
 40
0
 40
0
 40
1
 40
1
 40
1
 40
1
 10
176.113340
 20
179.122301
 30
0.0
 10
176.113340
 20
179.085151
 30
0.0
 10
176.107340
 20
179.061621
 30
0.0
 10
176.093840
 20
179.040271
 30
0.0
  0
SPLINE
  5
24e
100
AcDbEntity
  8
0
 62
7
100
AcDbSpline
 70
8
 71
3
 72
8
 73
4
 74
0
 40
0
 40
0
 40
0
 40
0
 40
1
 40
1
 40
1
 40
1
 10
176.093840
 20
179.040271
 30
0.0
 10
176.088840
 20
179.032271
 30
0.0
 10
176.057040
 20
179.011911
 30
0.0
 10
176.037240
 20
178.995351
 30
0.0
  0
SPLINE
  5
24f
100
AcDbEntity
  8
0
 62
7
100
AcDbSpline
 70
8
 71
3
 72
8
 73
4
 74
0
 40
0
 40
0
 40
0
 40
0
 40
1
 40
1
 40
1
 40
1
 10
176.037240
 20
178.995351
 30
0.0
 10
176.014040
 20
179.002451
 30
0.0
 10
175.991140
 20
179.008071
 30
0.0
 10
175.966940
 20
179.016831
 30
0.0
  0
SPLINE
  5
250
100
AcDbEntity
  8
0
 62
7
100
AcDbSpline
 70
8
 71
3
 72
8
 73
4
 74
0
 40
0
 40
0
 40
0
 40
0
 40
1
 40
1
 40
1
 40
1
 10
175.966940
 20
179.016831
 30
0.0
 10
175.917840
 20
179.034851
 30
0.0
 10
175.881040
 20
179.047921
 30
0.0
 10
175.857560
 20
179.057851
 30
0.0
  0
LWPOLYLINE
  5
251
100
AcDbEntity
  8
0
 62
7
100
AcDbPolyline
 90
2
 70
0
 10
176.085940
 20
179.165321
 30
0.0
 10
176.087940
 20
179.163321
 30
0.0
  0
SPLINE
  5
252
100
AcDbEntity
  8
0
 62
7
100
AcDbSpline
 70
8
 71
3
 72
8
 73
4
 74
0
 40
0
 40
0
 40
0
 40
0
 40
1
 40
1
 40
1
 40
1
 10
175.855560
 20
179.059851
 30
0.0
 10
175.809660
 20
179.080361
 30
0.0
 10
175.781760
 20
179.101371
 30
0.0
 10
175.771560
 20
179.112581
 30
0.0
  0
SPLINE
  5
253
100
AcDbEntity
  8
0
 62
7
100
AcDbSpline
 70
8
 71
3
 72
8
 73
4
 74
0
 40
0
 40
0
 40
0
 40
0
 40
1
 40
1
 40
1
 40
1
 10
175.771560
 20
179.112581
 30
0.0
 10
175.765560
 20
179.119281
 30
0.0
 10
175.765560
 20
179.120581
 30
0.0
 10
175.765560
 20
179.134061
 30
0.0
  0
SPLINE
  5
254
100
AcDbEntity
  8
0
 62
7
100
AcDbSpline
 70
8
 71
3
 72
8
 73
4
 74
0
 40
0
 40
0
 40
0
 40
0
 40
1
 40
1
 40
1
 40
1
 10
175.765560
 20
179.134061
 30
0.0
 10
175.765560
 20
179.155541
 30
0.0
 10
175.759560
 20
179.149541
 30
0.0
 10
175.787060
 20
179.167261
 30
0.0
  0
SPLINE
  5
255
100
AcDbEntity
  8
0
 62
7
100
AcDbSpline
 70
8
 71
3
 72
8
 73
4
 74
0
 40
0
 40
0
 40
0
 40
0
 40
1
 40
1
 40
1
 40
1
 10
175.787060
 20
179.167261
 30
0.0
 10
175.817660
 20
179.186701
 30
0.0
 10
175.863160
 20
179.200461
 30
0.0
 10
175.935500
 20
179.200461
 30
0.0
  0
LWPOLYLINE
  5
256
100
AcDbEntity
  8
0
 62
7
100
AcDbPolyline
 90
2
 70
0
 10
175.857560
 20
179.057851
 30
0.0
 10
175.855560
 20
179.059851
 30
0.0
  0
SPLINE
  5
257
100
AcDbEntity
  8
0
 62
7
100
AcDbSpline
 70
8
 71
3
 72
8
 73
4
 74
0
 40
0
 40
0
 40
0
 40
0
 40
1
 40
1
 40
1
 40
1
 10
177.394530
 20
179.179001
 30
0.0
 10
177.447530
 20
179.179001
 30
0.0
 10
177.479030
 20
179.170001
 30
0.0
 10
177.494130
 20
179.161421
 30
0.0
  0
LWPOLYLINE
  5
258
100
AcDbEntity
  8
0
 62
7
100
AcDbPolyline
 90
1
 70
1
 10
175.935500
 20
179.200461
 30
0.0
  0
SPLINE
  5
259
100
AcDbEntity
  8
0
 62
7
100
AcDbSpline
 70
8
 71
3
 72
8
 73
4
 74
0
 40
0
 40
0
 40
0
 40
0
 40
1
 40
1
 40
1
 40
1
 10
177.496130
 20
179.159421
 30
0.0
 10
177.515630
 20
179.148551
 30
0.0
 10
177.528530
 20
179.136341
 30
0.0
 10
177.543030
 20
179.108641
 30
0.0
  0
SPLINE
  5
25a
100
AcDbEntity
  8
0
 62
7
100
AcDbSpline
 70
8
 71
3
 72
8
 73
4
 74
0
 40
0
 40
0
 40
0
 40
0
 40
1
 40
1
 40
1
 40
1
 10
177.543030
 20
179.108641
 30
0.0
 10
177.559230
 20
179.078021
 30
0.0
 10
177.574830
 20
179.032951
 30
0.0
 10
177.582130
 20
178.973875
 30
0.0
  0
LWPOLYLINE
  5
25b
100
AcDbEntity
  8
0
 62
7
100
AcDbPolyline
 90
2
 70
0
 10
177.494130
 20
179.161421
 30
0.0
 10
177.496130
 20
179.159421
 30
0.0
  0
SPLINE
  5
25c
100
AcDbEntity
  8
0
 62
7
100
AcDbSpline
 70
8
 71
3
 72
8
 73
4
 74
0
 40
0
 40
0
 40
0
 40
0
 40
1
 40
1
 40
1
 40
1
 10
177.582130
 20
178.971875
 30
0.0
 10
177.591130
 20
178.907775
 30
0.0
 10
177.593830
 20
178.827634
 30
0.0
 10
177.593830
 20
178.733594
 30
0.0
  0
SPLINE
  5
25d
100
AcDbEntity
  8
0
 62
7
100
AcDbSpline
 70
8
 71
3
 72
8
 73
4
 74
0
 40
0
 40
0
 40
0
 40
0
 40
1
 40
1
 40
1
 40
1
 10
177.593830
 20
178.733594
 30
0.0
 10
177.593830
 20
178.638184
 30
0.0
 10
177.590830
 20
178.559623
 30
0.0
 10
177.582130
 20
178.497265
 30
0.0
  0
LWPOLYLINE
  5
25e
100
AcDbEntity
  8
0
 62
7
100
AcDbPolyline
 90
2
 70
0
 10
177.582130
 20
178.973875
 30
0.0
 10
177.582130
 20
178.971875
 30
0.0
  0
SPLINE
  5
25f
100
AcDbEntity
  8
0
 62
7
100
AcDbSpline
 70
8
 71
3
 72
8
 73
4
 74
0
 40
0
 40
0
 40
0
 40
0
 40
1
 40
1
 40
1
 40
1
 10
177.582130
 20
178.495265
 30
0.0
 10
177.575130
 20
178.437715
 30
0.0
 10
177.560330
 20
178.393386
 30
0.0
 10
177.543030
 20
178.358547
 30
0.0
  0
LWPOLYLINE
  5
260
100
AcDbEntity
  8
0
 62
7
100
AcDbPolyline
 90
2
 70
0
 10
177.582130
 20
178.497265
 30
0.0
 10
177.582130
 20
178.495265
 30
0.0
  0
SPLINE
  5
261
100
AcDbEntity
  8
0
 62
7
100
AcDbSpline
 70
8
 71
3
 72
8
 73
4
 74
0
 40
0
 40
0
 40
0
 40
0
 40
1
 40
1
 40
1
 40
1
 10
177.543030
 20
178.356547
 30
0.0
 10
177.529330
 20
178.328797
 30
0.0
 10
177.517030
 20
178.318117
 30
0.0
 10
177.498130
 20
178.307717
 30
0.0
  0
SPLINE
  5
262
100
AcDbEntity
  8
0
 62
7
100
AcDbSpline
 70
8
 71
3
 72
8
 73
4
 74
0
 40
0
 40
0
 40
0
 40
0
 40
1
 40
1
 40
1
 40
1
 10
177.498130
 20
178.307717
 30
0.0
 10
177.479930
 20
178.297717
 30
0.0
 10
177.446630
 20
178.288187
 30
0.0
 10
177.394610
 20
178.288187
 30
0.0
  0
SPLINE
  5
263
100
AcDbEntity
  8
0
 62
7
100
AcDbSpline
 70
8
 71
3
 72
8
 73
4
 74
0
 40
0
 40
0
 40
0
 40
0
 40
1
 40
1
 40
1
 40
1
 10
177.394610
 20
178.288187
 30
0.0
 10
177.337910
 20
178.288187
 30
0.0
 10
177.305810
 20
178.299097
 30
0.0
 10
177.291100
 20
178.307717
 30
0.0
  0
SPLINE
  5
264
100
AcDbEntity
  8
0
 62
7
100
AcDbSpline
 70
8
 71
3
 72
8
 73
4
 74
0
 40
0
 40
0
 40
0
 40
0
 40
1
 40
1
 40
1
 40
1
 10
177.291100
 20
178.307717
 30
0.0
 10
177.273100
 20
178.318887
 30
0.0
 10
177.259200
 20
178.331667
 30
0.0
 10
177.246200
 20
178.358497
 30
0.0
  0
LWPOLYLINE
  5
265
100
AcDbEntity
  8
0
 62
7
100
AcDbPolyline
 90
2
 70
0
 10
177.543030
 20
178.358547
 30
0.0
 10
177.543030
 20
178.356547
 30
0.0
  0
SPLINE
  5
266
100
AcDbEntity
  8
0
 62
7
100
AcDbSpline
 70
8
 71
3
 72
8
 73
4
 74
0
 40
0
 40
0
 40
0
 40
0
 40
1
 40
1
 40
1
 40
1
 10
177.246200
 20
178.360497
 30
0.0
 10
177.227900
 20
178.397407
 30
0.0
 10
177.213600
 20
178.441497
 30
0.0
 10
177.207100
 20
178.495262
 30
0.0
  0
SPLINE
  5
267
100
AcDbEntity
  8
0
 62
7
100
AcDbSpline
 70
8
 71
3
 72
8
 73
4
 74
0
 40
0
 40
0
 40
0
 40
0
 40
1
 40
1
 40
1
 40
1
 10
177.207100
 20
178.495262
 30
0.0
 10
177.200100
 20
178.554902
 30
0.0
 10
177.197100
 20
178.636018
 30
0.0
 10
177.197100
 20
178.733544
 30
0.0
  0
SPLINE
  5
268
100
AcDbEntity
  8
0
 62
7
100
AcDbSpline
 70
8
 71
3
 72
8
 73
4
 74
0
 40
0
 40
0
 40
0
 40
0
 40
1
 40
1
 40
1
 40
1
 10
177.197100
 20
178.733544
 30
0.0
 10
177.197100
 20
178.820434
 30
0.0
 10
177.201100
 20
178.897631
 30
0.0
 10
177.208800
 20
178.967919
 30
0.0
  0
LWPOLYLINE
  5
269
100
AcDbEntity
  8
0
 62
7
100
AcDbPolyline
 90
2
 70
0
 10
177.246200
 20
178.358497
 30
0.0
 10
177.246200
 20
178.360497
 30
0.0
  0
SPLINE
  5
26a
100
AcDbEntity
  8
0
 62
7
100
AcDbSpline
 70
8
 71
3
 72
8
 73
4
 74
0
 40
0
 40
0
 40
0
 40
0
 40
1
 40
1
 40
1
 40
1
 10
177.208800
 20
178.969919
 30
0.0
 10
177.216800
 20
179.033869
 30
0.0
 10
177.230500
 20
179.081108
 30
0.0
 10
177.244000
 20
179.106637
 30
0.0
  0
LWPOLYLINE
  5
26b
100
AcDbEntity
  8
0
 62
7
100
AcDbPolyline
 90
2
 70
0
 10
177.208800
 20
178.967919
 30
0.0
 10
177.208800
 20
178.969919
 30
0.0
  0
SPLINE
  5
26c
100
AcDbEntity
  8
0
 62
7
100
AcDbSpline
 70
8
 71
3
 72
8
 73
4
 74
0
 40
0
 40
0
 40
0
 40
0
 40
1
 40
1
 40
1
 40
1
 10
177.246000
 20
179.106637
 30
0.0
 10
177.261400
 20
179.136187
 30
0.0
 10
177.274000
 20
179.148857
 30
0.0
 10
177.292900
 20
179.159367
 30
0.0
  0
SPLINE
  5
26d
100
AcDbEntity
  8
0
 62
7
100
AcDbSpline
 70
8
 71
3
 72
8
 73
4
 74
0
 40
0
 40
0
 40
0
 40
0
 40
1
 40
1
 40
1
 40
1
 10
177.292900
 20
179.159367
 30
0.0
 10
177.311100
 20
179.169367
 30
0.0
 10
177.342400
 20
179.178897
 30
0.0
 10
177.394460
 20
179.178897
 30
0.0
  0
LWPOLYLINE
  5
26e
100
AcDbEntity
  8
0
 62
7
100
AcDbPolyline
 90
2
 70
0
 10
177.244000
 20
179.106637
 30
0.0
 10
177.246000
 20
179.106637
 30
0.0
  0
LWPOLYLINE
  5
26f
100
AcDbEntity
  8
0
 62
7
100
AcDbPolyline
 90
2
 70
0
 10
177.394460
 20
179.178897
 30
0.0
 10
177.394530
 20
179.179001
 30
0.0
  0
SPLINE
  5
270
100
AcDbEntity
  8
0
 62
7
100
AcDbSpline
 70
8
 71
3
 72
8
 73
4
 74
0
 40
0
 40
0
 40
0
 40
0
 40
1
 40
1
 40
1
 40
1
 10
172.058590
 20
179.145801
 30
0.0
 10
172.111690
 20
179.145801
 30
0.0
 10
172.154990
 20
179.141801
 30
0.0
 10
172.187500
 20
179.136001
 30
0.0
  0
LWPOLYLINE
  5
271
100
AcDbEntity
  8
0
 62
7
100
AcDbPolyline
 90
2
 70
0
 10
171.947270
 20
179.145801
 30
0.0
 10
172.058590
 20
179.145801
 30
0.0
  0
SPLINE
  5
272
100
AcDbEntity
  8
0
 62
7
100
AcDbSpline
 70
8
 71
3
 72
8
 73
4
 74
0
 40
0
 40
0
 40
0
 40
0
 40
1
 40
1
 40
1
 40
1
 10
172.189500
 20
179.136001
 30
0.0
 10
172.218600
 20
179.131301
 30
0.0
 10
172.238700
 20
179.122371
 30
0.0
 10
172.252000
 20
179.114521
 30
0.0
  0
LWPOLYLINE
  5
273
100
AcDbEntity
  8
0
 62
7
100
AcDbPolyline
 90
2
 70
0
 10
172.187500
 20
179.136001
 30
0.0
 10
172.189500
 20
179.136001
 30
0.0
  0
SPLINE
  5
274
100
AcDbEntity
  8
0
 62
7
100
AcDbSpline
 70
8
 71
3
 72
8
 73
4
 74
0
 40
0
 40
0
 40
0
 40
0
 40
1
 40
1
 40
1
 40
1
 10
172.254000
 20
179.114521
 30
0.0
 10
172.273200
 20
179.103561
 30
0.0
 10
172.276300
 20
179.097291
 30
0.0
 10
172.277400
 20
179.094991
 30
0.0
  0
LWPOLYLINE
  5
275
100
AcDbEntity
  8
0
 62
7
100
AcDbPolyline
 90
2
 70
0
 10
172.252000
 20
179.114521
 30
0.0
 10
172.254000
 20
179.114521
 30
0.0
  0
SPLINE
  5
276
100
AcDbEntity
  8
0
 62
7
100
AcDbSpline
 70
8
 71
3
 72
8
 73
4
 74
0
 40
0
 40
0
 40
0
 40
0
 40
1
 40
1
 40
1
 40
1
 10
172.279400
 20
179.091091
 30
0.0
 10
172.283400
 20
179.083191
 30
0.0
 10
172.287400
 20
179.073131
 30
0.0
 10
172.287400
 20
179.052031
 30
0.0
  0
SPLINE
  5
277
100
AcDbEntity
  8
0
 62
7
100
AcDbSpline
 70
8
 71
3
 72
8
 73
4
 74
0
 40
0
 40
0
 40
0
 40
0
 40
1
 40
1
 40
1
 40
1
 10
172.287400
 20
179.052031
 30
0.0
 10
172.287400
 20
179.012341
 30
0.0
 10
172.280400
 20
178.987331
 30
0.0
 10
172.275700
 20
178.977811
 30
0.0
  0
SPLINE
  5
278
100
AcDbEntity
  8
0
 62
7
100
AcDbSpline
 70
8
 71
3
 72
8
 73
4
 74
0
 40
0
 40
0
 40
0
 40
0
 40
1
 40
1
 40
1
 40
1
 10
172.275700
 20
178.977811
 30
0.0
 10
172.270700
 20
178.965971
 30
0.0
 10
172.262500
 20
178.953401
 30
0.0
 10
172.244500
 20
178.938751
 30
0.0
  0
SPLINE
  5
279
100
AcDbEntity
  8
0
 62
7
100
AcDbSpline
 70
8
 71
3
 72
8
 73
4
 74
0
 40
0
 40
0
 40
0
 40
0
 40
1
 40
1
 40
1
 40
1
 10
172.244500
 20
178.938751
 30
0.0
 10
172.227900
 20
178.925451
 30
0.0
 10
172.207100
 20
178.916421
 30
0.0
 10
172.174200
 20
178.909451
 30
0.0
  0
SPLINE
  5
27a
100
AcDbEntity
  8
0
 62
7
100
AcDbSpline
 70
8
 71
3
 72
8
 73
4
 74
0
 40
0
 40
0
 40
0
 40
0
 40
1
 40
1
 40
1
 40
1
 10
172.174200
 20
178.909451
 30
0.0
 10
172.134800
 20
178.901751
 30
0.0
 10
172.083800
 20
178.895781
 30
0.0
 10
172.021850
 20
178.895781
 30
0.0
  0
LWPOLYLINE
  5
27b
100
AcDbEntity
  8
0
 62
7
100
AcDbPolyline
 90
2
 70
0
 10
172.277400
 20
179.094991
 30
0.0
 10
172.279400
 20
179.091091
 30
0.0
  0
LWPOLYLINE
  5
27c
100
AcDbEntity
  8
0
 62
7
100
AcDbPolyline
 90
3
 70
0
 10
172.021850
 20
178.895781
 30
0.0
 10
171.947650
 20
178.895781
 30
0.0
 10
171.947270
 20
179.145801
 30
0.0
  0
SPLINE
  5
27d
100
AcDbEntity
  8
0
 62
7
100
AcDbSpline
 70
8
 71
3
 72
8
 73
4
 74
0
 40
0
 40
0
 40
0
 40
0
 40
1
 40
1
 40
1
 40
1
 10
181.148440
 20
179.145801
 30
0.0
 10
181.245040
 20
179.145801
 30
0.0
 10
181.326550
 20
179.139201
 30
0.0
 10
181.388670
 20
179.128221
 30
0.0
  0
SPLINE
  5
27e
100
AcDbEntity
  8
0
 62
7
100
AcDbSpline
 70
8
 71
3
 72
8
 73
4
 74
0
 40
0
 40
0
 40
0
 40
0
 40
1
 40
1
 40
1
 40
1
 10
181.388670
 20
179.128221
 30
0.0
 10
181.448470
 20
179.118201
 30
0.0
 10
181.504250
 20
179.099511
 30
0.0
 10
181.556640
 20
179.073531
 30
0.0
  0
SPLINE
  5
27f
100
AcDbEntity
  8
0
 62
7
100
AcDbSpline
 70
8
 71
3
 72
8
 73
4
 74
0
 40
0
 40
0
 40
0
 40
0
 40
1
 40
1
 40
1
 40
1
 10
181.556640
 20
179.073531
 30
0.0
 10
181.624840
 20
179.039581
 30
0.0
 10
181.667140
 20
179.000211
 30
0.0
 10
181.697270
 20
178.948531
 30
0.0
  0
SPLINE
  5
280
100
AcDbEntity
  8
0
 62
7
100
AcDbSpline
 70
8
 71
3
 72
8
 73
4
 74
0
 40
0
 40
0
 40
0
 40
0
 40
1
 40
1
 40
1
 40
1
 10
181.697270
 20
178.948531
 30
0.0
 10
181.726870
 20
178.897811
 30
0.0
 10
181.744170
 20
178.829590
 30
0.0
 10
181.744170
 20
178.735641
 30
0.0
  0
SPLINE
  5
281
100
AcDbEntity
  8
0
 62
7
100
AcDbSpline
 70
8
 71
3
 72
8
 73
4
 74
0
 40
0
 40
0
 40
0
 40
0
 40
1
 40
1
 40
1
 40
1
 10
181.744170
 20
178.735641
 30
0.0
 10
181.744170
 20
178.640821
 30
0.0
 10
181.727670
 20
178.572429
 30
0.0
 10
181.701170
 20
178.524703
 30
0.0
  0
SPLINE
  5
282
100
AcDbEntity
  8
0
 62
7
100
AcDbSpline
 70
8
 71
3
 72
8
 73
4
 74
0
 40
0
 40
0
 40
0
 40
0
 40
1
 40
1
 40
1
 40
1
 10
181.701170
 20
178.524703
 30
0.0
 10
181.674270
 20
178.475093
 30
0.0
 10
181.635870
 20
178.436073
 30
0.0
 10
181.574220
 20
178.401656
 30
0.0
  0
SPLINE
  5
283
100
AcDbEntity
  8
0
 62
7
100
AcDbSpline
 70
8
 71
3
 72
8
 73
4
 74
0
 40
0
 40
0
 40
0
 40
0
 40
1
 40
1
 40
1
 40
1
 10
181.574220
 20
178.401656
 30
0.0
 10
181.523320
 20
178.373216
 30
0.0
 10
181.466740
 20
178.352136
 30
0.0
 10
181.402340
 20
178.341106
 30
0.0
  0
SPLINE
  5
284
100
AcDbEntity
  8
0
 62
7
100
AcDbSpline
 70
8
 71
3
 72
8
 73
4
 74
0
 40
0
 40
0
 40
0
 40
0
 40
1
 40
1
 40
1
 40
1
 10
181.402340
 20
178.341106
 30
0.0
 10
181.334440
 20
178.329366
 30
0.0
 10
181.248710
 20
178.323526
 30
0.0
 10
181.148440
 20
178.323526
 30
0.0
  0
LWPOLYLINE
  5
285
100
AcDbEntity
  8
0
 62
7
100
AcDbPolyline
 90
2
 70
0
 10
181.089840
 20
179.145801
 30
0.0
 10
181.148440
 20
179.145801
 30
0.0
  0
LWPOLYLINE
  5
286
100
AcDbEntity
  8
0
 62
7
100
AcDbPolyline
 90
3
 70
0
 10
181.148440
 20
178.323526
 30
0.0
 10
181.089840
 20
178.323526
 30
0.0
 10
181.089840
 20
179.145801
 30
0.0
  0
SPLINE
  5
287
100
AcDbEntity
  8
0
 62
7
100
AcDbSpline
 70
8
 71
3
 72
8
 73
4
 74
0
 40
0
 40
0
 40
0
 40
0
 40
1
 40
1
 40
1
 40
1
 10
185.320320
 20
179.145801
 30
0.0
 10
185.416920
 20
179.145801
 30
0.0
 10
185.496490
 20
179.139201
 30
0.0
 10
185.558600
 20
179.128221
 30
0.0
  0
LWPOLYLINE
  5
288
100
AcDbEntity
  8
0
 62
7
100
AcDbPolyline
 90
2
 70
0
 10
185.261720
 20
179.145801
 30
0.0
 10
185.320320
 20
179.145801
 30
0.0
  0
SPLINE
  5
289
100
AcDbEntity
  8
0
 62
7
100
AcDbSpline
 70
8
 71
3
 72
8
 73
4
 74
0
 40
0
 40
0
 40
0
 40
0
 40
1
 40
1
 40
1
 40
1
 10
185.560600
 20
179.128221
 30
0.0
 10
185.620400
 20
179.118201
 30
0.0
 10
185.676170
 20
179.099511
 30
0.0
 10
185.728570
 20
179.073531
 30
0.0
  0
SPLINE
  5
28a
100
AcDbEntity
  8
0
 62
7
100
AcDbSpline
 70
8
 71
3
 72
8
 73
4
 74
0
 40
0
 40
0
 40
0
 40
0
 40
1
 40
1
 40
1
 40
1
 10
185.728570
 20
179.073531
 30
0.0
 10
185.796770
 20
179.039581
 30
0.0
 10
185.839070
 20
179.000221
 30
0.0
 10
185.869190
 20
178.948531
 30
0.0
  0
SPLINE
  5
28b
100
AcDbEntity
  8
0
 62
7
100
AcDbSpline
 70
8
 71
3
 72
8
 73
4
 74
0
 40
0
 40
0
 40
0
 40
0
 40
1
 40
1
 40
1
 40
1
 10
185.869190
 20
178.948531
 30
0.0
 10
185.898790
 20
178.897811
 30
0.0
 10
185.916090
 20
178.829590
 30
0.0
 10
185.916090
 20
178.735641
 30
0.0
  0
SPLINE
  5
28c
100
AcDbEntity
  8
0
 62
7
100
AcDbSpline
 70
8
 71
3
 72
8
 73
4
 74
0
 40
0
 40
0
 40
0
 40
0
 40
1
 40
1
 40
1
 40
1
 10
185.916090
 20
178.735641
 30
0.0
 10
185.916090
 20
178.640811
 30
0.0
 10
185.899490
 20
178.572420
 30
0.0
 10
185.873090
 20
178.524703
 30
0.0
  0
SPLINE
  5
28d
100
AcDbEntity
  8
0
 62
7
100
AcDbSpline
 70
8
 71
3
 72
8
 73
4
 74
0
 40
0
 40
0
 40
0
 40
0
 40
1
 40
1
 40
1
 40
1
 10
185.873090
 20
178.524703
 30
0.0
 10
185.846090
 20
178.475093
 30
0.0
 10
185.807790
 20
178.436073
 30
0.0
 10
185.746130
 20
178.401656
 30
0.0
  0
LWPOLYLINE
  5
28e
100
AcDbEntity
  8
0
 62
7
100
AcDbPolyline
 90
2
 70
0
 10
185.558600
 20
179.128221
 30
0.0
 10
185.560600
 20
179.128221
 30
0.0
  0
SPLINE
  5
28f
100
AcDbEntity
  8
0
 62
7
100
AcDbSpline
 70
8
 71
3
 72
8
 73
4
 74
0
 40
0
 40
0
 40
0
 40
0
 40
1
 40
1
 40
1
 40
1
 10
185.744130
 20
178.401656
 30
0.0
 10
185.693230
 20
178.373216
 30
0.0
 10
185.638600
 20
178.352136
 30
0.0
 10
185.574210
 20
178.341106
 30
0.0
  0
SPLINE
  5
290
100
AcDbEntity
  8
0
 62
7
100
AcDbSpline
 70
8
 71
3
 72
8
 73
4
 74
0
 40
0
 40
0
 40
0
 40
0
 40
1
 40
1
 40
1
 40
1
 10
185.574210
 20
178.341106
 30
0.0
 10
185.506310
 20
178.329366
 30
0.0
 10
185.420570
 20
178.323526
 30
0.0
 10
185.320300
 20
178.323526
 30
0.0
  0
LWPOLYLINE
  5
291
100
AcDbEntity
  8
0
 62
7
100
AcDbPolyline
 90
2
 70
0
 10
185.746130
 20
178.401656
 30
0.0
 10
185.744130
 20
178.401656
 30
0.0
  0
LWPOLYLINE
  5
292
100
AcDbEntity
  8
0
 62
7
100
AcDbPolyline
 90
3
 70
0
 10
185.320300
 20
178.323526
 30
0.0
 10
185.261700
 20
178.323526
 30
0.0
 10
185.261720
 20
179.145801
 30
0.0
  0
SPLINE
  5
293
100
AcDbEntity
  8
0
 62
7
100
AcDbSpline
 70
8
 71
3
 72
8
 73
4
 74
0
 40
0
 40
0
 40
0
 40
0
 40
1
 40
1
 40
1
 40
1
 10
187.138670
 20
179.145801
 30
0.0
 10
187.191870
 20
179.145801
 30
0.0
 10
187.235070
 20
179.141801
 30
0.0
 10
187.267580
 20
179.136001
 30
0.0
  0
LWPOLYLINE
  5
294
100
AcDbEntity
  8
0
 62
7
100
AcDbPolyline
 90
2
 70
0
 10
187.027340
 20
179.145801
 30
0.0
 10
187.138670
 20
179.145801
 30
0.0
  0
SPLINE
  5
295
100
AcDbEntity
  8
0
 62
7
100
AcDbSpline
 70
8
 71
3
 72
8
 73
4
 74
0
 40
0
 40
0
 40
0
 40
0
 40
1
 40
1
 40
1
 40
1
 10
187.269580
 20
179.136001
 30
0.0
 10
187.298680
 20
179.131301
 30
0.0
 10
187.318680
 20
179.122371
 30
0.0
 10
187.332080
 20
179.114521
 30
0.0
  0
LWPOLYLINE
  5
296
100
AcDbEntity
  8
0
 62
7
100
AcDbPolyline
 90
2
 70
0
 10
187.267580
 20
179.136001
 30
0.0
 10
187.269580
 20
179.136001
 30
0.0
  0
SPLINE
  5
297
100
AcDbEntity
  8
0
 62
7
100
AcDbSpline
 70
8
 71
3
 72
8
 73
4
 74
0
 40
0
 40
0
 40
0
 40
0
 40
1
 40
1
 40
1
 40
1
 10
187.334080
 20
179.114521
 30
0.0
 10
187.353280
 20
179.103561
 30
0.0
 10
187.356380
 20
179.097291
 30
0.0
 10
187.357480
 20
179.094991
 30
0.0
  0
LWPOLYLINE
  5
298
100
AcDbEntity
  8
0
 62
7
100
AcDbPolyline
 90
2
 70
0
 10
187.332080
 20
179.114521
 30
0.0
 10
187.334080
 20
179.114521
 30
0.0
  0
SPLINE
  5
299
100
AcDbEntity
  8
0
 62
7
100
AcDbSpline
 70
8
 71
3
 72
8
 73
4
 74
0
 40
0
 40
0
 40
0
 40
0
 40
1
 40
1
 40
1
 40
1
 10
187.359480
 20
179.091091
 30
0.0
 10
187.363480
 20
179.083191
 30
0.0
 10
187.367480
 20
179.073131
 30
0.0
 10
187.367480
 20
179.052031
 30
0.0
  0
SPLINE
  5
29a
100
AcDbEntity
  8
0
 62
7
100
AcDbSpline
 70
8
 71
3
 72
8
 73
4
 74
0
 40
0
 40
0
 40
0
 40
0
 40
1
 40
1
 40
1
 40
1
 10
187.367480
 20
179.052031
 30
0.0
 10
187.367480
 20
179.012341
 30
0.0
 10
187.360480
 20
178.987331
 30
0.0
 10
187.355780
 20
178.977811
 30
0.0
  0
SPLINE
  5
29b
100
AcDbEntity
  8
0
 62
7
100
AcDbSpline
 70
8
 71
3
 72
8
 73
4
 74
0
 40
0
 40
0
 40
0
 40
0
 40
1
 40
1
 40
1
 40
1
 10
187.355780
 20
178.977811
 30
0.0
 10
187.350780
 20
178.965861
 30
0.0
 10
187.342580
 20
178.953441
 30
0.0
 10
187.324580
 20
178.938751
 30
0.0
  0
SPLINE
  5
29c
100
AcDbEntity
  8
0
 62
7
100
AcDbSpline
 70
8
 71
3
 72
8
 73
4
 74
0
 40
0
 40
0
 40
0
 40
0
 40
1
 40
1
 40
1
 40
1
 10
187.324580
 20
178.938751
 30
0.0
 10
187.307980
 20
178.925461
 30
0.0
 10
187.287180
 20
178.916421
 30
0.0
 10
187.254280
 20
178.909451
 30
0.0
  0
SPLINE
  5
29d
100
AcDbEntity
  8
0
 62
7
100
AcDbSpline
 70
8
 71
3
 72
8
 73
4
 74
0
 40
0
 40
0
 40
0
 40
0
 40
1
 40
1
 40
1
 40
1
 10
187.254280
 20
178.909451
 30
0.0
 10
187.214880
 20
178.901751
 30
0.0
 10
187.163880
 20
178.895781
 30
0.0
 10
187.101930
 20
178.895781
 30
0.0
  0
LWPOLYLINE
  5
29e
100
AcDbEntity
  8
0
 62
7
100
AcDbPolyline
 90
2
 70
0
 10
187.357480
 20
179.094991
 30
0.0
 10
187.359480
 20
179.091091
 30
0.0
  0
LWPOLYLINE
  5
29f
100
AcDbEntity
  8
0
 62
7
100
AcDbPolyline
 90
3
 70
0
 10
187.101930
 20
178.895781
 30
0.0
 10
187.027730
 20
178.895781
 30
0.0
 10
187.027340
 20
179.145801
 30
0.0
  0
SPLINE
  5
2a0
100
AcDbEntity
  8
0
 62
7
100
AcDbSpline
 70
8
 71
3
 72
8
 73
4
 74
0
 40
0
 40
0
 40
0
 40
0
 40
1
 40
1
 40
1
 40
1
 10
192.712890
 20
179.145801
 30
0.0
 10
192.766090
 20
179.145801
 30
0.0
 10
192.809290
 20
179.141801
 30
0.0
 10
192.841800
 20
179.136001
 30
0.0
  0
LWPOLYLINE
  5
2a1
100
AcDbEntity
  8
0
 62
7
100
AcDbPolyline
 90
2
 70
0
 10
192.601560
 20
179.145801
 30
0.0
 10
192.712890
 20
179.145801
 30
0.0
  0
SPLINE
  5
2a2
100
AcDbEntity
  8
0
 62
7
100
AcDbSpline
 70
8
 71
3
 72
8
 73
4
 74
0
 40
0
 40
0
 40
0
 40
0
 40
1
 40
1
 40
1
 40
1
 10
192.843800
 20
179.136001
 30
0.0
 10
192.872900
 20
179.131301
 30
0.0
 10
192.892900
 20
179.122371
 30
0.0
 10
192.906300
 20
179.114521
 30
0.0
  0
LWPOLYLINE
  5
2a3
100
AcDbEntity
  8
0
 62
7
100
AcDbPolyline
 90
2
 70
0
 10
192.841800
 20
179.136001
 30
0.0
 10
192.843800
 20
179.136001
 30
0.0
  0
SPLINE
  5
2a4
100
AcDbEntity
  8
0
 62
7
100
AcDbSpline
 70
8
 71
3
 72
8
 73
4
 74
0
 40
0
 40
0
 40
0
 40
0
 40
1
 40
1
 40
1
 40
1
 10
192.908300
 20
179.114521
 30
0.0
 10
192.927500
 20
179.103561
 30
0.0
 10
192.930600
 20
179.097291
 30
0.0
 10
192.931700
 20
179.094991
 30
0.0
  0
LWPOLYLINE
  5
2a5
100
AcDbEntity
  8
0
 62
7
100
AcDbPolyline
 90
2
 70
0
 10
192.906300
 20
179.114521
 30
0.0
 10
192.908300
 20
179.114521
 30
0.0
  0
SPLINE
  5
2a6
100
AcDbEntity
  8
0
 62
7
100
AcDbSpline
 70
8
 71
3
 72
8
 73
4
 74
0
 40
0
 40
0
 40
0
 40
0
 40
1
 40
1
 40
1
 40
1
 10
192.933700
 20
179.091091
 30
0.0
 10
192.937700
 20
179.083191
 30
0.0
 10
192.941700
 20
179.073131
 30
0.0
 10
192.941700
 20
179.052031
 30
0.0
  0
SPLINE
  5
2a7
100
AcDbEntity
  8
0
 62
7
100
AcDbSpline
 70
8
 71
3
 72
8
 73
4
 74
0
 40
0
 40
0
 40
0
 40
0
 40
1
 40
1
 40
1
 40
1
 10
192.941700
 20
179.052031
 30
0.0
 10
192.941700
 20
179.012341
 30
0.0
 10
192.934700
 20
178.987331
 30
0.0
 10
192.930000
 20
178.977811
 30
0.0
  0
SPLINE
  5
2a8
100
AcDbEntity
  8
0
 62
7
100
AcDbSpline
 70
8
 71
3
 72
8
 73
4
 74
0
 40
0
 40
0
 40
0
 40
0
 40
1
 40
1
 40
1
 40
1
 10
192.930000
 20
178.977811
 30
0.0
 10
192.925000
 20
178.965861
 30
0.0
 10
192.916800
 20
178.953441
 30
0.0
 10
192.898800
 20
178.938751
 30
0.0
  0
SPLINE
  5
2a9
100
AcDbEntity
  8
0
 62
7
100
AcDbSpline
 70
8
 71
3
 72
8
 73
4
 74
0
 40
0
 40
0
 40
0
 40
0
 40
1
 40
1
 40
1
 40
1
 10
192.898800
 20
178.938751
 30
0.0
 10
192.882200
 20
178.925461
 30
0.0
 10
192.861400
 20
178.916421
 30
0.0
 10
192.828500
 20
178.909451
 30
0.0
  0
SPLINE
  5
2aa
100
AcDbEntity
  8
0
 62
7
100
AcDbSpline
 70
8
 71
3
 72
8
 73
4
 74
0
 40
0
 40
0
 40
0
 40
0
 40
1
 40
1
 40
1
 40
1
 10
192.828500
 20
178.909451
 30
0.0
 10
192.789100
 20
178.901751
 30
0.0
 10
192.738100
 20
178.895781
 30
0.0
 10
192.676160
 20
178.895781
 30
0.0
  0
LWPOLYLINE
  5
2ab
100
AcDbEntity
  8
0
 62
7
100
AcDbPolyline
 90
2
 70
0
 10
192.931700
 20
179.094991
 30
0.0
 10
192.933700
 20
179.091091
 30
0.0
  0
SPLINE
  5
2ac
100
AcDbEntity
  8
0
 62
7
100
AcDbSpline
 70
8
 71
3
 72
8
 73
4
 74
0
 40
0
 40
0
 40
0
 40
0
 40
1
 40
1
 40
1
 40
1
 10
170.482420
 20
178.882200
 30
0.0
 10
170.400038
 20
178.881335
 30
0.0
 10
170.333769
 20
178.814195
 30
0.0
 10
170.333980
 20
178.731809
 30
0.0
  0
LWPOLYLINE
  5
2ad
100
AcDbEntity
  8
0
 62
7
100
AcDbPolyline
 90
3
 70
0
 10
192.676160
 20
178.895781
 30
0.0
 10
192.601960
 20
178.895781
 30
0.0
 10
192.601560
 20
179.145801
 30
0.0
  0
SPLINE
  5
2ae
100
AcDbEntity
  8
0
 62
7
100
AcDbSpline
 70
8
 71
3
 72
8
 73
4
 74
0
 40
0
 40
0
 40
0
 40
0
 40
1
 40
1
 40
1
 40
1
 10
170.333980
 20
178.556028
 30
0.0
 10
170.333770
 20
178.473642
 30
0.0
 10
170.400038
 20
178.406503
 30
0.0
 10
170.482420
 20
178.405638
 30
0.0
  0
LWPOLYLINE
  5
2af
100
AcDbEntity
  8
0
 62
7
100
AcDbPolyline
 90
2
 70
0
 10
170.333980
 20
178.731809
 30
0.0
 10
170.333980
 20
178.556028
 30
0.0
  0
SPLINE
  5
2b0
100
AcDbEntity
  8
0
 62
7
100
AcDbSpline
 70
8
 71
3
 72
8
 73
4
 74
0
 40
0
 40
0
 40
0
 40
0
 40
1
 40
1
 40
1
 40
1
 10
171.181640
 20
178.405638
 30
0.0
 10
171.221556
 20
178.405538
 30
0.0
 10
171.259867
 20
178.421351
 30
0.0
 10
171.288092
 20
178.449576
 30
0.0
  0
SPLINE
  5
2b1
100
AcDbEntity
  8
0
 62
7
100
AcDbSpline
 70
8
 71
3
 72
8
 73
4
 74
0
 40
0
 40
0
 40
0
 40
0
 40
1
 40
1
 40
1
 40
1
 10
171.288092
 20
178.449576
 30
0.0
 10
171.316317
 20
178.477801
 30
0.0
 10
171.332130
 20
178.516112
 30
0.0
 10
171.332030
 20
178.556028
 30
0.0
  0
LWPOLYLINE
  5
2b2
100
AcDbEntity
  8
0
 62
7
100
AcDbPolyline
 90
2
 70
0
 10
170.482420
 20
178.405638
 30
0.0
 10
171.181640
 20
178.405638
 30
0.0
  0
SPLINE
  5
2b3
100
AcDbEntity
  8
0
 62
7
100
AcDbSpline
 70
8
 71
3
 72
8
 73
4
 74
0
 40
0
 40
0
 40
0
 40
0
 40
1
 40
1
 40
1
 40
1
 10
171.332030
 20
178.731809
 30
0.0
 10
171.332130
 20
178.771726
 30
0.0
 10
171.316318
 20
178.810036
 30
0.0
 10
171.288092
 20
178.838262
 30
0.0
  0
SPLINE
  5
2b4
100
AcDbEntity
  8
0
 62
7
100
AcDbSpline
 70
8
 71
3
 72
8
 73
4
 74
0
 40
0
 40
0
 40
0
 40
0
 40
1
 40
1
 40
1
 40
1
 10
171.288092
 20
178.838262
 30
0.0
 10
171.259867
 20
178.866487
 30
0.0
 10
171.221557
 20
178.882300
 30
0.0
 10
171.181640
 20
178.882200
 30
0.0
  0
LWPOLYLINE
  5
2b5
100
AcDbEntity
  8
0
 62
7
100
AcDbPolyline
 90
2
 70
0
 10
171.332030
 20
178.556028
 30
0.0
 10
171.332030
 20
178.731809
 30
0.0
  0
SPLINE
  5
2b6
100
AcDbEntity
  8
0
 62
7
100
AcDbSpline
 70
8
 71
3
 72
8
 73
4
 74
0
 40
0
 40
0
 40
0
 40
0
 40
1
 40
1
 40
1
 40
1
 10
167.304690
 20
178.813840
 30
0.0
 10
167.307218
 20
178.810462
 30
0.0
 10
167.309887
 20
178.807193
 30
0.0
 10
167.312690
 20
178.804040
 30
0.0
  0
SPLINE
  5
2b7
100
AcDbEntity
  8
0
 62
7
100
AcDbSpline
 70
8
 71
3
 72
8
 73
4
 74
0
 40
0
 40
0
 40
0
 40
0
 40
1
 40
1
 40
1
 40
1
 10
167.312690
 20
178.804040
 30
0.0
 10
167.309927
 20
178.801540
 30
0.0
 10
167.307259
 20
178.798938
 30
0.0
 10
167.304690
 20
178.796240
 30
0.0
  0
LWPOLYLINE
  5
2b8
100
AcDbEntity
  8
0
 62
7
100
AcDbPolyline
 90
2
 70
0
 10
171.181640
 20
178.882200
 30
0.0
 10
170.482420
 20
178.882200
 30
0.0
  0
SPLINE
  5
2b9
100
AcDbEntity
  8
0
 62
7
100
AcDbSpline
 70
8
 71
3
 72
8
 73
4
 74
0
 40
0
 40
0
 40
0
 40
0
 40
1
 40
1
 40
1
 40
1
 10
190.931640
 20
178.811840
 30
0.0
 10
190.934209
 20
178.809142
 30
0.0
 10
190.936877
 20
178.806540
 30
0.0
 10
190.939640
 20
178.804040
 30
0.0
  0
SPLINE
  5
2ba
100
AcDbEntity
  8
0
 62
7
100
AcDbSpline
 70
8
 71
3
 72
8
 73
4
 74
0
 40
0
 40
0
 40
0
 40
0
 40
1
 40
1
 40
1
 40
1
 10
190.939640
 20
178.804040
 30
0.0
 10
190.936909
 20
178.802162
 30
0.0
 10
190.934241
 20
178.800195
 30
0.0
 10
190.931640
 20
178.798140
 30
0.0
  0
LWPOLYLINE
  5
2bb
100
AcDbEntity
  8
0
 62
7
100
AcDbPolyline
 90
2
 70
0
 10
167.304690
 20
178.796240
 30
0.0
 10
167.304690
 20
178.813840
 30
0.0
  0
LWPOLYLINE
  5
2bc
100
AcDbEntity
  8
0
 62
7
100
AcDbPolyline
 90
2
 70
0
 10
190.931640
 20
178.798140
 30
0.0
 10
190.931640
 20
178.811840
 30
0.0
  0
LWPOLYLINE
  5
2bd
100
AcDbEntity
  8
0
 62
7
100
AcDbPolyline
 90
3
 70
1
 10
171.726560
 20
178.669261
 30
0.0
 10
171.728560
 20
178.665361
 30
0.0
 10
171.726560
 20
178.663361
 30
0.0
  0
SPLINE
  5
2be
100
AcDbEntity
  8
0
 62
7
100
AcDbSpline
 70
8
 71
3
 72
8
 73
4
 74
0
 40
0
 40
0
 40
0
 40
0
 40
1
 40
1
 40
1
 40
1
 10
175.820310
 20
178.571601
 30
0.0
 10
175.853810
 20
178.561151
 30
0.0
 10
175.893010
 20
178.549681
 30
0.0
 10
175.918010
 20
178.542301
 30
0.0
  0
SPLINE
  5
2bf
100
AcDbEntity
  8
0
 62
7
100
AcDbSpline
 70
8
 71
3
 72
8
 73
4
 74
0
 40
0
 40
0
 40
0
 40
0
 40
1
 40
1
 40
1
 40
1
 10
175.918010
 20
178.542301
 30
0.0
 10
175.955610
 20
178.531161
 30
0.0
 10
175.989810
 20
178.519301
 30
0.0
 10
176.019570
 20
178.507141
 30
0.0
  0
LWPOLYLINE
  5
2c0
100
AcDbEntity
  8
0
 62
7
100
AcDbPolyline
 90
3
 70
1
 10
186.806640
 20
178.669261
 30
0.0
 10
186.808640
 20
178.665361
 30
0.0
 10
186.806640
 20
178.663361
 30
0.0
  0
SPLINE
  5
2c1
100
AcDbEntity
  8
0
 62
7
100
AcDbSpline
 70
8
 71
3
 72
8
 73
4
 74
0
 40
0
 40
0
 40
0
 40
0
 40
1
 40
1
 40
1
 40
1
 10
176.019570
 20
178.509141
 30
0.0
 10
176.096770
 20
178.477151
 30
0.0
 10
176.137130
 20
178.442281
 30
0.0
 10
176.136760
 20
178.442731
 30
0.0
  0
LWPOLYLINE
  5
2c2
100
AcDbEntity
  8
0
 62
7
100
AcDbPolyline
 90
2
 70
0
 10
176.019570
 20
178.507141
 30
0.0
 10
176.019570
 20
178.509141
 30
0.0
  0
SPLINE
  5
2c3
100
AcDbEntity
  8
0
 62
7
100
AcDbSpline
 70
8
 71
3
 72
8
 73
4
 74
0
 40
0
 40
0
 40
0
 40
0
 40
1
 40
1
 40
1
 40
1
 10
176.138760
 20
178.440731
 30
0.0
 10
176.142760
 20
178.436331
 30
0.0
 10
176.148760
 20
178.428201
 30
0.0
 10
176.148760
 20
178.393861
 30
0.0
  0
SPLINE
  5
2c4
100
AcDbEntity
  8
0
 62
7
100
AcDbSpline
 70
8
 71
3
 72
8
 73
4
 74
0
 40
0
 40
0
 40
0
 40
0
 40
1
 40
1
 40
1
 40
1
 10
176.148760
 20
178.393861
 30
0.0
 10
176.148760
 20
178.347071
 30
0.0
 10
176.143760
 20
178.337661
 30
0.0
 10
176.111660
 20
178.313781
 30
0.0
  0
LWPOLYLINE
  5
2c5
100
AcDbEntity
  8
0
 62
7
100
AcDbPolyline
 90
2
 70
0
 10
176.136760
 20
178.442731
 30
0.0
 10
176.138760
 20
178.440731
 30
0.0
  0
SPLINE
  5
2c6
100
AcDbEntity
  8
0
 62
7
100
AcDbSpline
 70
8
 71
3
 72
8
 73
4
 74
0
 40
0
 40
0
 40
0
 40
0
 40
1
 40
1
 40
1
 40
1
 10
176.109660
 20
178.311781
 30
0.0
 10
176.076960
 20
178.287181
 30
0.0
 10
176.026260
 20
178.268811
 30
0.0
 10
175.939740
 20
178.268811
 30
0.0
  0
SPLINE
  5
2c7
100
AcDbEntity
  8
0
 62
7
100
AcDbSpline
 70
8
 71
3
 72
8
 73
4
 74
0
 40
0
 40
0
 40
0
 40
0
 40
1
 40
1
 40
1
 40
1
 10
175.939740
 20
178.268811
 30
0.0
 10
175.859940
 20
178.268811
 30
0.0
 10
175.812050
 20
178.288291
 30
0.0
 10
175.771770
 20
178.321541
 30
0.0
  0
SPLINE
  5
2c8
100
AcDbEntity
  8
0
 62
7
100
AcDbSpline
 70
8
 71
3
 72
8
 73
4
 74
0
 40
0
 40
0
 40
0
 40
0
 40
1
 40
1
 40
1
 40
1
 10
175.771770
 20
178.321541
 30
0.0
 10
175.731470
 20
178.354851
 30
0.0
 10
175.720970
 20
178.374681
 30
0.0
 10
175.720970
 20
178.423104
 30
0.0
  0
SPLINE
  5
2c9
100
AcDbEntity
  8
0
 62
7
100
AcDbSpline
 70
8
 71
3
 72
8
 73
4
 74
0
 40
0
 40
0
 40
0
 40
0
 40
1
 40
1
 40
1
 40
1
 10
175.720970
 20
178.423104
 30
0.0
 10
175.720970
 20
178.462944
 30
0.0
 10
175.729970
 20
178.488374
 30
0.0
 10
175.752170
 20
178.518804
 30
0.0
  0
SPLINE
  5
2ca
100
AcDbEntity
  8
0
 62
7
100
AcDbSpline
 70
8
 71
3
 72
8
 73
4
 74
0
 40
0
 40
0
 40
0
 40
0
 40
1
 40
1
 40
1
 40
1
 10
175.752170
 20
178.518804
 30
0.0
 10
175.768570
 20
178.540634
 30
0.0
 10
175.796470
 20
178.554824
 30
0.0
 10
175.820570
 20
178.571534
 30
0.0
  0
LWPOLYLINE
  5
2cb
100
AcDbEntity
  8
0
 62
7
100
AcDbPolyline
 90
2
 70
0
 10
176.111660
 20
178.313781
 30
0.0
 10
176.109660
 20
178.311781
 30
0.0
  0
SPLINE
  5
2cc
100
AcDbEntity
  8
0
 62
7
100
AcDbSpline
 70
8
 71
3
 72
8
 73
4
 74
0
 40
0
 40
0
 40
0
 40
0
 40
1
 40
1
 40
1
 40
1
 10
165.554690
 20
179.856809
 30
0.0
 10
165.514772
 20
179.856913
 30
0.0
 10
165.476460
 20
179.841102
 30
0.0
 10
165.448233
 20
179.812876
 30
0.0
  0
SPLINE
  5
2cd
100
AcDbEntity
  8
0
 62
7
100
AcDbSpline
 70
8
 71
3
 72
8
 73
4
 74
0
 40
0
 40
0
 40
0
 40
0
 40
1
 40
1
 40
1
 40
1
 10
165.448233
 20
179.812876
 30
0.0
 10
165.420007
 20
179.784649
 30
0.0
 10
165.404196
 20
179.746337
 30
0.0
 10
165.404300
 20
179.706419
 30
0.0
  0
LWPOLYLINE
  5
2ce
100
AcDbEntity
  8
0
 62
7
100
AcDbPolyline
 90
2
 70
0
 10
175.820570
 20
178.571534
 30
0.0
 10
175.820310
 20
178.571601
 30
0.0
  0
SPLINE
  5
2cf
100
AcDbEntity
  8
0
 62
7
100
AcDbSpline
 70
8
 71
3
 72
8
 73
4
 74
0
 40
0
 40
0
 40
0
 40
0
 40
1
 40
1
 40
1
 40
1
 10
165.404300
 20
178.206419
 30
0.0
 10
165.404196
 20
178.166501
 30
0.0
 10
165.420007
 20
178.128188
 30
0.0
 10
165.448233
 20
178.099962
 30
0.0
  0
SPLINE
  5
2d0
100
AcDbEntity
  8
0
 62
7
100
AcDbSpline
 70
8
 71
3
 72
8
 73
4
 74
0
 40
0
 40
0
 40
0
 40
0
 40
1
 40
1
 40
1
 40
1
 10
165.448233
 20
178.099962
 30
0.0
 10
165.476459
 20
178.071735
 30
0.0
 10
165.514772
 20
178.055924
 30
0.0
 10
165.554690
 20
178.056028
 30
0.0
  0
SPLINE
  5
2d1
100
AcDbEntity
  8
0
 62
7
100
AcDbSpline
 70
8
 71
3
 72
8
 73
4
 74
0
 40
0
 40
0
 40
0
 40
0
 40
1
 40
1
 40
1
 40
1
 10
165.554690
 20
178.056028
 30
0.0
 10
165.594608
 20
178.055924
 30
0.0
 10
165.632921
 20
178.071735
 30
0.0
 10
165.661147
 20
178.099962
 30
0.0
  0
SPLINE
  5
2d2
100
AcDbEntity
  8
0
 62
7
100
AcDbSpline
 70
8
 71
3
 72
8
 73
4
 74
0
 40
0
 40
0
 40
0
 40
0
 40
1
 40
1
 40
1
 40
1
 10
165.661147
 20
178.099962
 30
0.0
 10
165.689373
 20
178.128188
 30
0.0
 10
165.705184
 20
178.166501
 30
0.0
 10
165.705080
 20
178.206419
 30
0.0
  0
LWPOLYLINE
  5
2d3
100
AcDbEntity
  8
0
 62
7
100
AcDbPolyline
 90
2
 70
0
 10
165.404300
 20
179.706419
 30
0.0
 10
165.404300
 20
178.206419
 30
0.0
  0
SPLINE
  5
2d4
100
AcDbEntity
  8
0
 62
7
100
AcDbSpline
 70
8
 71
3
 72
8
 73
4
 74
0
 40
0
 40
0
 40
0
 40
0
 40
1
 40
1
 40
1
 40
1
 10
165.705080
 20
179.706419
 30
0.0
 10
165.705184
 20
179.746337
 30
0.0
 10
165.689373
 20
179.784649
 30
0.0
 10
165.661147
 20
179.812876
 30
0.0
  0
SPLINE
  5
2d5
100
AcDbEntity
  8
0
 62
7
100
AcDbSpline
 70
8
 71
3
 72
8
 73
4
 74
0
 40
0
 40
0
 40
0
 40
0
 40
1
 40
1
 40
1
 40
1
 10
165.661147
 20
179.812876
 30
0.0
 10
165.632920
 20
179.841102
 30
0.0
 10
165.594608
 20
179.856913
 30
0.0
 10
165.554690
 20
179.856809
 30
0.0
  0
LWPOLYLINE
  5
2d6
100
AcDbEntity
  8
0
 62
7
100
AcDbPolyline
 90
2
 70
0
 10
165.705080
 20
178.206419
 30
0.0
 10
165.705080
 20
179.706419
 30
0.0
  0
SPLINE
  5
2d7
100
AcDbEntity
  8
0
 62
7
100
AcDbSpline
 70
8
 71
3
 72
8
 73
4
 74
0
 40
0
 40
0
 40
0
 40
0
 40
1
 40
1
 40
1
 40
1
 10
165.490230
 20
179.843138
 30
0.0
 10
165.415314
 20
179.808034
 30
0.0
 10
165.382966
 20
179.718901
 30
0.0
 10
165.417930
 20
179.643919
 30
0.0
  0
LWPOLYLINE
  5
2d8
100
AcDbEntity
  8
0
 62
7
100
AcDbPolyline
 90
1
 70
1
 10
165.554690
 20
179.856809
 30
0.0
  0
SPLINE
  5
2d9
100
AcDbEntity
  8
0
 62
7
100
AcDbSpline
 70
8
 71
3
 72
8
 73
4
 74
0
 40
0
 40
0
 40
0
 40
0
 40
1
 40
1
 40
1
 40
1
 10
165.917930
 20
178.571653
 30
0.0
 10
165.953046
 20
178.496748
 30
0.0
 10
166.042176
 20
178.464415
 30
0.0
 10
166.117150
 20
178.499383
 30
0.0
  0
SPLINE
  5
2da
100
AcDbEntity
  8
0
 62
7
100
AcDbSpline
 70
8
 71
3
 72
8
 73
4
 74
0
 40
0
 40
0
 40
0
 40
0
 40
1
 40
1
 40
1
 40
1
 10
166.117150
 20
178.499383
 30
0.0
 10
166.192065
 20
178.534487
 30
0.0
 10
166.224413
 20
178.623620
 30
0.0
 10
166.189450
 20
178.698601
 30
0.0
  0
LWPOLYLINE
  5
2db
100
AcDbEntity
  8
0
 62
7
100
AcDbPolyline
 90
2
 70
0
 10
165.417930
 20
179.643919
 30
0.0
 10
165.917930
 20
178.571653
 30
0.0
  0
SPLINE
  5
2dc
100
AcDbEntity
  8
0
 62
7
100
AcDbSpline
 70
8
 71
3
 72
8
 73
4
 74
0
 40
0
 40
0
 40
0
 40
0
 40
1
 40
1
 40
1
 40
1
 10
165.689450
 20
179.768914
 30
0.0
 10
165.672942
 20
179.805235
 30
0.0
 10
165.642645
 20
179.833483
 30
0.0
 10
165.605259
 20
179.847412
 30
0.0
  0
SPLINE
  5
2dd
100
AcDbEntity
  8
0
 62
7
100
AcDbSpline
 70
8
 71
3
 72
8
 73
4
 74
0
 40
0
 40
0
 40
0
 40
0
 40
1
 40
1
 40
1
 40
1
 10
165.605259
 20
179.847412
 30
0.0
 10
165.567873
 20
179.861340
 30
0.0
 10
165.526478
 20
179.859801
 30
0.0
 10
165.490230
 20
179.843134
 30
0.0
  0
LWPOLYLINE
  5
2de
100
AcDbEntity
  8
0
 62
7
100
AcDbPolyline
 90
2
 70
0
 10
166.189450
 20
178.698601
 30
0.0
 10
165.689450
 20
179.768914
 30
0.0
  0
SPLINE
  5
2df
100
AcDbEntity
  8
0
 62
7
100
AcDbSpline
 70
8
 71
3
 72
8
 73
4
 74
0
 40
0
 40
0
 40
0
 40
0
 40
1
 40
1
 40
1
 40
1
 10
166.617190
 20
179.843138
 30
0.0
 10
166.580942
 20
179.859805
 30
0.0
 10
166.539547
 20
179.861344
 30
0.0
 10
166.502161
 20
179.847416
 30
0.0
  0
SPLINE
  5
2e0
100
AcDbEntity
  8
0
 62
7
100
AcDbSpline
 70
8
 71
3
 72
8
 73
4
 74
0
 40
0
 40
0
 40
0
 40
0
 40
1
 40
1
 40
1
 40
1
 10
166.502161
 20
179.847416
 30
0.0
 10
166.464775
 20
179.833487
 30
0.0
 10
166.434478
 20
179.805239
 30
0.0
 10
166.417970
 20
179.768918
 30
0.0
  0
LWPOLYLINE
  5
2e1
100
AcDbEntity
  8
0
 62
7
100
AcDbPolyline
 90
1
 70
1
 10
165.490230
 20
179.843134
 30
0.0
  0
SPLINE
  5
2e2
100
AcDbEntity
  8
0
 62
7
100
AcDbSpline
 70
8
 71
3
 72
8
 73
4
 74
0
 40
0
 40
0
 40
0
 40
0
 40
1
 40
1
 40
1
 40
1
 10
165.917970
 20
178.698605
 30
0.0
 10
165.883007
 20
178.623624
 30
0.0
 10
165.915355
 20
178.534491
 30
0.0
 10
165.990270
 20
178.499387
 30
0.0
  0
SPLINE
  5
2e3
100
AcDbEntity
  8
0
 62
7
100
AcDbSpline
 70
8
 71
3
 72
8
 73
4
 74
0
 40
0
 40
0
 40
0
 40
0
 40
1
 40
1
 40
1
 40
1
 10
165.990270
 20
178.499387
 30
0.0
 10
166.065244
 20
178.464419
 30
0.0
 10
166.154374
 20
178.496752
 30
0.0
 10
166.189490
 20
178.571657
 30
0.0
  0
LWPOLYLINE
  5
2e4
100
AcDbEntity
  8
0
 62
7
100
AcDbPolyline
 90
2
 70
0
 10
166.417970
 20
179.768918
 30
0.0
 10
165.917970
 20
178.698605
 30
0.0
  0
SPLINE
  5
2e5
100
AcDbEntity
  8
0
 62
7
100
AcDbSpline
 70
8
 71
3
 72
8
 73
4
 74
0
 40
0
 40
0
 40
0
 40
0
 40
1
 40
1
 40
1
 40
1
 10
166.689490
 20
179.643923
 30
0.0
 10
166.724454
 20
179.718905
 30
0.0
 10
166.692106
 20
179.808038
 30
0.0
 10
166.617190
 20
179.843142
 30
0.0
  0
LWPOLYLINE
  5
2e6
100
AcDbEntity
  8
0
 62
7
100
AcDbPolyline
 90
2
 70
0
 10
166.189490
 20
178.571657
 30
0.0
 10
166.689490
 20
179.643923
 30
0.0
  0
SPLINE
  5
2e7
100
AcDbEntity
  8
0
 62
7
100
AcDbSpline
 70
8
 71
3
 72
8
 73
4
 74
0
 40
0
 40
0
 40
0
 40
0
 40
1
 40
1
 40
1
 40
1
 10
166.554690
 20
179.856809
 30
0.0
 10
166.514772
 20
179.856913
 30
0.0
 10
166.476460
 20
179.841102
 30
0.0
 10
166.448233
 20
179.812876
 30
0.0
  0
SPLINE
  5
2e8
100
AcDbEntity
  8
0
 62
7
100
AcDbSpline
 70
8
 71
3
 72
8
 73
4
 74
0
 40
0
 40
0
 40
0
 40
0
 40
1
 40
1
 40
1
 40
1
 10
166.448233
 20
179.812876
 30
0.0
 10
166.420007
 20
179.784649
 30
0.0
 10
166.404196
 20
179.746337
 30
0.0
 10
166.404300
 20
179.706419
 30
0.0
  0
LWPOLYLINE
  5
2e9
100
AcDbEntity
  8
0
 62
7
100
AcDbPolyline
 90
1
 70
1
 10
166.617190
 20
179.843142
 30
0.0
  0
SPLINE
  5
2ea
100
AcDbEntity
  8
0
 62
7
100
AcDbSpline
 70
8
 71
3
 72
8
 73
4
 74
0
 40
0
 40
0
 40
0
 40
0
 40
1
 40
1
 40
1
 40
1
 10
166.404300
 20
178.206419
 30
0.0
 10
166.404196
 20
178.166501
 30
0.0
 10
166.420007
 20
178.128188
 30
0.0
 10
166.448233
 20
178.099962
 30
0.0
  0
SPLINE
  5
2eb
100
AcDbEntity
  8
0
 62
7
100
AcDbSpline
 70
8
 71
3
 72
8
 73
4
 74
0
 40
0
 40
0
 40
0
 40
0
 40
1
 40
1
 40
1
 40
1
 10
166.448233
 20
178.099962
 30
0.0
 10
166.476459
 20
178.071735
 30
0.0
 10
166.514772
 20
178.055924
 30
0.0
 10
166.554690
 20
178.056028
 30
0.0
  0
SPLINE
  5
2ec
100
AcDbEntity
  8
0
 62
7
100
AcDbSpline
 70
8
 71
3
 72
8
 73
4
 74
0
 40
0
 40
0
 40
0
 40
0
 40
1
 40
1
 40
1
 40
1
 10
166.554690
 20
178.056028
 30
0.0
 10
166.594608
 20
178.055924
 30
0.0
 10
166.632921
 20
178.071735
 30
0.0
 10
166.661147
 20
178.099962
 30
0.0
  0
SPLINE
  5
2ed
100
AcDbEntity
  8
0
 62
7
100
AcDbSpline
 70
8
 71
3
 72
8
 73
4
 74
0
 40
0
 40
0
 40
0
 40
0
 40
1
 40
1
 40
1
 40
1
 10
166.661147
 20
178.099962
 30
0.0
 10
166.689373
 20
178.128188
 30
0.0
 10
166.705184
 20
178.166501
 30
0.0
 10
166.705080
 20
178.206419
 30
0.0
  0
LWPOLYLINE
  5
2ee
100
AcDbEntity
  8
0
 62
7
100
AcDbPolyline
 90
2
 70
0
 10
166.404300
 20
179.706419
 30
0.0
 10
166.404300
 20
178.206419
 30
0.0
  0
SPLINE
  5
2ef
100
AcDbEntity
  8
0
 62
7
100
AcDbSpline
 70
8
 71
3
 72
8
 73
4
 74
0
 40
0
 40
0
 40
0
 40
0
 40
1
 40
1
 40
1
 40
1
 10
166.705080
 20
179.706419
 30
0.0
 10
166.705184
 20
179.746337
 30
0.0
 10
166.689373
 20
179.784649
 30
0.0
 10
166.661147
 20
179.812876
 30
0.0
  0
SPLINE
  5
2f0
100
AcDbEntity
  8
0
 62
7
100
AcDbSpline
 70
8
 71
3
 72
8
 73
4
 74
0
 40
0
 40
0
 40
0
 40
0
 40
1
 40
1
 40
1
 40
1
 10
166.661147
 20
179.812876
 30
0.0
 10
166.632920
 20
179.841102
 30
0.0
 10
166.594608
 20
179.856913
 30
0.0
 10
166.554690
 20
179.856809
 30
0.0
  0
LWPOLYLINE
  5
2f1
100
AcDbEntity
  8
0
 62
7
100
AcDbPolyline
 90
2
 70
0
 10
166.705080
 20
178.206419
 30
0.0
 10
166.705080
 20
179.706419
 30
0.0
  0
SPLINE
  5
2f2
100
AcDbEntity
  8
0
 62
7
100
AcDbSpline
 70
8
 71
3
 72
8
 73
4
 74
0
 40
0
 40
0
 40
0
 40
0
 40
1
 40
1
 40
1
 40
1
 10
167.269530
 20
179.141966
 30
0.0
 10
167.229612
 20
179.142070
 30
0.0
 10
167.191299
 20
179.126259
 30
0.0
 10
167.163073
 20
179.098032
 30
0.0
  0
SPLINE
  5
2f3
100
AcDbEntity
  8
0
 62
7
100
AcDbSpline
 70
8
 71
3
 72
8
 73
4
 74
0
 40
0
 40
0
 40
0
 40
0
 40
1
 40
1
 40
1
 40
1
 10
167.163073
 20
179.098032
 30
0.0
 10
167.134847
 20
179.069806
 30
0.0
 10
167.119036
 20
179.031493
 30
0.0
 10
167.119140
 20
178.991575
 30
0.0
  0
SPLINE
  5
2f4
100
AcDbEntity
  8
0
 62
7
100
AcDbSpline
 70
8
 71
3
 72
8
 73
4
 74
0
 40
0
 40
0
 40
0
 40
0
 40
1
 40
1
 40
1
 40
1
 10
167.119140
 20
178.991575
 30
0.0
 10
167.119036
 20
178.951657
 30
0.0
 10
167.134847
 20
178.913344
 30
0.0
 10
167.163073
 20
178.885118
 30
0.0
  0
SPLINE
  5
2f5
100
AcDbEntity
  8
0
 62
7
100
AcDbSpline
 70
8
 71
3
 72
8
 73
4
 74
0
 40
0
 40
0
 40
0
 40
0
 40
1
 40
1
 40
1
 40
1
 10
167.163073
 20
178.885118
 30
0.0
 10
167.191299
 20
178.856891
 30
0.0
 10
167.229612
 20
178.841080
 30
0.0
 10
167.269530
 20
178.841184
 30
0.0
  0
LWPOLYLINE
  5
2f6
100
AcDbEntity
  8
0
 62
7
100
AcDbPolyline
 90
1
 70
1
 10
166.554690
 20
179.856809
 30
0.0
  0
SPLINE
  5
2f7
100
AcDbEntity
  8
0
 62
7
100
AcDbSpline
 70
8
 71
3
 72
8
 73
4
 74
0
 40
0
 40
0
 40
0
 40
0
 40
1
 40
1
 40
1
 40
1
 10
167.769530
 20
178.841184
 30
0.0
 10
167.851915
 20
178.842041
 30
0.0
 10
167.918189
 20
178.909185
 30
0.0
 10
167.917970
 20
178.991575
 30
0.0
  0
SPLINE
  5
2f8
100
AcDbEntity
  8
0
 62
7
100
AcDbSpline
 70
8
 71
3
 72
8
 73
4
 74
0
 40
0
 40
0
 40
0
 40
0
 40
1
 40
1
 40
1
 40
1
 10
167.917970
 20
178.991575
 30
0.0
 10
167.918189
 20
179.073965
 30
0.0
 10
167.851915
 20
179.141109
 30
0.0
 10
167.769530
 20
179.141966
 30
0.0
  0
LWPOLYLINE
  5
2f9
100
AcDbEntity
  8
0
 62
7
100
AcDbPolyline
 90
2
 70
0
 10
167.269530
 20
178.841184
 30
0.0
 10
167.769530
 20
178.841184
 30
0.0
  0
SPLINE
  5
2fa
100
AcDbEntity
  8
0
 62
7
100
AcDbSpline
 70
8
 71
3
 72
8
 73
4
 74
0
 40
0
 40
0
 40
0
 40
0
 40
1
 40
1
 40
1
 40
1
 10
167.269530
 20
178.356809
 30
0.0
 10
167.229612
 20
178.356913
 30
0.0
 10
167.191300
 20
178.341102
 30
0.0
 10
167.163073
 20
178.312876
 30
0.0
  0
SPLINE
  5
2fb
100
AcDbEntity
  8
0
 62
7
100
AcDbSpline
 70
8
 71
3
 72
8
 73
4
 74
0
 40
0
 40
0
 40
0
 40
0
 40
1
 40
1
 40
1
 40
1
 10
167.163073
 20
178.312876
 30
0.0
 10
167.134847
 20
178.284649
 30
0.0
 10
167.119036
 20
178.246337
 30
0.0
 10
167.119140
 20
178.206419
 30
0.0
  0
SPLINE
  5
2fc
100
AcDbEntity
  8
0
 62
7
100
AcDbSpline
 70
8
 71
3
 72
8
 73
4
 74
0
 40
0
 40
0
 40
0
 40
0
 40
1
 40
1
 40
1
 40
1
 10
167.119140
 20
178.206419
 30
0.0
 10
167.119036
 20
178.166501
 30
0.0
 10
167.134847
 20
178.128188
 30
0.0
 10
167.163073
 20
178.099962
 30
0.0
  0
SPLINE
  5
2fd
100
AcDbEntity
  8
0
 62
7
100
AcDbSpline
 70
8
 71
3
 72
8
 73
4
 74
0
 40
0
 40
0
 40
0
 40
0
 40
1
 40
1
 40
1
 40
1
 10
167.163073
 20
178.099962
 30
0.0
 10
167.191299
 20
178.071735
 30
0.0
 10
167.229612
 20
178.055924
 30
0.0
 10
167.269530
 20
178.056028
 30
0.0
  0
LWPOLYLINE
  5
2fe
100
AcDbEntity
  8
0
 62
7
100
AcDbPolyline
 90
2
 70
0
 10
167.769530
 20
179.141966
 30
0.0
 10
167.269530
 20
179.141966
 30
0.0
  0
SPLINE
  5
2ff
100
AcDbEntity
  8
0
 62
7
100
AcDbSpline
 70
8
 71
3
 72
8
 73
4
 74
0
 40
0
 40
0
 40
0
 40
0
 40
1
 40
1
 40
1
 40
1
 10
167.982420
 20
178.056028
 30
0.0
 10
168.022338
 20
178.055924
 30
0.0
 10
168.060651
 20
178.071735
 30
0.0
 10
168.088877
 20
178.099962
 30
0.0
  0
SPLINE
  5
300
100
AcDbEntity
  8
0
 62
7
100
AcDbSpline
 70
8
 71
3
 72
8
 73
4
 74
0
 40
0
 40
0
 40
0
 40
0
 40
1
 40
1
 40
1
 40
1
 10
168.088877
 20
178.099962
 30
0.0
 10
168.117103
 20
178.128188
 30
0.0
 10
168.132914
 20
178.166501
 30
0.0
 10
168.132810
 20
178.206419
 30
0.0
  0
SPLINE
  5
301
100
AcDbEntity
  8
0
 62
7
100
AcDbSpline
 70
8
 71
3
 72
8
 73
4
 74
0
 40
0
 40
0
 40
0
 40
0
 40
1
 40
1
 40
1
 40
1
 10
168.132810
 20
178.206419
 30
0.0
 10
168.132914
 20
178.246337
 30
0.0
 10
168.117103
 20
178.284649
 30
0.0
 10
168.088877
 20
178.312876
 30
0.0
  0
SPLINE
  5
302
100
AcDbEntity
  8
0
 62
7
100
AcDbSpline
 70
8
 71
3
 72
8
 73
4
 74
0
 40
0
 40
0
 40
0
 40
0
 40
1
 40
1
 40
1
 40
1
 10
168.088877
 20
178.312876
 30
0.0
 10
168.060650
 20
178.341102
 30
0.0
 10
168.022338
 20
178.356913
 30
0.0
 10
167.982420
 20
178.356809
 30
0.0
  0
LWPOLYLINE
  5
303
100
AcDbEntity
  8
0
 62
7
100
AcDbPolyline
 90
2
 70
0
 10
167.269530
 20
178.056028
 30
0.0
 10
167.982420
 20
178.056028
 30
0.0
  0
SPLINE
  5
304
100
AcDbEntity
  8
0
 62
7
100
AcDbSpline
 70
8
 71
3
 72
8
 73
4
 74
0
 40
0
 40
0
 40
0
 40
0
 40
1
 40
1
 40
1
 40
1
 10
167.269530
 20
179.856809
 30
0.0
 10
167.229612
 20
179.856913
 30
0.0
 10
167.191300
 20
179.841102
 30
0.0
 10
167.163073
 20
179.812876
 30
0.0
  0
SPLINE
  5
305
100
AcDbEntity
  8
0
 62
7
100
AcDbSpline
 70
8
 71
3
 72
8
 73
4
 74
0
 40
0
 40
0
 40
0
 40
0
 40
1
 40
1
 40
1
 40
1
 10
167.163073
 20
179.812876
 30
0.0
 10
167.134847
 20
179.784649
 30
0.0
 10
167.119036
 20
179.746337
 30
0.0
 10
167.119140
 20
179.706419
 30
0.0
  0
LWPOLYLINE
  5
306
100
AcDbEntity
  8
0
 62
7
100
AcDbPolyline
 90
2
 70
0
 10
167.982420
 20
178.356809
 30
0.0
 10
167.269530
 20
178.356809
 30
0.0
  0
SPLINE
  5
307
100
AcDbEntity
  8
0
 62
7
100
AcDbSpline
 70
8
 71
3
 72
8
 73
4
 74
0
 40
0
 40
0
 40
0
 40
0
 40
1
 40
1
 40
1
 40
1
 10
167.119140
 20
178.206419
 30
0.0
 10
167.119036
 20
178.166501
 30
0.0
 10
167.134847
 20
178.128188
 30
0.0
 10
167.163073
 20
178.099962
 30
0.0
  0
SPLINE
  5
308
100
AcDbEntity
  8
0
 62
7
100
AcDbSpline
 70
8
 71
3
 72
8
 73
4
 74
0
 40
0
 40
0
 40
0
 40
0
 40
1
 40
1
 40
1
 40
1
 10
167.163073
 20
178.099962
 30
0.0
 10
167.191299
 20
178.071735
 30
0.0
 10
167.229612
 20
178.055924
 30
0.0
 10
167.269530
 20
178.056028
 30
0.0
  0
SPLINE
  5
309
100
AcDbEntity
  8
0
 62
7
100
AcDbSpline
 70
8
 71
3
 72
8
 73
4
 74
0
 40
0
 40
0
 40
0
 40
0
 40
1
 40
1
 40
1
 40
1
 10
167.269530
 20
178.056028
 30
0.0
 10
167.351915
 20
178.056885
 30
0.0
 10
167.418189
 20
178.124029
 30
0.0
 10
167.417970
 20
178.206419
 30
0.0
  0
LWPOLYLINE
  5
30a
100
AcDbEntity
  8
0
 62
7
100
AcDbPolyline
 90
2
 70
0
 10
167.119140
 20
179.706419
 30
0.0
 10
167.119140
 20
178.206419
 30
0.0
  0
SPLINE
  5
30b
100
AcDbEntity
  8
0
 62
7
100
AcDbSpline
 70
8
 71
3
 72
8
 73
4
 74
0
 40
0
 40
0
 40
0
 40
0
 40
1
 40
1
 40
1
 40
1
 10
167.417970
 20
179.706419
 30
0.0
 10
167.418189
 20
179.788808
 30
0.0
 10
167.351915
 20
179.855952
 30
0.0
 10
167.269530
 20
179.856809
 30
0.0
  0
LWPOLYLINE
  5
30c
100
AcDbEntity
  8
0
 62
7
100
AcDbPolyline
 90
2
 70
0
 10
167.417970
 20
178.206419
 30
0.0
 10
167.417970
 20
179.706419
 30
0.0
  0
SPLINE
  5
30d
100
AcDbEntity
  8
0
 62
7
100
AcDbSpline
 70
8
 71
3
 72
8
 73
4
 74
0
 40
0
 40
0
 40
0
 40
0
 40
1
 40
1
 40
1
 40
1
 10
167.269530
 20
179.856809
 30
0.0
 10
167.229612
 20
179.856913
 30
0.0
 10
167.191300
 20
179.841102
 30
0.0
 10
167.163073
 20
179.812876
 30
0.0
  0
SPLINE
  5
30e
100
AcDbEntity
  8
0
 62
7
100
AcDbSpline
 70
8
 71
3
 72
8
 73
4
 74
0
 40
0
 40
0
 40
0
 40
0
 40
1
 40
1
 40
1
 40
1
 10
167.163073
 20
179.812876
 30
0.0
 10
167.134847
 20
179.784649
 30
0.0
 10
167.119036
 20
179.746337
 30
0.0
 10
167.119140
 20
179.706419
 30
0.0
  0
SPLINE
  5
30f
100
AcDbEntity
  8
0
 62
7
100
AcDbSpline
 70
8
 71
3
 72
8
 73
4
 74
0
 40
0
 40
0
 40
0
 40
0
 40
1
 40
1
 40
1
 40
1
 10
167.119140
 20
179.706419
 30
0.0
 10
167.119036
 20
179.666501
 30
0.0
 10
167.134847
 20
179.628188
 30
0.0
 10
167.163073
 20
179.599962
 30
0.0
  0
SPLINE
  5
310
100
AcDbEntity
  8
0
 62
7
100
AcDbSpline
 70
8
 71
3
 72
8
 73
4
 74
0
 40
0
 40
0
 40
0
 40
0
 40
1
 40
1
 40
1
 40
1
 10
167.163073
 20
179.599962
 30
0.0
 10
167.191299
 20
179.571735
 30
0.0
 10
167.229612
 20
179.555924
 30
0.0
 10
167.269530
 20
179.556028
 30
0.0
  0
LWPOLYLINE
  5
311
100
AcDbEntity
  8
0
 62
7
100
AcDbPolyline
 90
1
 70
1
 10
167.269530
 20
179.856809
 30
0.0
  0
SPLINE
  5
312
100
AcDbEntity
  8
0
 62
7
100
AcDbSpline
 70
8
 71
3
 72
8
 73
4
 74
0
 40
0
 40
0
 40
0
 40
0
 40
1
 40
1
 40
1
 40
1
 10
167.982420
 20
179.556028
 30
0.0
 10
168.022338
 20
179.555924
 30
0.0
 10
168.060651
 20
179.571735
 30
0.0
 10
168.088877
 20
179.599962
 30
0.0
  0
SPLINE
  5
313
100
AcDbEntity
  8
0
 62
7
100
AcDbSpline
 70
8
 71
3
 72
8
 73
4
 74
0
 40
0
 40
0
 40
0
 40
0
 40
1
 40
1
 40
1
 40
1
 10
168.088877
 20
179.599962
 30
0.0
 10
168.117103
 20
179.628188
 30
0.0
 10
168.132914
 20
179.666501
 30
0.0
 10
168.132810
 20
179.706419
 30
0.0
  0
SPLINE
  5
314
100
AcDbEntity
  8
0
 62
7
100
AcDbSpline
 70
8
 71
3
 72
8
 73
4
 74
0
 40
0
 40
0
 40
0
 40
0
 40
1
 40
1
 40
1
 40
1
 10
168.132810
 20
179.706419
 30
0.0
 10
168.132914
 20
179.746337
 30
0.0
 10
168.117103
 20
179.784649
 30
0.0
 10
168.088877
 20
179.812876
 30
0.0
  0
SPLINE
  5
315
100
AcDbEntity
  8
0
 62
7
100
AcDbSpline
 70
8
 71
3
 72
8
 73
4
 74
0
 40
0
 40
0
 40
0
 40
0
 40
1
 40
1
 40
1
 40
1
 10
168.088877
 20
179.812876
 30
0.0
 10
168.060650
 20
179.841102
 30
0.0
 10
168.022338
 20
179.856913
 30
0.0
 10
167.982420
 20
179.856809
 30
0.0
  0
LWPOLYLINE
  5
316
100
AcDbEntity
  8
0
 62
7
100
AcDbPolyline
 90
2
 70
0
 10
167.269530
 20
179.556028
 30
0.0
 10
167.982420
 20
179.556028
 30
0.0
  0
SPLINE
  5
317
100
AcDbEntity
  8
0
 62
7
100
AcDbSpline
 70
8
 71
3
 72
8
 73
4
 74
0
 40
0
 40
0
 40
0
 40
0
 40
1
 40
1
 40
1
 40
1
 10
168.625000
 20
179.856809
 30
0.0
 10
168.542615
 20
179.855952
 30
0.0
 10
168.476341
 20
179.788808
 30
0.0
 10
168.476560
 20
179.706419
 30
0.0
  0
LWPOLYLINE
  5
318
100
AcDbEntity
  8
0
 62
7
100
AcDbPolyline
 90
2
 70
0
 10
167.982420
 20
179.856809
 30
0.0
 10
167.269530
 20
179.856809
 30
0.0
  0
SPLINE
  5
319
100
AcDbEntity
  8
0
 62
7
100
AcDbSpline
 70
8
 71
3
 72
8
 73
4
 74
0
 40
0
 40
0
 40
0
 40
0
 40
1
 40
1
 40
1
 40
1
 10
168.476560
 20
178.206419
 30
0.0
 10
168.476341
 20
178.124029
 30
0.0
 10
168.542615
 20
178.056885
 30
0.0
 10
168.625000
 20
178.056028
 30
0.0
  0
SPLINE
  5
31a
100
AcDbEntity
  8
0
 62
7
100
AcDbSpline
 70
8
 71
3
 72
8
 73
4
 74
0
 40
0
 40
0
 40
0
 40
0
 40
1
 40
1
 40
1
 40
1
 10
168.625000
 20
178.056028
 30
0.0
 10
168.664918
 20
178.055924
 30
0.0
 10
168.703231
 20
178.071735
 30
0.0
 10
168.731457
 20
178.099962
 30
0.0
  0
SPLINE
  5
31b
100
AcDbEntity
  8
0
 62
7
100
AcDbSpline
 70
8
 71
3
 72
8
 73
4
 74
0
 40
0
 40
0
 40
0
 40
0
 40
1
 40
1
 40
1
 40
1
 10
168.731457
 20
178.099962
 30
0.0
 10
168.759683
 20
178.128188
 30
0.0
 10
168.775494
 20
178.166501
 30
0.0
 10
168.775390
 20
178.206419
 30
0.0
  0
LWPOLYLINE
  5
31c
100
AcDbEntity
  8
0
 62
7
100
AcDbPolyline
 90
2
 70
0
 10
168.476560
 20
179.706419
 30
0.0
 10
168.476560
 20
178.206419
 30
0.0
  0
SPLINE
  5
31d
100
AcDbEntity
  8
0
 62
7
100
AcDbSpline
 70
8
 71
3
 72
8
 73
4
 74
0
 40
0
 40
0
 40
0
 40
0
 40
1
 40
1
 40
1
 40
1
 10
168.775390
 20
179.706419
 30
0.0
 10
168.775494
 20
179.746337
 30
0.0
 10
168.759683
 20
179.784649
 30
0.0
 10
168.731457
 20
179.812876
 30
0.0
  0
SPLINE
  5
31e
100
AcDbEntity
  8
0
 62
7
100
AcDbSpline
 70
8
 71
3
 72
8
 73
4
 74
0
 40
0
 40
0
 40
0
 40
0
 40
1
 40
1
 40
1
 40
1
 10
168.731457
 20
179.812876
 30
0.0
 10
168.703230
 20
179.841102
 30
0.0
 10
168.664918
 20
179.856913
 30
0.0
 10
168.625000
 20
179.856809
 30
0.0
  0
LWPOLYLINE
  5
31f
100
AcDbEntity
  8
0
 62
7
100
AcDbPolyline
 90
2
 70
0
 10
168.775390
 20
178.206419
 30
0.0
 10
168.775390
 20
179.706419
 30
0.0
  0
SPLINE
  5
320
100
AcDbEntity
  8
0
 62
7
100
AcDbSpline
 70
8
 71
3
 72
8
 73
4
 74
0
 40
0
 40
0
 40
0
 40
0
 40
1
 40
1
 40
1
 40
1
 10
168.562500
 20
179.843138
 30
0.0
 10
168.487584
 20
179.808034
 30
0.0
 10
168.455236
 20
179.718901
 30
0.0
 10
168.490200
 20
179.643919
 30
0.0
  0
LWPOLYLINE
  5
321
100
AcDbEntity
  8
0
 62
7
100
AcDbPolyline
 90
1
 70
1
 10
168.625000
 20
179.856809
 30
0.0
  0
SPLINE
  5
322
100
AcDbEntity
  8
0
 62
7
100
AcDbSpline
 70
8
 71
3
 72
8
 73
4
 74
0
 40
0
 40
0
 40
0
 40
0
 40
1
 40
1
 40
1
 40
1
 10
168.990200
 20
178.571653
 30
0.0
 10
169.025316
 20
178.496748
 30
0.0
 10
169.114446
 20
178.464415
 30
0.0
 10
169.189420
 20
178.499383
 30
0.0
  0
SPLINE
  5
323
100
AcDbEntity
  8
0
 62
7
100
AcDbSpline
 70
8
 71
3
 72
8
 73
4
 74
0
 40
0
 40
0
 40
0
 40
0
 40
1
 40
1
 40
1
 40
1
 10
169.189420
 20
178.499383
 30
0.0
 10
169.264335
 20
178.534487
 30
0.0
 10
169.296683
 20
178.623620
 30
0.0
 10
169.261720
 20
178.698601
 30
0.0
  0
LWPOLYLINE
  5
324
100
AcDbEntity
  8
0
 62
7
100
AcDbPolyline
 90
2
 70
0
 10
168.490200
 20
179.643919
 30
0.0
 10
168.990200
 20
178.571653
 30
0.0
  0
SPLINE
  5
325
100
AcDbEntity
  8
0
 62
7
100
AcDbSpline
 70
8
 71
3
 72
8
 73
4
 74
0
 40
0
 40
0
 40
0
 40
0
 40
1
 40
1
 40
1
 40
1
 10
168.761720
 20
179.768914
 30
0.0
 10
168.745212
 20
179.805235
 30
0.0
 10
168.714915
 20
179.833483
 30
0.0
 10
168.677529
 20
179.847412
 30
0.0
  0
SPLINE
  5
326
100
AcDbEntity
  8
0
 62
7
100
AcDbSpline
 70
8
 71
3
 72
8
 73
4
 74
0
 40
0
 40
0
 40
0
 40
0
 40
1
 40
1
 40
1
 40
1
 10
168.677529
 20
179.847412
 30
0.0
 10
168.640143
 20
179.861340
 30
0.0
 10
168.598748
 20
179.859801
 30
0.0
 10
168.562500
 20
179.843134
 30
0.0
  0
LWPOLYLINE
  5
327
100
AcDbEntity
  8
0
 62
7
100
AcDbPolyline
 90
2
 70
0
 10
169.261720
 20
178.698601
 30
0.0
 10
168.761720
 20
179.768914
 30
0.0
  0
SPLINE
  5
328
100
AcDbEntity
  8
0
 62
7
100
AcDbSpline
 70
8
 71
3
 72
8
 73
4
 74
0
 40
0
 40
0
 40
0
 40
0
 40
1
 40
1
 40
1
 40
1
 10
169.689450
 20
179.843138
 30
0.0
 10
169.653202
 20
179.859805
 30
0.0
 10
169.611807
 20
179.861344
 30
0.0
 10
169.574421
 20
179.847416
 30
0.0
  0
SPLINE
  5
329
100
AcDbEntity
  8
0
 62
7
100
AcDbSpline
 70
8
 71
3
 72
8
 73
4
 74
0
 40
0
 40
0
 40
0
 40
0
 40
1
 40
1
 40
1
 40
1
 10
169.574421
 20
179.847416
 30
0.0
 10
169.537035
 20
179.833487
 30
0.0
 10
169.506738
 20
179.805239
 30
0.0
 10
169.490230
 20
179.768918
 30
0.0
  0
LWPOLYLINE
  5
32a
100
AcDbEntity
  8
0
 62
7
100
AcDbPolyline
 90
1
 70
1
 10
168.562500
 20
179.843134
 30
0.0
  0
SPLINE
  5
32b
100
AcDbEntity
  8
0
 62
7
100
AcDbSpline
 70
8
 71
3
 72
8
 73
4
 74
0
 40
0
 40
0
 40
0
 40
0
 40
1
 40
1
 40
1
 40
1
 10
168.990230
 20
178.698605
 30
0.0
 10
168.955267
 20
178.623624
 30
0.0
 10
168.987615
 20
178.534491
 30
0.0
 10
169.062530
 20
178.499387
 30
0.0
  0
SPLINE
  5
32c
100
AcDbEntity
  8
0
 62
7
100
AcDbSpline
 70
8
 71
3
 72
8
 73
4
 74
0
 40
0
 40
0
 40
0
 40
0
 40
1
 40
1
 40
1
 40
1
 10
169.062530
 20
178.499387
 30
0.0
 10
169.137504
 20
178.464419
 30
0.0
 10
169.226634
 20
178.496752
 30
0.0
 10
169.261750
 20
178.571657
 30
0.0
  0
LWPOLYLINE
  5
32d
100
AcDbEntity
  8
0
 62
7
100
AcDbPolyline
 90
2
 70
0
 10
169.490230
 20
179.768918
 30
0.0
 10
168.990230
 20
178.698605
 30
0.0
  0
SPLINE
  5
32e
100
AcDbEntity
  8
0
 62
7
100
AcDbSpline
 70
8
 71
3
 72
8
 73
4
 74
0
 40
0
 40
0
 40
0
 40
0
 40
1
 40
1
 40
1
 40
1
 10
169.761750
 20
179.643923
 30
0.0
 10
169.796714
 20
179.718905
 30
0.0
 10
169.764366
 20
179.808038
 30
0.0
 10
169.689450
 20
179.843142
 30
0.0
  0
LWPOLYLINE
  5
32f
100
AcDbEntity
  8
0
 62
7
100
AcDbPolyline
 90
2
 70
0
 10
169.261750
 20
178.571657
 30
0.0
 10
169.761750
 20
179.643923
 30
0.0
  0
SPLINE
  5
330
100
AcDbEntity
  8
0
 62
7
100
AcDbSpline
 70
8
 71
3
 72
8
 73
4
 74
0
 40
0
 40
0
 40
0
 40
0
 40
1
 40
1
 40
1
 40
1
 10
169.625000
 20
179.856809
 30
0.0
 10
169.542615
 20
179.855952
 30
0.0
 10
169.476341
 20
179.788808
 30
0.0
 10
169.476560
 20
179.706419
 30
0.0
  0
LWPOLYLINE
  5
331
100
AcDbEntity
  8
0
 62
7
100
AcDbPolyline
 90
1
 70
1
 10
169.689450
 20
179.843142
 30
0.0
  0
SPLINE
  5
332
100
AcDbEntity
  8
0
 62
7
100
AcDbSpline
 70
8
 71
3
 72
8
 73
4
 74
0
 40
0
 40
0
 40
0
 40
0
 40
1
 40
1
 40
1
 40
1
 10
169.476560
 20
178.206419
 30
0.0
 10
169.476341
 20
178.124029
 30
0.0
 10
169.542615
 20
178.056885
 30
0.0
 10
169.625000
 20
178.056028
 30
0.0
  0
SPLINE
  5
333
100
AcDbEntity
  8
0
 62
7
100
AcDbSpline
 70
8
 71
3
 72
8
 73
4
 74
0
 40
0
 40
0
 40
0
 40
0
 40
1
 40
1
 40
1
 40
1
 10
169.625000
 20
178.056028
 30
0.0
 10
169.664918
 20
178.055924
 30
0.0
 10
169.703231
 20
178.071735
 30
0.0
 10
169.731457
 20
178.099962
 30
0.0
  0
SPLINE
  5
334
100
AcDbEntity
  8
0
 62
7
100
AcDbSpline
 70
8
 71
3
 72
8
 73
4
 74
0
 40
0
 40
0
 40
0
 40
0
 40
1
 40
1
 40
1
 40
1
 10
169.731457
 20
178.099962
 30
0.0
 10
169.759683
 20
178.128188
 30
0.0
 10
169.775494
 20
178.166501
 30
0.0
 10
169.775390
 20
178.206419
 30
0.0
  0
LWPOLYLINE
  5
335
100
AcDbEntity
  8
0
 62
7
100
AcDbPolyline
 90
2
 70
0
 10
169.476560
 20
179.706419
 30
0.0
 10
169.476560
 20
178.206419
 30
0.0
  0
SPLINE
  5
336
100
AcDbEntity
  8
0
 62
7
100
AcDbSpline
 70
8
 71
3
 72
8
 73
4
 74
0
 40
0
 40
0
 40
0
 40
0
 40
1
 40
1
 40
1
 40
1
 10
169.775390
 20
179.706419
 30
0.0
 10
169.775494
 20
179.746337
 30
0.0
 10
169.759683
 20
179.784649
 30
0.0
 10
169.731457
 20
179.812876
 30
0.0
  0
SPLINE
  5
337
100
AcDbEntity
  8
0
 62
7
100
AcDbSpline
 70
8
 71
3
 72
8
 73
4
 74
0
 40
0
 40
0
 40
0
 40
0
 40
1
 40
1
 40
1
 40
1
 10
169.731457
 20
179.812876
 30
0.0
 10
169.703230
 20
179.841102
 30
0.0
 10
169.664918
 20
179.856913
 30
0.0
 10
169.625000
 20
179.856809
 30
0.0
  0
LWPOLYLINE
  5
338
100
AcDbEntity
  8
0
 62
7
100
AcDbPolyline
 90
2
 70
0
 10
169.775390
 20
178.206419
 30
0.0
 10
169.775390
 20
179.706419
 30
0.0
  0
SPLINE
  5
339
100
AcDbEntity
  8
0
 62
7
100
AcDbSpline
 70
8
 71
3
 72
8
 73
4
 74
0
 40
0
 40
0
 40
0
 40
0
 40
1
 40
1
 40
1
 40
1
 10
170.339840
 20
178.927122
 30
0.0
 10
170.257452
 20
178.927341
 30
0.0
 10
170.190308
 20
178.861068
 30
0.0
 10
170.189450
 20
178.778684
 30
0.0
  0
SPLINE
  5
33a
100
AcDbEntity
  8
0
 62
7
100
AcDbSpline
 70
8
 71
3
 72
8
 73
4
 74
0
 40
0
 40
0
 40
0
 40
0
 40
1
 40
1
 40
1
 40
1
 10
170.189450
 20
178.778684
 30
0.0
 10
170.189346
 20
178.738766
 30
0.0
 10
170.205157
 20
178.700454
 30
0.0
 10
170.233383
 20
178.672227
 30
0.0
  0
SPLINE
  5
33b
100
AcDbEntity
  8
0
 62
7
100
AcDbSpline
 70
8
 71
3
 72
8
 73
4
 74
0
 40
0
 40
0
 40
0
 40
0
 40
1
 40
1
 40
1
 40
1
 10
170.233383
 20
178.672227
 30
0.0
 10
170.261610
 20
178.644001
 30
0.0
 10
170.299922
 20
178.628190
 30
0.0
 10
170.339840
 20
178.628294
 30
0.0
  0
LWPOLYLINE
  5
33c
100
AcDbEntity
  8
0
 62
7
100
AcDbPolyline
 90
1
 70
1
 10
169.625000
 20
179.856809
 30
0.0
  0
SPLINE
  5
33d
100
AcDbEntity
  8
0
 62
7
100
AcDbSpline
 70
8
 71
3
 72
8
 73
4
 74
0
 40
0
 40
0
 40
0
 40
0
 40
1
 40
1
 40
1
 40
1
 10
171.482420
 20
178.628294
 30
0.0
 10
171.522338
 20
178.628190
 30
0.0
 10
171.560650
 20
178.644001
 30
0.0
 10
171.588877
 20
178.672227
 30
0.0
  0
SPLINE
  5
33e
100
AcDbEntity
  8
0
 62
7
100
AcDbSpline
 70
8
 71
3
 72
8
 73
4
 74
0
 40
0
 40
0
 40
0
 40
0
 40
1
 40
1
 40
1
 40
1
 10
171.588877
 20
178.672227
 30
0.0
 10
171.617103
 20
178.700454
 30
0.0
 10
171.632914
 20
178.738766
 30
0.0
 10
171.632810
 20
178.778684
 30
0.0
  0
SPLINE
  5
33f
100
AcDbEntity
  8
0
 62
7
100
AcDbSpline
 70
8
 71
3
 72
8
 73
4
 74
0
 40
0
 40
0
 40
0
 40
0
 40
1
 40
1
 40
1
 40
1
 10
171.632810
 20
178.778684
 30
0.0
 10
171.631952
 20
178.861068
 30
0.0
 10
171.564808
 20
178.927341
 30
0.0
 10
171.482420
 20
178.927122
 30
0.0
  0
LWPOLYLINE
  5
340
100
AcDbEntity
  8
0
 62
7
100
AcDbPolyline
 90
2
 70
0
 10
170.339840
 20
178.628294
 30
0.0
 10
171.482420
 20
178.628294
 30
0.0
  0
SPLINE
  5
341
100
AcDbEntity
  8
0
 62
7
100
AcDbSpline
 70
8
 71
3
 72
8
 73
4
 74
0
 40
0
 40
0
 40
0
 40
0
 40
1
 40
1
 40
1
 40
1
 10
172.468750
 20
179.044309
 30
0.0
 10
172.436099
 20
179.021530
 30
0.0
 10
172.413842
 20
178.986706
 30
0.0
 10
172.406883
 20
178.947507
 30
0.0
  0
SPLINE
  5
342
100
AcDbEntity
  8
0
 62
7
100
AcDbSpline
 70
8
 71
3
 72
8
 73
4
 74
0
 40
0
 40
0
 40
0
 40
0
 40
1
 40
1
 40
1
 40
1
 10
172.406883
 20
178.947507
 30
0.0
 10
172.399925
 20
178.908308
 30
0.0
 10
172.408834
 20
178.867951
 30
0.0
 10
172.431650
 20
178.835325
 30
0.0
  0
LWPOLYLINE
  5
343
100
AcDbEntity
  8
0
 62
7
100
AcDbPolyline
 90
2
 70
0
 10
171.482420
 20
178.927122
 30
0.0
 10
170.339840
 20
178.927122
 30
0.0
  0
SPLINE
  5
344
100
AcDbEntity
  8
0
 62
7
100
AcDbSpline
 70
8
 71
3
 72
8
 73
4
 74
0
 40
0
 40
0
 40
0
 40
0
 40
1
 40
1
 40
1
 40
1
 10
172.931650
 20
178.120481
 30
0.0
 10
172.954427
 20
178.087829
 30
0.0
 10
172.989250
 20
178.065572
 30
0.0
 10
173.028448
 20
178.058611
 30
0.0
  0
SPLINE
  5
345
100
AcDbEntity
  8
0
 62
7
100
AcDbSpline
 70
8
 71
3
 72
8
 73
4
 74
0
 40
0
 40
0
 40
0
 40
0
 40
1
 40
1
 40
1
 40
1
 10
173.028448
 20
178.058611
 30
0.0
 10
173.067646
 20
178.051650
 30
0.0
 10
173.108004
 20
178.060558
 30
0.0
 10
173.140630
 20
178.083371
 30
0.0
  0
SPLINE
  5
346
100
AcDbEntity
  8
0
 62
7
100
AcDbSpline
 70
8
 71
3
 72
8
 73
4
 74
0
 40
0
 40
0
 40
0
 40
0
 40
1
 40
1
 40
1
 40
1
 10
173.140630
 20
178.083371
 30
0.0
 10
173.173281
 20
178.106150
 30
0.0
 10
173.195538
 20
178.140974
 30
0.0
 10
173.202497
 20
178.180173
 30
0.0
  0
SPLINE
  5
347
100
AcDbEntity
  8
0
 62
7
100
AcDbSpline
 70
8
 71
3
 72
8
 73
4
 74
0
 40
0
 40
0
 40
0
 40
0
 40
1
 40
1
 40
1
 40
1
 10
173.202497
 20
178.180173
 30
0.0
 10
173.209455
 20
178.219372
 30
0.0
 10
173.200546
 20
178.259729
 30
0.0
 10
173.177730
 20
178.292355
 30
0.0
  0
LWPOLYLINE
  5
348
100
AcDbEntity
  8
0
 62
7
100
AcDbPolyline
 90
2
 70
0
 10
172.431650
 20
178.835325
 30
0.0
 10
172.931650
 20
178.120481
 30
0.0
  0
SPLINE
  5
349
100
AcDbEntity
  8
0
 62
7
100
AcDbSpline
 70
8
 71
3
 72
8
 73
4
 74
0
 40
0
 40
0
 40
0
 40
0
 40
1
 40
1
 40
1
 40
1
 10
172.677730
 20
179.007200
 30
0.0
 10
172.654953
 20
179.039852
 30
0.0
 10
172.620130
 20
179.062109
 30
0.0
 10
172.580932
 20
179.069070
 30
0.0
  0
SPLINE
  5
34a
100
AcDbEntity
  8
0
 62
7
100
AcDbSpline
 70
8
 71
3
 72
8
 73
4
 74
0
 40
0
 40
0
 40
0
 40
0
 40
1
 40
1
 40
1
 40
1
 10
172.580932
 20
179.069070
 30
0.0
 10
172.541734
 20
179.076031
 30
0.0
 10
172.501376
 20
179.067123
 30
0.0
 10
172.468750
 20
179.044310
 30
0.0
  0
LWPOLYLINE
  5
34b
100
AcDbEntity
  8
0
 62
7
100
AcDbPolyline
 90
2
 70
0
 10
173.177730
 20
178.292355
 30
0.0
 10
172.677730
 20
179.007200
 30
0.0
  0
SPLINE
  5
34c
100
AcDbEntity
  8
0
 62
7
100
AcDbSpline
 70
8
 71
3
 72
8
 73
4
 74
0
 40
0
 40
0
 40
0
 40
0
 40
1
 40
1
 40
1
 40
1
 10
172.197270
 20
179.856809
 30
0.0
 10
172.157351
 20
179.856916
 30
0.0
 10
172.119035
 20
179.841106
 30
0.0
 10
172.090807
 20
179.812879
 30
0.0
  0
SPLINE
  5
34d
100
AcDbEntity
  8
0
 62
7
100
AcDbSpline
 70
8
 71
3
 72
8
 73
4
 74
0
 40
0
 40
0
 40
0
 40
0
 40
1
 40
1
 40
1
 40
1
 10
172.090807
 20
179.812879
 30
0.0
 10
172.062579
 20
179.784653
 30
0.0
 10
172.046766
 20
179.746338
 30
0.0
 10
172.046870
 20
179.706419
 30
0.0
  0
LWPOLYLINE
  5
34e
100
AcDbEntity
  8
0
 62
7
100
AcDbPolyline
 90
1
 70
1
 10
172.468750
 20
179.044310
 30
0.0
  0
SPLINE
  5
34f
100
AcDbEntity
  8
0
 62
7
100
AcDbSpline
 70
8
 71
3
 72
8
 73
4
 74
0
 40
0
 40
0
 40
0
 40
0
 40
1
 40
1
 40
1
 40
1
 10
172.046870
 20
178.206419
 30
0.0
 10
172.046766
 20
178.166499
 30
0.0
 10
172.062578
 20
178.128185
 30
0.0
 10
172.090807
 20
178.099958
 30
0.0
  0
SPLINE
  5
350
100
AcDbEntity
  8
0
 62
7
100
AcDbSpline
 70
8
 71
3
 72
8
 73
4
 74
0
 40
0
 40
0
 40
0
 40
0
 40
1
 40
1
 40
1
 40
1
 10
172.090807
 20
178.099958
 30
0.0
 10
172.119035
 20
178.071732
 30
0.0
 10
172.157350
 20
178.055921
 30
0.0
 10
172.197270
 20
178.056028
 30
0.0
  0
SPLINE
  5
351
100
AcDbEntity
  8
0
 62
7
100
AcDbSpline
 70
8
 71
3
 72
8
 73
4
 74
0
 40
0
 40
0
 40
0
 40
0
 40
1
 40
1
 40
1
 40
1
 10
172.197270
 20
178.056028
 30
0.0
 10
172.237188
 20
178.055924
 30
0.0
 10
172.275501
 20
178.071735
 30
0.0
 10
172.303727
 20
178.099962
 30
0.0
  0
SPLINE
  5
352
100
AcDbEntity
  8
0
 62
7
100
AcDbSpline
 70
8
 71
3
 72
8
 73
4
 74
0
 40
0
 40
0
 40
0
 40
0
 40
1
 40
1
 40
1
 40
1
 10
172.303727
 20
178.099962
 30
0.0
 10
172.331953
 20
178.128188
 30
0.0
 10
172.347764
 20
178.166501
 30
0.0
 10
172.347660
 20
178.206419
 30
0.0
  0
LWPOLYLINE
  5
353
100
AcDbEntity
  8
0
 62
7
100
AcDbPolyline
 90
2
 70
0
 10
172.046870
 20
179.706419
 30
0.0
 10
172.046870
 20
178.206419
 30
0.0
  0
SPLINE
  5
354
100
AcDbEntity
  8
0
 62
7
100
AcDbSpline
 70
8
 71
3
 72
8
 73
4
 74
0
 40
0
 40
0
 40
0
 40
0
 40
1
 40
1
 40
1
 40
1
 10
172.347660
 20
179.706419
 30
0.0
 10
172.347764
 20
179.746337
 30
0.0
 10
172.331953
 20
179.784649
 30
0.0
 10
172.303727
 20
179.812876
 30
0.0
  0
SPLINE
  5
355
100
AcDbEntity
  8
0
 62
7
100
AcDbSpline
 70
8
 71
3
 72
8
 73
4
 74
0
 40
0
 40
0
 40
0
 40
0
 40
1
 40
1
 40
1
 40
1
 10
172.303727
 20
179.812876
 30
0.0
 10
172.275500
 20
179.841102
 30
0.0
 10
172.237188
 20
179.856913
 30
0.0
 10
172.197270
 20
179.856809
 30
0.0
  0
LWPOLYLINE
  5
356
100
AcDbEntity
  8
0
 62
7
100
AcDbPolyline
 90
2
 70
0
 10
172.347660
 20
178.206419
 30
0.0
 10
172.347660
 20
179.706419
 30
0.0
  0
SPLINE
  5
357
100
AcDbEntity
  8
0
 62
7
100
AcDbSpline
 70
8
 71
3
 72
8
 73
4
 74
0
 40
0
 40
0
 40
0
 40
0
 40
1
 40
1
 40
1
 40
1
 10
172.197270
 20
179.856809
 30
0.0
 10
172.157351
 20
179.856916
 30
0.0
 10
172.119035
 20
179.841106
 30
0.0
 10
172.090807
 20
179.812879
 30
0.0
  0
SPLINE
  5
358
100
AcDbEntity
  8
0
 62
7
100
AcDbSpline
 70
8
 71
3
 72
8
 73
4
 74
0
 40
0
 40
0
 40
0
 40
0
 40
1
 40
1
 40
1
 40
1
 10
172.090807
 20
179.812879
 30
0.0
 10
172.062579
 20
179.784653
 30
0.0
 10
172.046766
 20
179.746338
 30
0.0
 10
172.046870
 20
179.706419
 30
0.0
  0
SPLINE
  5
359
100
AcDbEntity
  8
0
 62
7
100
AcDbSpline
 70
8
 71
3
 72
8
 73
4
 74
0
 40
0
 40
0
 40
0
 40
0
 40
1
 40
1
 40
1
 40
1
 10
172.046870
 20
179.706419
 30
0.0
 10
172.046766
 20
179.666499
 30
0.0
 10
172.062578
 20
179.628185
 30
0.0
 10
172.090807
 20
179.599958
 30
0.0
  0
SPLINE
  5
35a
100
AcDbEntity
  8
0
 62
7
100
AcDbSpline
 70
8
 71
3
 72
8
 73
4
 74
0
 40
0
 40
0
 40
0
 40
0
 40
1
 40
1
 40
1
 40
1
 10
172.090807
 20
179.599958
 30
0.0
 10
172.119035
 20
179.571732
 30
0.0
 10
172.157350
 20
179.555921
 30
0.0
 10
172.197270
 20
179.556028
 30
0.0
  0
LWPOLYLINE
  5
35b
100
AcDbEntity
  8
0
 62
7
100
AcDbPolyline
 90
1
 70
1
 10
172.197270
 20
179.856809
 30
0.0
  0
SPLINE
  5
35c
100
AcDbEntity
  8
0
 62
7
100
AcDbSpline
 70
8
 71
3
 72
8
 73
4
 74
0
 40
0
 40
0
 40
0
 40
0
 40
1
 40
1
 40
1
 40
1
 10
172.769530
 20
179.556028
 30
0.0
 10
172.851915
 20
179.556885
 30
0.0
 10
172.918189
 20
179.624029
 30
0.0
 10
172.917970
 20
179.706419
 30
0.0
  0
SPLINE
  5
35d
100
AcDbEntity
  8
0
 62
7
100
AcDbSpline
 70
8
 71
3
 72
8
 73
4
 74
0
 40
0
 40
0
 40
0
 40
0
 40
1
 40
1
 40
1
 40
1
 10
172.917970
 20
179.706419
 30
0.0
 10
172.918189
 20
179.788808
 30
0.0
 10
172.851915
 20
179.855952
 30
0.0
 10
172.769530
 20
179.856809
 30
0.0
  0
LWPOLYLINE
  5
35e
100
AcDbEntity
  8
0
 62
7
100
AcDbPolyline
 90
2
 70
0
 10
172.197270
 20
179.556028
 30
0.0
 10
172.769530
 20
179.556028
 30
0.0
  0
SPLINE
  5
35f
100
AcDbEntity
  8
0
 62
7
100
AcDbSpline
 70
8
 71
3
 72
8
 73
4
 74
0
 40
0
 40
0
 40
0
 40
0
 40
1
 40
1
 40
1
 40
1
 10
172.835940
 20
179.841184
 30
0.0
 10
172.800209
 20
179.858861
 30
0.0
 10
172.758911
 20
179.861587
 30
0.0
 10
172.721165
 20
179.848761
 30
0.0
  0
SPLINE
  5
360
100
AcDbEntity
  8
0
 62
7
100
AcDbSpline
 70
8
 71
3
 72
8
 73
4
 74
0
 40
0
 40
0
 40
0
 40
0
 40
1
 40
1
 40
1
 40
1
 10
172.721165
 20
179.848761
 30
0.0
 10
172.683420
 20
179.835935
 30
0.0
 10
172.652334
 20
179.808611
 30
0.0
 10
172.634770
 20
179.772824
 30
0.0
  0
SPLINE
  5
361
100
AcDbEntity
  8
0
 62
7
100
AcDbSpline
 70
8
 71
3
 72
8
 73
4
 74
0
 40
0
 40
0
 40
0
 40
0
 40
1
 40
1
 40
1
 40
1
 10
172.634770
 20
179.772824
 30
0.0
 10
172.597674
 20
179.698927
 30
0.0
 10
172.627373
 20
179.608947
 30
0.0
 10
172.701170
 20
179.571652
 30
0.0
  0
LWPOLYLINE
  5
362
100
AcDbEntity
  8
0
 62
7
100
AcDbPolyline
 90
2
 70
0
 10
172.769530
 20
179.856809
 30
0.0
 10
172.197270
 20
179.856809
 30
0.0
  0
SPLINE
  5
363
100
AcDbEntity
  8
0
 62
7
100
AcDbSpline
 70
8
 71
3
 72
8
 73
4
 74
0
 40
0
 40
0
 40
0
 40
0
 40
1
 40
1
 40
1
 40
1
 10
172.843750
 20
179.501342
 30
0.0
 10
172.917649
 20
179.464248
 30
0.0
 10
173.007629
 20
179.493953
 30
0.0
 10
173.044920
 20
179.567752
 30
0.0
  0
SPLINE
  5
364
100
AcDbEntity
  8
0
 62
7
100
AcDbSpline
 70
8
 71
3
 72
8
 73
4
 74
0
 40
0
 40
0
 40
0
 40
0
 40
1
 40
1
 40
1
 40
1
 10
173.044920
 20
179.567752
 30
0.0
 10
173.082016
 20
179.641649
 30
0.0
 10
173.052317
 20
179.731629
 30
0.0
 10
172.978520
 20
179.768924
 30
0.0
  0
LWPOLYLINE
  5
365
100
AcDbEntity
  8
0
 62
7
100
AcDbPolyline
 90
2
 70
0
 10
172.701170
 20
179.571652
 30
0.0
 10
172.843750
 20
179.501342
 30
0.0
  0
SPLINE
  5
366
100
AcDbEntity
  8
0
 62
7
100
AcDbSpline
 70
8
 71
3
 72
8
 73
4
 74
0
 40
0
 40
0
 40
0
 40
0
 40
1
 40
1
 40
1
 40
1
 10
172.804690
 20
179.741575
 30
0.0
 10
172.776327
 20
179.713414
 30
0.0
 10
172.760375
 20
179.675098
 30
0.0
 10
172.760375
 20
179.635130
 30
0.0
  0
SPLINE
  5
367
100
AcDbEntity
  8
0
 62
7
100
AcDbSpline
 70
8
 71
3
 72
8
 73
4
 74
0
 40
0
 40
0
 40
0
 40
0
 40
1
 40
1
 40
1
 40
1
 10
172.760375
 20
179.635130
 30
0.0
 10
172.760375
 20
179.595161
 30
0.0
 10
172.776327
 20
179.556845
 30
0.0
 10
172.804690
 20
179.528684
 30
0.0
  0
LWPOLYLINE
  5
368
100
AcDbEntity
  8
0
 62
7
100
AcDbPolyline
 90
2
 70
0
 10
172.978520
 20
179.768924
 30
0.0
 10
172.835940
 20
179.841184
 30
0.0
  0
SPLINE
  5
369
100
AcDbEntity
  8
0
 62
7
100
AcDbSpline
 70
8
 71
3
 72
8
 73
4
 74
0
 40
0
 40
0
 40
0
 40
0
 40
1
 40
1
 40
1
 40
1
 10
172.876990
 20
179.458374
 30
0.0
 10
172.905151
 20
179.430011
 30
0.0
 10
172.943466
 20
179.414060
 30
0.0
 10
172.983435
 20
179.414060
 30
0.0
  0
SPLINE
  5
36a
100
AcDbEntity
  8
0
 62
7
100
AcDbSpline
 70
8
 71
3
 72
8
 73
4
 74
0
 40
0
 40
0
 40
0
 40
0
 40
1
 40
1
 40
1
 40
1
 10
172.983435
 20
179.414060
 30
0.0
 10
173.023404
 20
179.414060
 30
0.0
 10
173.061719
 20
179.430011
 30
0.0
 10
173.089880
 20
179.458374
 30
0.0
  0
SPLINE
  5
36b
100
AcDbEntity
  8
0
 62
7
100
AcDbSpline
 70
8
 71
3
 72
8
 73
4
 74
0
 40
0
 40
0
 40
0
 40
0
 40
1
 40
1
 40
1
 40
1
 10
173.089880
 20
179.458374
 30
0.0
 10
173.147666
 20
179.516813
 30
0.0
 10
173.147666
 20
179.610872
 30
0.0
 10
173.089880
 20
179.669311
 30
0.0
  0
LWPOLYLINE
  5
36c
100
AcDbEntity
  8
0
 62
7
100
AcDbPolyline
 90
2
 70
0
 10
172.804690
 20
179.528684
 30
0.0
 10
172.876990
 20
179.458374
 30
0.0
  0
SPLINE
  5
36d
100
AcDbEntity
  8
0
 62
7
100
AcDbSpline
 70
8
 71
3
 72
8
 73
4
 74
0
 40
0
 40
0
 40
0
 40
0
 40
1
 40
1
 40
1
 40
1
 10
173.017580
 20
179.741581
 30
0.0
 10
172.989419
 20
179.769944
 30
0.0
 10
172.951104
 20
179.785895
 30
0.0
 10
172.911135
 20
179.785895
 30
0.0
  0
SPLINE
  5
36e
100
AcDbEntity
  8
0
 62
7
100
AcDbSpline
 70
8
 71
3
 72
8
 73
4
 74
0
 40
0
 40
0
 40
0
 40
0
 40
1
 40
1
 40
1
 40
1
 10
172.911135
 20
179.785895
 30
0.0
 10
172.871166
 20
179.785895
 30
0.0
 10
172.832851
 20
179.769944
 30
0.0
 10
172.804690
 20
179.741581
 30
0.0
  0
LWPOLYLINE
  5
36f
100
AcDbEntity
  8
0
 62
7
100
AcDbPolyline
 90
2
 70
0
 10
173.089880
 20
179.669311
 30
0.0
 10
173.017580
 20
179.741581
 30
0.0
  0
SPLINE
  5
370
100
AcDbEntity
  8
0
 62
7
100
AcDbSpline
 70
8
 71
3
 72
8
 73
4
 74
0
 40
0
 40
0
 40
0
 40
0
 40
1
 40
1
 40
1
 40
1
 10
172.916020
 20
179.698606
 30
0.0
 10
172.880063
 20
179.680700
 30
0.0
 10
172.852790
 20
179.649121
 30
0.0
 10
172.840309
 20
179.610940
 30
0.0
  0
SPLINE
  5
371
100
AcDbEntity
  8
0
 62
7
100
AcDbSpline
 70
8
 71
3
 72
8
 73
4
 74
0
 40
0
 40
0
 40
0
 40
0
 40
1
 40
1
 40
1
 40
1
 10
172.840309
 20
179.610940
 30
0.0
 10
172.827828
 20
179.572759
 30
0.0
 10
172.831182
 20
179.531168
 30
0.0
 10
172.849620
 20
179.495481
 30
0.0
  0
LWPOLYLINE
  5
372
100
AcDbEntity
  8
0
 62
7
100
AcDbPolyline
 90
1
 70
1
 10
172.804690
 20
179.741581
 30
0.0
  0
SPLINE
  5
373
100
AcDbEntity
  8
0
 62
7
100
AcDbSpline
 70
8
 71
3
 72
8
 73
4
 74
0
 40
0
 40
0
 40
0
 40
0
 40
1
 40
1
 40
1
 40
1
 10
172.919920
 20
179.352903
 30
0.0
 10
172.957211
 20
179.279104
 30
0.0
 10
173.047191
 20
179.249399
 30
0.0
 10
173.121090
 20
179.286493
 30
0.0
  0
SPLINE
  5
374
100
AcDbEntity
  8
0
 62
7
100
AcDbSpline
 70
8
 71
3
 72
8
 73
4
 74
0
 40
0
 40
0
 40
0
 40
0
 40
1
 40
1
 40
1
 40
1
 10
173.121090
 20
179.286493
 30
0.0
 10
173.156885
 20
179.304049
 30
0.0
 10
173.184217
 20
179.335134
 30
0.0
 10
173.197051
 20
179.372880
 30
0.0
  0
SPLINE
  5
375
100
AcDbEntity
  8
0
 62
7
100
AcDbSpline
 70
8
 71
3
 72
8
 73
4
 74
0
 40
0
 40
0
 40
0
 40
0
 40
1
 40
1
 40
1
 40
1
 10
173.197051
 20
179.372880
 30
0.0
 10
173.209885
 20
179.410626
 30
0.0
 10
173.207165
 20
179.451929
 30
0.0
 10
173.189490
 20
179.487665
 30
0.0
  0
LWPOLYLINE
  5
376
100
AcDbEntity
  8
0
 62
7
100
AcDbPolyline
 90
2
 70
0
 10
172.849620
 20
179.495481
 30
0.0
 10
172.919920
 20
179.352903
 30
0.0
  0
SPLINE
  5
377
100
AcDbEntity
  8
0
 62
7
100
AcDbSpline
 70
8
 71
3
 72
8
 73
4
 74
0
 40
0
 40
0
 40
0
 40
0
 40
1
 40
1
 40
1
 40
1
 10
173.117190
 20
179.630243
 30
0.0
 10
173.099626
 20
179.666030
 30
0.0
 10
173.068540
 20
179.693354
 30
0.0
 10
173.030795
 20
179.706180
 30
0.0
  0
SPLINE
  5
378
100
AcDbEntity
  8
0
 62
7
100
AcDbSpline
 70
8
 71
3
 72
8
 73
4
 74
0
 40
0
 40
0
 40
0
 40
0
 40
1
 40
1
 40
1
 40
1
 10
173.030795
 20
179.706180
 30
0.0
 10
172.993049
 20
179.719006
 30
0.0
 10
172.951751
 20
179.716280
 30
0.0
 10
172.916020
 20
179.698603
 30
0.0
  0
LWPOLYLINE
  5
379
100
AcDbEntity
  8
0
 62
7
100
AcDbPolyline
 90
2
 70
0
 10
173.189490
 20
179.487665
 30
0.0
 10
173.117190
 20
179.630243
 30
0.0
  0
SPLINE
  5
37a
100
AcDbEntity
  8
0
 62
7
100
AcDbSpline
 70
8
 71
3
 72
8
 73
4
 74
0
 40
0
 40
0
 40
0
 40
0
 40
1
 40
1
 40
1
 40
1
 10
173.054690
 20
179.571653
 30
0.0
 10
173.014772
 20
179.571757
 30
0.0
 10
172.976460
 20
179.555946
 30
0.0
 10
172.948233
 20
179.527720
 30
0.0
  0
SPLINE
  5
37b
100
AcDbEntity
  8
0
 62
7
100
AcDbSpline
 70
8
 71
3
 72
8
 73
4
 74
0
 40
0
 40
0
 40
0
 40
0
 40
1
 40
1
 40
1
 40
1
 10
172.948233
 20
179.527720
 30
0.0
 10
172.920007
 20
179.499493
 30
0.0
 10
172.904196
 20
179.461181
 30
0.0
 10
172.904300
 20
179.421263
 30
0.0
  0
LWPOLYLINE
  5
37c
100
AcDbEntity
  8
0
 62
7
100
AcDbPolyline
 90
1
 70
1
 10
172.916020
 20
179.698603
 30
0.0
  0
SPLINE
  5
37d
100
AcDbEntity
  8
0
 62
7
100
AcDbSpline
 70
8
 71
3
 72
8
 73
4
 74
0
 40
0
 40
0
 40
0
 40
0
 40
1
 40
1
 40
1
 40
1
 10
172.904300
 20
179.206419
 30
0.0
 10
172.904196
 20
179.166501
 30
0.0
 10
172.920007
 20
179.128188
 30
0.0
 10
172.948233
 20
179.099962
 30
0.0
  0
SPLINE
  5
37e
100
AcDbEntity
  8
0
 62
7
100
AcDbSpline
 70
8
 71
3
 72
8
 73
4
 74
0
 40
0
 40
0
 40
0
 40
0
 40
1
 40
1
 40
1
 40
1
 10
172.948233
 20
179.099962
 30
0.0
 10
172.976459
 20
179.071735
 30
0.0
 10
173.014772
 20
179.055924
 30
0.0
 10
173.054690
 20
179.056028
 30
0.0
  0
SPLINE
  5
37f
100
AcDbEntity
  8
0
 62
7
100
AcDbSpline
 70
8
 71
3
 72
8
 73
4
 74
0
 40
0
 40
0
 40
0
 40
0
 40
1
 40
1
 40
1
 40
1
 10
173.054690
 20
179.056028
 30
0.0
 10
173.094608
 20
179.055924
 30
0.0
 10
173.132921
 20
179.071735
 30
0.0
 10
173.161147
 20
179.099962
 30
0.0
  0
SPLINE
  5
380
100
AcDbEntity
  8
0
 62
7
100
AcDbSpline
 70
8
 71
3
 72
8
 73
4
 74
0
 40
0
 40
0
 40
0
 40
0
 40
1
 40
1
 40
1
 40
1
 10
173.161147
 20
179.099962
 30
0.0
 10
173.189373
 20
179.128188
 30
0.0
 10
173.205184
 20
179.166501
 30
0.0
 10
173.205080
 20
179.206419
 30
0.0
  0
LWPOLYLINE
  5
381
100
AcDbEntity
  8
0
 62
7
100
AcDbPolyline
 90
2
 70
0
 10
172.904300
 20
179.421263
 30
0.0
 10
172.904300
 20
179.206419
 30
0.0
  0
SPLINE
  5
382
100
AcDbEntity
  8
0
 62
7
100
AcDbSpline
 70
8
 71
3
 72
8
 73
4
 74
0
 40
0
 40
0
 40
0
 40
0
 40
1
 40
1
 40
1
 40
1
 10
173.205080
 20
179.421263
 30
0.0
 10
173.205184
 20
179.461181
 30
0.0
 10
173.189373
 20
179.499493
 30
0.0
 10
173.161147
 20
179.527720
 30
0.0
  0
SPLINE
  5
383
100
AcDbEntity
  8
0
 62
7
100
AcDbSpline
 70
8
 71
3
 72
8
 73
4
 74
0
 40
0
 40
0
 40
0
 40
0
 40
1
 40
1
 40
1
 40
1
 10
173.161147
 20
179.527720
 30
0.0
 10
173.132920
 20
179.555946
 30
0.0
 10
173.094608
 20
179.571757
 30
0.0
 10
173.054690
 20
179.571653
 30
0.0
  0
LWPOLYLINE
  5
384
100
AcDbEntity
  8
0
 62
7
100
AcDbPolyline
 90
2
 70
0
 10
173.205080
 20
179.206419
 30
0.0
 10
173.205080
 20
179.421263
 30
0.0
  0
SPLINE
  5
385
100
AcDbEntity
  8
0
 62
7
100
AcDbSpline
 70
8
 71
3
 72
8
 73
4
 74
0
 40
0
 40
0
 40
0
 40
0
 40
1
 40
1
 40
1
 40
1
 10
173.121090
 20
179.341184
 30
0.0
 10
173.085359
 20
179.358861
 30
0.0
 10
173.044061
 20
179.361587
 30
0.0
 10
173.006315
 20
179.348761
 30
0.0
  0
SPLINE
  5
386
100
AcDbEntity
  8
0
 62
7
100
AcDbSpline
 70
8
 71
3
 72
8
 73
4
 74
0
 40
0
 40
0
 40
0
 40
0
 40
1
 40
1
 40
1
 40
1
 10
173.006315
 20
179.348761
 30
0.0
 10
172.968570
 20
179.335935
 30
0.0
 10
172.937484
 20
179.308611
 30
0.0
 10
172.919920
 20
179.272824
 30
0.0
  0
LWPOLYLINE
  5
387
100
AcDbEntity
  8
0
 62
7
100
AcDbPolyline
 90
1
 70
1
 10
173.054690
 20
179.571653
 30
0.0
  0
SPLINE
  5
388
100
AcDbEntity
  8
0
 62
7
100
AcDbSpline
 70
8
 71
3
 72
8
 73
4
 74
0
 40
0
 40
0
 40
0
 40
0
 40
1
 40
1
 40
1
 40
1
 10
172.849620
 20
179.130246
 30
0.0
 10
172.812524
 20
179.056349
 30
0.0
 10
172.842223
 20
178.966369
 30
0.0
 10
172.916020
 20
178.929074
 30
0.0
  0
SPLINE
  5
389
100
AcDbEntity
  8
0
 62
7
100
AcDbSpline
 70
8
 71
3
 72
8
 73
4
 74
0
 40
0
 40
0
 40
0
 40
0
 40
1
 40
1
 40
1
 40
1
 10
172.916020
 20
178.929074
 30
0.0
 10
172.989919
 20
178.891980
 30
0.0
 10
173.079899
 20
178.921685
 30
0.0
 10
173.117190
 20
178.995484
 30
0.0
  0
LWPOLYLINE
  5
38a
100
AcDbEntity
  8
0
 62
7
100
AcDbPolyline
 90
2
 70
0
 10
172.919920
 20
179.272824
 30
0.0
 10
172.849620
 20
179.130246
 30
0.0
  0
SPLINE
  5
38b
100
AcDbEntity
  8
0
 62
7
100
AcDbSpline
 70
8
 71
3
 72
8
 73
4
 74
0
 40
0
 40
0
 40
0
 40
0
 40
1
 40
1
 40
1
 40
1
 10
173.189490
 20
179.140016
 30
0.0
 10
173.207164
 20
179.175752
 30
0.0
 10
173.209885
 20
179.217055
 30
0.0
 10
173.197051
 20
179.254801
 30
0.0
  0
SPLINE
  5
38c
100
AcDbEntity
  8
0
 62
7
100
AcDbSpline
 70
8
 71
3
 72
8
 73
4
 74
0
 40
0
 40
0
 40
0
 40
0
 40
1
 40
1
 40
1
 40
1
 10
173.197051
 20
179.254801
 30
0.0
 10
173.184217
 20
179.292547
 30
0.0
 10
173.156884
 20
179.323631
 30
0.0
 10
173.121090
 20
179.341187
 30
0.0
  0
LWPOLYLINE
  5
38d
100
AcDbEntity
  8
0
 62
7
100
AcDbPolyline
 90
2
 70
0
 10
173.117190
 20
178.995484
 30
0.0
 10
173.189490
 20
179.140016
 30
0.0
  0
LWPOLYLINE
  5
38e
100
AcDbEntity
  8
0
 62
7
100
AcDbPolyline
 90
1
 70
1
 10
173.121090
 20
179.341187
 30
0.0
  0
SPLINE
  5
38f
100
AcDbEntity
  8
0
 62
7
100
AcDbSpline
 70
8
 71
3
 72
8
 73
4
 74
0
 40
0
 40
0
 40
0
 40
0
 40
1
 40
1
 40
1
 40
1
 10
172.804650
 20
179.098999
 30
0.0
 10
172.776287
 20
179.070838
 30
0.0
 10
172.760335
 20
179.032522
 30
0.0
 10
172.760335
 20
178.992554
 30
0.0
  0
SPLINE
  5
390
100
AcDbEntity
  8
0
 62
7
100
AcDbSpline
 70
8
 71
3
 72
8
 73
4
 74
0
 40
0
 40
0
 40
0
 40
0
 40
1
 40
1
 40
1
 40
1
 10
172.760335
 20
178.992554
 30
0.0
 10
172.760335
 20
178.952585
 30
0.0
 10
172.776287
 20
178.914269
 30
0.0
 10
172.804650
 20
178.886108
 30
0.0
  0
SPLINE
  5
391
100
AcDbEntity
  8
0
 62
7
100
AcDbSpline
 70
8
 71
3
 72
8
 73
4
 74
0
 40
0
 40
0
 40
0
 40
0
 40
1
 40
1
 40
1
 40
1
 10
172.804650
 20
178.886108
 30
0.0
 10
172.832811
 20
178.857745
 30
0.0
 10
172.871126
 20
178.841794
 30
0.0
 10
172.911095
 20
178.841794
 30
0.0
  0
SPLINE
  5
392
100
AcDbEntity
  8
0
 62
7
100
AcDbSpline
 70
8
 71
3
 72
8
 73
4
 74
0
 40
0
 40
0
 40
0
 40
0
 40
1
 40
1
 40
1
 40
1
 10
172.911095
 20
178.841794
 30
0.0
 10
172.951064
 20
178.841794
 30
0.0
 10
172.989379
 20
178.857745
 30
0.0
 10
173.017540
 20
178.886108
 30
0.0
  0
LWPOLYLINE
  5
393
100
AcDbEntity
  8
0
 62
7
100
AcDbPolyline
 90
2
 70
0
 10
172.876950
 20
179.169309
 30
0.0
 10
172.804650
 20
179.098999
 30
0.0
  0
SPLINE
  5
394
100
AcDbEntity
  8
0
 62
7
100
AcDbSpline
 70
8
 71
3
 72
8
 73
4
 74
0
 40
0
 40
0
 40
0
 40
0
 40
1
 40
1
 40
1
 40
1
 10
173.089840
 20
178.958378
 30
0.0
 10
173.147626
 20
179.016817
 30
0.0
 10
173.147626
 20
179.110876
 30
0.0
 10
173.089840
 20
179.169315
 30
0.0
  0
SPLINE
  5
395
100
AcDbEntity
  8
0
 62
7
100
AcDbSpline
 70
8
 71
3
 72
8
 73
4
 74
0
 40
0
 40
0
 40
0
 40
0
 40
1
 40
1
 40
1
 40
1
 10
173.089840
 20
179.169315
 30
0.0
 10
173.061679
 20
179.197678
 30
0.0
 10
173.023364
 20
179.213629
 30
0.0
 10
172.983395
 20
179.213629
 30
0.0
  0
SPLINE
  5
396
100
AcDbEntity
  8
0
 62
7
100
AcDbSpline
 70
8
 71
3
 72
8
 73
4
 74
0
 40
0
 40
0
 40
0
 40
0
 40
1
 40
1
 40
1
 40
1
 10
172.983395
 20
179.213629
 30
0.0
 10
172.943426
 20
179.213629
 30
0.0
 10
172.905111
 20
179.197678
 30
0.0
 10
172.876950
 20
179.169315
 30
0.0
  0
LWPOLYLINE
  5
397
100
AcDbEntity
  8
0
 62
7
100
AcDbPolyline
 90
2
 70
0
 10
173.017540
 20
178.886108
 30
0.0
 10
173.089840
 20
178.958378
 30
0.0
  0
LWPOLYLINE
  5
398
100
AcDbEntity
  8
0
 62
7
100
AcDbPolyline
 90
1
 70
1
 10
172.876950
 20
179.169315
 30
0.0
  0
SPLINE
  5
399
100
AcDbEntity
  8
0
 62
7
100
AcDbSpline
 70
8
 71
3
 72
8
 73
4
 74
0
 40
0
 40
0
 40
0
 40
0
 40
1
 40
1
 40
1
 40
1
 10
172.701170
 20
179.054071
 30
0.0
 10
172.627373
 20
179.016776
 30
0.0
 10
172.597674
 20
178.926796
 30
0.0
 10
172.634770
 20
178.852899
 30
0.0
  0
SPLINE
  5
39a
100
AcDbEntity
  8
0
 62
7
100
AcDbSpline
 70
8
 71
3
 72
8
 73
4
 74
0
 40
0
 40
0
 40
0
 40
0
 40
1
 40
1
 40
1
 40
1
 10
172.634770
 20
178.852899
 30
0.0
 10
172.672061
 20
178.779100
 30
0.0
 10
172.762041
 20
178.749395
 30
0.0
 10
172.835940
 20
178.786489
 30
0.0
  0
LWPOLYLINE
  5
39b
100
AcDbEntity
  8
0
 62
7
100
AcDbPolyline
 90
2
 70
0
 10
172.843750
 20
179.126341
 30
0.0
 10
172.701170
 20
179.054071
 30
0.0
  0
SPLINE
  5
39c
100
AcDbEntity
  8
0
 62
7
100
AcDbSpline
 70
8
 71
3
 72
8
 73
4
 74
0
 40
0
 40
0
 40
0
 40
0
 40
1
 40
1
 40
1
 40
1
 10
172.978520
 20
178.858759
 30
0.0
 10
173.052316
 20
178.896054
 30
0.0
 10
173.082016
 20
178.986033
 30
0.0
 10
173.044920
 20
179.059930
 30
0.0
  0
SPLINE
  5
39d
100
AcDbEntity
  8
0
 62
7
100
AcDbSpline
 70
8
 71
3
 72
8
 73
4
 74
0
 40
0
 40
0
 40
0
 40
0
 40
1
 40
1
 40
1
 40
1
 10
173.044920
 20
179.059930
 30
0.0
 10
173.007629
 20
179.133729
 30
0.0
 10
172.917649
 20
179.163434
 30
0.0
 10
172.843750
 20
179.126340
 30
0.0
  0
LWPOLYLINE
  5
39e
100
AcDbEntity
  8
0
 62
7
100
AcDbPolyline
 90
2
 70
0
 10
172.835940
 20
178.786489
 30
0.0
 10
172.978520
 20
178.858759
 30
0.0
  0
SPLINE
  5
39f
100
AcDbEntity
  8
0
 62
7
100
AcDbSpline
 70
8
 71
3
 72
8
 73
4
 74
0
 40
0
 40
0
 40
0
 40
0
 40
1
 40
1
 40
1
 40
1
 10
172.197270
 20
179.071653
 30
0.0
 10
172.157351
 20
179.071760
 30
0.0
 10
172.119035
 20
179.055950
 30
0.0
 10
172.090807
 20
179.027723
 30
0.0
  0
SPLINE
  5
3a0
100
AcDbEntity
  8
0
 62
7
100
AcDbSpline
 70
8
 71
3
 72
8
 73
4
 74
0
 40
0
 40
0
 40
0
 40
0
 40
1
 40
1
 40
1
 40
1
 10
172.090807
 20
179.027723
 30
0.0
 10
172.062579
 20
178.999497
 30
0.0
 10
172.046766
 20
178.961182
 30
0.0
 10
172.046870
 20
178.921263
 30
0.0
  0
SPLINE
  5
3a1
100
AcDbEntity
  8
0
 62
7
100
AcDbSpline
 70
8
 71
3
 72
8
 73
4
 74
0
 40
0
 40
0
 40
0
 40
0
 40
1
 40
1
 40
1
 40
1
 10
172.046870
 20
178.921263
 30
0.0
 10
172.046766
 20
178.881343
 30
0.0
 10
172.062578
 20
178.843029
 30
0.0
 10
172.090807
 20
178.814802
 30
0.0
  0
SPLINE
  5
3a2
100
AcDbEntity
  8
0
 62
7
100
AcDbSpline
 70
8
 71
3
 72
8
 73
4
 74
0
 40
0
 40
0
 40
0
 40
0
 40
1
 40
1
 40
1
 40
1
 10
172.090807
 20
178.814802
 30
0.0
 10
172.119035
 20
178.786576
 30
0.0
 10
172.157350
 20
178.770765
 30
0.0
 10
172.197270
 20
178.770872
 30
0.0
  0
LWPOLYLINE
  5
3a3
100
AcDbEntity
  8
0
 62
7
100
AcDbPolyline
 90
1
 70
1
 10
172.843750
 20
179.126340
 30
0.0
  0
SPLINE
  5
3a4
100
AcDbEntity
  8
0
 62
7
100
AcDbSpline
 70
8
 71
3
 72
8
 73
4
 74
0
 40
0
 40
0
 40
0
 40
0
 40
1
 40
1
 40
1
 40
1
 10
172.769530
 20
178.770872
 30
0.0
 10
172.851915
 20
178.771729
 30
0.0
 10
172.918189
 20
178.838873
 30
0.0
 10
172.917970
 20
178.921263
 30
0.0
  0
SPLINE
  5
3a5
100
AcDbEntity
  8
0
 62
7
100
AcDbSpline
 70
8
 71
3
 72
8
 73
4
 74
0
 40
0
 40
0
 40
0
 40
0
 40
1
 40
1
 40
1
 40
1
 10
172.917970
 20
178.921263
 30
0.0
 10
172.918189
 20
179.003652
 30
0.0
 10
172.851915
 20
179.070796
 30
0.0
 10
172.769530
 20
179.071653
 30
0.0
  0
LWPOLYLINE
  5
3a6
100
AcDbEntity
  8
0
 62
7
100
AcDbPolyline
 90
2
 70
0
 10
172.197270
 20
178.770872
 30
0.0
 10
172.769530
 20
178.770872
 30
0.0
  0
SPLINE
  5
3a7
100
AcDbEntity
  8
0
 62
7
100
AcDbSpline
 70
8
 71
3
 72
8
 73
4
 74
0
 40
0
 40
0
 40
0
 40
0
 40
1
 40
1
 40
1
 40
1
 10
174.769530
 20
178.356809
 30
0.0
 10
174.729612
 20
178.356913
 30
0.0
 10
174.691300
 20
178.341102
 30
0.0
 10
174.663073
 20
178.312876
 30
0.0
  0
SPLINE
  5
3a8
100
AcDbEntity
  8
0
 62
7
100
AcDbSpline
 70
8
 71
3
 72
8
 73
4
 74
0
 40
0
 40
0
 40
0
 40
0
 40
1
 40
1
 40
1
 40
1
 10
174.663073
 20
178.312876
 30
0.0
 10
174.634847
 20
178.284649
 30
0.0
 10
174.619036
 20
178.246337
 30
0.0
 10
174.619140
 20
178.206419
 30
0.0
  0
SPLINE
  5
3a9
100
AcDbEntity
  8
0
 62
7
100
AcDbSpline
 70
8
 71
3
 72
8
 73
4
 74
0
 40
0
 40
0
 40
0
 40
0
 40
1
 40
1
 40
1
 40
1
 10
174.619140
 20
178.206419
 30
0.0
 10
174.619036
 20
178.166501
 30
0.0
 10
174.634847
 20
178.128188
 30
0.0
 10
174.663073
 20
178.099962
 30
0.0
  0
SPLINE
  5
3aa
100
AcDbEntity
  8
0
 62
7
100
AcDbSpline
 70
8
 71
3
 72
8
 73
4
 74
0
 40
0
 40
0
 40
0
 40
0
 40
1
 40
1
 40
1
 40
1
 10
174.663073
 20
178.099962
 30
0.0
 10
174.691299
 20
178.071735
 30
0.0
 10
174.729612
 20
178.055924
 30
0.0
 10
174.769530
 20
178.056028
 30
0.0
  0
LWPOLYLINE
  5
3ab
100
AcDbEntity
  8
0
 62
7
100
AcDbPolyline
 90
2
 70
0
 10
172.769530
 20
179.071653
 30
0.0
 10
172.197270
 20
179.071653
 30
0.0
  0
SPLINE
  5
3ac
100
AcDbEntity
  8
0
 62
7
100
AcDbSpline
 70
8
 71
3
 72
8
 73
4
 74
0
 40
0
 40
0
 40
0
 40
0
 40
1
 40
1
 40
1
 40
1
 10
175.625000
 20
178.056028
 30
0.0
 10
175.664918
 20
178.055924
 30
0.0
 10
175.703231
 20
178.071735
 30
0.0
 10
175.731457
 20
178.099962
 30
0.0
  0
SPLINE
  5
3ad
100
AcDbEntity
  8
0
 62
7
100
AcDbSpline
 70
8
 71
3
 72
8
 73
4
 74
0
 40
0
 40
0
 40
0
 40
0
 40
1
 40
1
 40
1
 40
1
 10
175.731457
 20
178.099962
 30
0.0
 10
175.759683
 20
178.128188
 30
0.0
 10
175.775494
 20
178.166501
 30
0.0
 10
175.775390
 20
178.206419
 30
0.0
  0
SPLINE
  5
3ae
100
AcDbEntity
  8
0
 62
7
100
AcDbSpline
 70
8
 71
3
 72
8
 73
4
 74
0
 40
0
 40
0
 40
0
 40
0
 40
1
 40
1
 40
1
 40
1
 10
175.775390
 20
178.206419
 30
0.0
 10
175.775494
 20
178.246337
 30
0.0
 10
175.759683
 20
178.284649
 30
0.0
 10
175.731457
 20
178.312876
 30
0.0
  0
SPLINE
  5
3af
100
AcDbEntity
  8
0
 62
7
100
AcDbSpline
 70
8
 71
3
 72
8
 73
4
 74
0
 40
0
 40
0
 40
0
 40
0
 40
1
 40
1
 40
1
 40
1
 10
175.731457
 20
178.312876
 30
0.0
 10
175.703230
 20
178.341102
 30
0.0
 10
175.664918
 20
178.356913
 30
0.0
 10
175.625000
 20
178.356809
 30
0.0
  0
LWPOLYLINE
  5
3b0
100
AcDbEntity
  8
0
 62
7
100
AcDbPolyline
 90
2
 70
0
 10
174.769530
 20
178.056028
 30
0.0
 10
175.625000
 20
178.056028
 30
0.0
  0
SPLINE
  5
3b1
100
AcDbEntity
  8
0
 62
7
100
AcDbSpline
 70
8
 71
3
 72
8
 73
4
 74
0
 40
0
 40
0
 40
0
 40
0
 40
1
 40
1
 40
1
 40
1
 10
175.197270
 20
179.856809
 30
0.0
 10
175.157351
 20
179.856916
 30
0.0
 10
175.119035
 20
179.841106
 30
0.0
 10
175.090807
 20
179.812879
 30
0.0
  0
SPLINE
  5
3b2
100
AcDbEntity
  8
0
 62
7
100
AcDbSpline
 70
8
 71
3
 72
8
 73
4
 74
0
 40
0
 40
0
 40
0
 40
0
 40
1
 40
1
 40
1
 40
1
 10
175.090807
 20
179.812879
 30
0.0
 10
175.062579
 20
179.784653
 30
0.0
 10
175.046766
 20
179.746338
 30
0.0
 10
175.046870
 20
179.706419
 30
0.0
  0
LWPOLYLINE
  5
3b3
100
AcDbEntity
  8
0
 62
7
100
AcDbPolyline
 90
2
 70
0
 10
175.625000
 20
178.356809
 30
0.0
 10
174.769530
 20
178.356809
 30
0.0
  0
SPLINE
  5
3b4
100
AcDbEntity
  8
0
 62
7
100
AcDbSpline
 70
8
 71
3
 72
8
 73
4
 74
0
 40
0
 40
0
 40
0
 40
0
 40
1
 40
1
 40
1
 40
1
 10
175.046870
 20
178.206419
 30
0.0
 10
175.046766
 20
178.166499
 30
0.0
 10
175.062578
 20
178.128185
 30
0.0
 10
175.090807
 20
178.099958
 30
0.0
  0
SPLINE
  5
3b5
100
AcDbEntity
  8
0
 62
7
100
AcDbSpline
 70
8
 71
3
 72
8
 73
4
 74
0
 40
0
 40
0
 40
0
 40
0
 40
1
 40
1
 40
1
 40
1
 10
175.090807
 20
178.099958
 30
0.0
 10
175.119035
 20
178.071732
 30
0.0
 10
175.157350
 20
178.055921
 30
0.0
 10
175.197270
 20
178.056028
 30
0.0
  0
SPLINE
  5
3b6
100
AcDbEntity
  8
0
 62
7
100
AcDbSpline
 70
8
 71
3
 72
8
 73
4
 74
0
 40
0
 40
0
 40
0
 40
0
 40
1
 40
1
 40
1
 40
1
 10
175.197270
 20
178.056028
 30
0.0
 10
175.237188
 20
178.055924
 30
0.0
 10
175.275501
 20
178.071735
 30
0.0
 10
175.303727
 20
178.099962
 30
0.0
  0
SPLINE
  5
3b7
100
AcDbEntity
  8
0
 62
7
100
AcDbSpline
 70
8
 71
3
 72
8
 73
4
 74
0
 40
0
 40
0
 40
0
 40
0
 40
1
 40
1
 40
1
 40
1
 10
175.303727
 20
178.099962
 30
0.0
 10
175.331953
 20
178.128188
 30
0.0
 10
175.347764
 20
178.166501
 30
0.0
 10
175.347660
 20
178.206419
 30
0.0
  0
LWPOLYLINE
  5
3b8
100
AcDbEntity
  8
0
 62
7
100
AcDbPolyline
 90
2
 70
0
 10
175.046870
 20
179.706419
 30
0.0
 10
175.046870
 20
178.206419
 30
0.0
  0
SPLINE
  5
3b9
100
AcDbEntity
  8
0
 62
7
100
AcDbSpline
 70
8
 71
3
 72
8
 73
4
 74
0
 40
0
 40
0
 40
0
 40
0
 40
1
 40
1
 40
1
 40
1
 10
175.347660
 20
179.706419
 30
0.0
 10
175.347764
 20
179.746337
 30
0.0
 10
175.331953
 20
179.784649
 30
0.0
 10
175.303727
 20
179.812876
 30
0.0
  0
SPLINE
  5
3ba
100
AcDbEntity
  8
0
 62
7
100
AcDbSpline
 70
8
 71
3
 72
8
 73
4
 74
0
 40
0
 40
0
 40
0
 40
0
 40
1
 40
1
 40
1
 40
1
 10
175.303727
 20
179.812876
 30
0.0
 10
175.275500
 20
179.841102
 30
0.0
 10
175.237188
 20
179.856913
 30
0.0
 10
175.197270
 20
179.856809
 30
0.0
  0
LWPOLYLINE
  5
3bb
100
AcDbEntity
  8
0
 62
7
100
AcDbPolyline
 90
2
 70
0
 10
175.347660
 20
178.206419
 30
0.0
 10
175.347660
 20
179.706419
 30
0.0
  0
SPLINE
  5
3bc
100
AcDbEntity
  8
0
 62
7
100
AcDbSpline
 70
8
 71
3
 72
8
 73
4
 74
0
 40
0
 40
0
 40
0
 40
0
 40
1
 40
1
 40
1
 40
1
 10
175.281250
 20
179.831419
 30
0.0
 10
175.248146
 20
179.853850
 30
0.0
 10
175.207456
 20
179.862134
 30
0.0
 10
175.168217
 20
179.854432
 30
0.0
  0
SPLINE
  5
3bd
100
AcDbEntity
  8
0
 62
7
100
AcDbSpline
 70
8
 71
3
 72
8
 73
4
 74
0
 40
0
 40
0
 40
0
 40
0
 40
1
 40
1
 40
1
 40
1
 10
175.168217
 20
179.854432
 30
0.0
 10
175.128978
 20
179.846730
 30
0.0
 10
175.094439
 20
179.823679
 30
0.0
 10
175.072270
 20
179.790399
 30
0.0
  0
LWPOLYLINE
  5
3be
100
AcDbEntity
  8
0
 62
7
100
AcDbPolyline
 90
1
 70
1
 10
175.197270
 20
179.856809
 30
0.0
  0
SPLINE
  5
3bf
100
AcDbEntity
  8
0
 62
7
100
AcDbSpline
 70
8
 71
3
 72
8
 73
4
 74
0
 40
0
 40
0
 40
0
 40
0
 40
1
 40
1
 40
1
 40
1
 10
174.929690
 20
179.575555
 30
0.0
 10
174.907256
 20
179.542453
 30
0.0
 10
174.898968
 20
179.501764
 30
0.0
 10
174.906666
 20
179.462524
 30
0.0
  0
SPLINE
  5
3c0
100
AcDbEntity
  8
0
 62
7
100
AcDbSpline
 70
8
 71
3
 72
8
 73
4
 74
0
 40
0
 40
0
 40
0
 40
0
 40
1
 40
1
 40
1
 40
1
 10
174.906666
 20
179.462524
 30
0.0
 10
174.914364
 20
179.423284
 30
0.0
 10
174.937412
 20
179.388743
 30
0.0
 10
174.970690
 20
179.366571
 30
0.0
  0
SPLINE
  5
3c1
100
AcDbEntity
  8
0
 62
7
100
AcDbSpline
 70
8
 71
3
 72
8
 73
4
 74
0
 40
0
 40
0
 40
0
 40
0
 40
1
 40
1
 40
1
 40
1
 10
174.970690
 20
179.366571
 30
0.0
 10
175.004033
 20
179.344322
 30
0.0
 10
175.044894
 20
179.336344
 30
0.0
 10
175.084158
 20
179.344416
 30
0.0
  0
SPLINE
  5
3c2
100
AcDbEntity
  8
0
 62
7
100
AcDbSpline
 70
8
 71
3
 72
8
 73
4
 74
0
 40
0
 40
0
 40
0
 40
0
 40
1
 40
1
 40
1
 40
1
 10
175.084158
 20
179.344416
 30
0.0
 10
175.123421
 20
179.352489
 30
0.0
 10
175.157820
 20
179.375942
 30
0.0
 10
175.179680
 20
179.409541
 30
0.0
  0
LWPOLYLINE
  5
3c3
100
AcDbEntity
  8
0
 62
7
100
AcDbPolyline
 90
2
 70
0
 10
175.072270
 20
179.790399
 30
0.0
 10
174.929690
 20
179.575555
 30
0.0
  0
SPLINE
  5
3c4
100
AcDbEntity
  8
0
 62
7
100
AcDbSpline
 70
8
 71
3
 72
8
 73
4
 74
0
 40
0
 40
0
 40
0
 40
0
 40
1
 40
1
 40
1
 40
1
 10
175.322260
 20
179.622431
 30
0.0
 10
175.344694
 20
179.655533
 30
0.0
 10
175.352983
 20
179.696222
 30
0.0
 10
175.345284
 20
179.735462
 30
0.0
  0
SPLINE
  5
3c5
100
AcDbEntity
  8
0
 62
7
100
AcDbSpline
 70
8
 71
3
 72
8
 73
4
 74
0
 40
0
 40
0
 40
0
 40
0
 40
1
 40
1
 40
1
 40
1
 10
175.345284
 20
179.735462
 30
0.0
 10
175.337586
 20
179.774702
 30
0.0
 10
175.314538
 20
179.809244
 30
0.0
 10
175.281260
 20
179.831416
 30
0.0
  0
LWPOLYLINE
  5
3c6
100
AcDbEntity
  8
0
 62
7
100
AcDbPolyline
 90
2
 70
0
 10
175.179680
 20
179.409541
 30
0.0
 10
175.322260
 20
179.622431
 30
0.0
  0
LWPOLYLINE
  5
3c7
100
AcDbEntity
  8
0
 62
7
100
AcDbPolyline
 90
1
 70
1
 10
175.281260
 20
179.831416
 30
0.0
  0
SPLINE
  5
3c8
100
AcDbEntity
  8
0
 62
7
100
AcDbSpline
 70
8
 71
3
 72
8
 73
4
 74
0
 40
0
 40
0
 40
0
 40
0
 40
1
 40
1
 40
1
 40
1
 10
174.804690
 20
179.454466
 30
0.0
 10
174.747453
 20
179.395480
 30
0.0
 10
174.748345
 20
179.301418
 30
0.0
 10
174.806690
 20
179.243528
 30
0.0
  0
SPLINE
  5
3c9
100
AcDbEntity
  8
0
 62
7
100
AcDbSpline
 70
8
 71
3
 72
8
 73
4
 74
0
 40
0
 40
0
 40
0
 40
0
 40
1
 40
1
 40
1
 40
1
 10
174.806690
 20
179.243528
 30
0.0
 10
174.865130
 20
179.185740
 30
0.0
 10
174.959190
 20
179.185740
 30
0.0
 10
175.017630
 20
179.243528
 30
0.0
  0
LWPOLYLINE
  5
3ca
100
AcDbEntity
  8
0
 62
7
100
AcDbPolyline
 90
2
 70
0
 10
174.949220
 20
179.598997
 30
0.0
 10
174.804690
 20
179.454466
 30
0.0
  0
SPLINE
  5
3cb
100
AcDbEntity
  8
0
 62
7
100
AcDbSpline
 70
8
 71
3
 72
8
 73
4
 74
0
 40
0
 40
0
 40
0
 40
0
 40
1
 40
1
 40
1
 40
1
 10
175.160210
 20
179.386106
 30
0.0
 10
175.188573
 20
179.414267
 30
0.0
 10
175.204525
 20
179.452583
 30
0.0
 10
175.204525
 20
179.492551
 30
0.0
  0
SPLINE
  5
3cc
100
AcDbEntity
  8
0
 62
7
100
AcDbSpline
 70
8
 71
3
 72
8
 73
4
 74
0
 40
0
 40
0
 40
0
 40
0
 40
1
 40
1
 40
1
 40
1
 10
175.204525
 20
179.492551
 30
0.0
 10
175.204525
 20
179.532520
 30
0.0
 10
175.188573
 20
179.570836
 30
0.0
 10
175.160210
 20
179.598997
 30
0.0
  0
SPLINE
  5
3cd
100
AcDbEntity
  8
0
 62
7
100
AcDbSpline
 70
8
 71
3
 72
8
 73
4
 74
0
 40
0
 40
0
 40
0
 40
0
 40
1
 40
1
 40
1
 40
1
 10
175.160210
 20
179.598997
 30
0.0
 10
175.101770
 20
179.656785
 30
0.0
 10
175.007710
 20
179.656785
 30
0.0
 10
174.949270
 20
179.598997
 30
0.0
  0
LWPOLYLINE
  5
3ce
100
AcDbEntity
  8
0
 62
7
100
AcDbPolyline
 90
2
 70
0
 10
175.017630
 20
179.243528
 30
0.0
 10
175.160210
 20
179.386106
 30
0.0
  0
LWPOLYLINE
  5
3cf
100
AcDbEntity
  8
0
 62
7
100
AcDbPolyline
 90
1
 70
1
 10
174.949270
 20
179.598997
 30
0.0
  0
SPLINE
  5
3d0
100
AcDbEntity
  8
0
 62
7
100
AcDbSpline
 70
8
 71
3
 72
8
 73
4
 74
0
 40
0
 40
0
 40
0
 40
0
 40
1
 40
1
 40
1
 40
1
 10
174.701170
 20
179.411493
 30
0.0
 10
174.627373
 20
179.374198
 30
0.0
 10
174.597674
 20
179.284218
 30
0.0
 10
174.634770
 20
179.210321
 30
0.0
  0
SPLINE
  5
3d1
100
AcDbEntity
  8
0
 62
7
100
AcDbSpline
 70
8
 71
3
 72
8
 73
4
 74
0
 40
0
 40
0
 40
0
 40
0
 40
1
 40
1
 40
1
 40
1
 10
174.634770
 20
179.210321
 30
0.0
 10
174.672061
 20
179.136522
 30
0.0
 10
174.762041
 20
179.106817
 30
0.0
 10
174.835940
 20
179.143911
 30
0.0
  0
LWPOLYLINE
  5
3d2
100
AcDbEntity
  8
0
 62
7
100
AcDbPolyline
 90
2
 70
0
 10
174.843750
 20
179.483763
 30
0.0
 10
174.701170
 20
179.411493
 30
0.0
  0
SPLINE
  5
3d3
100
AcDbEntity
  8
0
 62
7
100
AcDbSpline
 70
8
 71
3
 72
8
 73
4
 74
0
 40
0
 40
0
 40
0
 40
0
 40
1
 40
1
 40
1
 40
1
 10
174.978520
 20
179.214221
 30
0.0
 10
175.052317
 20
179.251516
 30
0.0
 10
175.082016
 20
179.341496
 30
0.0
 10
175.044920
 20
179.415393
 30
0.0
  0
SPLINE
  5
3d4
100
AcDbEntity
  8
0
 62
7
100
AcDbSpline
 70
8
 71
3
 72
8
 73
4
 74
0
 40
0
 40
0
 40
0
 40
0
 40
1
 40
1
 40
1
 40
1
 10
175.044920
 20
179.415393
 30
0.0
 10
175.027356
 20
179.451180
 30
0.0
 10
174.996270
 20
179.478504
 30
0.0
 10
174.958525
 20
179.491330
 30
0.0
  0
SPLINE
  5
3d5
100
AcDbEntity
  8
0
 62
7
100
AcDbSpline
 70
8
 71
3
 72
8
 73
4
 74
0
 40
0
 40
0
 40
0
 40
0
 40
1
 40
1
 40
1
 40
1
 10
174.958525
 20
179.491330
 30
0.0
 10
174.920779
 20
179.504156
 30
0.0
 10
174.879481
 20
179.501430
 30
0.0
 10
174.843750
 20
179.483753
 30
0.0
  0
LWPOLYLINE
  5
3d6
100
AcDbEntity
  8
0
 62
7
100
AcDbPolyline
 90
2
 70
0
 10
174.835940
 20
179.143911
 30
0.0
 10
174.978520
 20
179.214221
 30
0.0
  0
SPLINE
  5
3d7
100
AcDbEntity
  8
0
 62
7
100
AcDbSpline
 70
8
 71
3
 72
8
 73
4
 74
0
 40
0
 40
0
 40
0
 40
0
 40
1
 40
1
 40
1
 40
1
 10
176.408200
 20
179.268919
 30
0.0
 10
176.372512
 20
179.287355
 30
0.0
 10
176.330921
 20
179.290707
 30
0.0
 10
176.292741
 20
179.278224
 30
0.0
  0
SPLINE
  5
3d8
100
AcDbEntity
  8
0
 62
7
100
AcDbSpline
 70
8
 71
3
 72
8
 73
4
 74
0
 40
0
 40
0
 40
0
 40
0
 40
1
 40
1
 40
1
 40
1
 10
176.292741
 20
179.278224
 30
0.0
 10
176.254562
 20
179.265741
 30
0.0
 10
176.222984
 20
179.238467
 30
0.0
 10
176.205080
 20
179.202509
 30
0.0
  0
SPLINE
  5
3d9
100
AcDbEntity
  8
0
 62
7
100
AcDbSpline
 70
8
 71
3
 72
8
 73
4
 74
0
 40
0
 40
0
 40
0
 40
0
 40
1
 40
1
 40
1
 40
1
 10
176.205080
 20
179.202509
 30
0.0
 10
176.187405
 20
179.166773
 30
0.0
 10
176.184685
 20
179.125470
 30
0.0
 10
176.197519
 20
179.087724
 30
0.0
  0
SPLINE
  5
3da
100
AcDbEntity
  8
0
 62
7
100
AcDbSpline
 70
8
 71
3
 72
8
 73
4
 74
0
 40
0
 40
0
 40
0
 40
0
 40
1
 40
1
 40
1
 40
1
 10
176.197519
 20
179.087724
 30
0.0
 10
176.210353
 20
179.049978
 30
0.0
 10
176.237685
 20
179.018893
 30
0.0
 10
176.273480
 20
179.001337
 30
0.0
  0
LWPOLYLINE
  5
3db
100
AcDbEntity
  8
0
 62
7
100
AcDbPolyline
 90
1
 70
1
 10
174.843750
 20
179.483753
 30
0.0
  0
SPLINE
  5
3dc
100
AcDbEntity
  8
0
 62
7
100
AcDbSpline
 70
8
 71
3
 72
8
 73
4
 74
0
 40
0
 40
0
 40
0
 40
0
 40
1
 40
1
 40
1
 40
1
 10
176.416060
 20
178.929067
 30
0.0
 10
176.489959
 20
178.891973
 30
0.0
 10
176.579939
 20
178.921678
 30
0.0
 10
176.617230
 20
178.995477
 30
0.0
  0
SPLINE
  5
3dd
100
AcDbEntity
  8
0
 62
7
100
AcDbSpline
 70
8
 71
3
 72
8
 73
4
 74
0
 40
0
 40
0
 40
0
 40
0
 40
1
 40
1
 40
1
 40
1
 10
176.617230
 20
178.995477
 30
0.0
 10
176.635668
 20
179.031164
 30
0.0
 10
176.639022
 20
179.072755
 30
0.0
 10
176.626541
 20
179.110936
 30
0.0
  0
SPLINE
  5
3de
100
AcDbEntity
  8
0
 62
7
100
AcDbSpline
 70
8
 71
3
 72
8
 73
4
 74
0
 40
0
 40
0
 40
0
 40
0
 40
1
 40
1
 40
1
 40
1
 10
176.626541
 20
179.110936
 30
0.0
 10
176.614060
 20
179.149117
 30
0.0
 10
176.586787
 20
179.180696
 30
0.0
 10
176.550830
 20
179.198602
 30
0.0
  0
LWPOLYLINE
  5
3df
100
AcDbEntity
  8
0
 62
7
100
AcDbPolyline
 90
2
 70
0
 10
176.273480
 20
179.001337
 30
0.0
 10
176.416060
 20
178.929067
 30
0.0
  0
SPLINE
  5
3e0
100
AcDbEntity
  8
0
 62
7
100
AcDbSpline
 70
8
 71
3
 72
8
 73
4
 74
0
 40
0
 40
0
 40
0
 40
0
 40
1
 40
1
 40
1
 40
1
 10
176.162110
 20
179.311888
 30
0.0
 10
176.104323
 20
179.253449
 30
0.0
 10
176.104323
 20
179.159389
 30
0.0
 10
176.162110
 20
179.100950
 30
0.0
  0
LWPOLYLINE
  5
3e1
100
AcDbEntity
  8
0
 62
7
100
AcDbPolyline
 90
2
 70
0
 10
176.550830
 20
179.198602
 30
0.0
 10
176.408200
 20
179.268919
 30
0.0
  0
SPLINE
  5
3e2
100
AcDbEntity
  8
0
 62
7
100
AcDbSpline
 70
8
 71
3
 72
8
 73
4
 74
0
 40
0
 40
0
 40
0
 40
0
 40
1
 40
1
 40
1
 40
1
 10
176.234410
 20
179.028680
 30
0.0
 10
176.292850
 20
178.970892
 30
0.0
 10
176.386910
 20
178.970892
 30
0.0
 10
176.445350
 20
179.028680
 30
0.0
  0
SPLINE
  5
3e3
100
AcDbEntity
  8
0
 62
7
100
AcDbSpline
 70
8
 71
3
 72
8
 73
4
 74
0
 40
0
 40
0
 40
0
 40
0
 40
1
 40
1
 40
1
 40
1
 10
176.445350
 20
179.028680
 30
0.0
 10
176.473980
 20
179.056573
 30
0.0
 10
176.490292
 20
179.094740
 30
0.0
 10
176.490668
 20
179.134709
 30
0.0
  0
SPLINE
  5
3e4
100
AcDbEntity
  8
0
 62
7
100
AcDbSpline
 70
8
 71
3
 72
8
 73
4
 74
0
 40
0
 40
0
 40
0
 40
0
 40
1
 40
1
 40
1
 40
1
 10
176.490668
 20
179.134709
 30
0.0
 10
176.491043
 20
179.174679
 30
0.0
 10
176.475450
 20
179.213145
 30
0.0
 10
176.447350
 20
179.241571
 30
0.0
  0
LWPOLYLINE
  5
3e5
100
AcDbEntity
  8
0
 62
7
100
AcDbPolyline
 90
2
 70
0
 10
176.162110
 20
179.100950
 30
0.0
 10
176.234410
 20
179.028680
 30
0.0
  0
SPLINE
  5
3e6
100
AcDbEntity
  8
0
 62
7
100
AcDbSpline
 70
8
 71
3
 72
8
 73
4
 74
0
 40
0
 40
0
 40
0
 40
0
 40
1
 40
1
 40
1
 40
1
 10
176.375050
 20
179.311881
 30
0.0
 10
176.346889
 20
179.340244
 30
0.0
 10
176.308574
 20
179.356195
 30
0.0
 10
176.268605
 20
179.356195
 30
0.0
  0
SPLINE
  5
3e7
100
AcDbEntity
  8
0
 62
7
100
AcDbSpline
 70
8
 71
3
 72
8
 73
4
 74
0
 40
0
 40
0
 40
0
 40
0
 40
1
 40
1
 40
1
 40
1
 10
176.268605
 20
179.356195
 30
0.0
 10
176.228636
 20
179.356195
 30
0.0
 10
176.190321
 20
179.340244
 30
0.0
 10
176.162160
 20
179.311881
 30
0.0
  0
LWPOLYLINE
  5
3e8
100
AcDbEntity
  8
0
 62
7
100
AcDbPolyline
 90
2
 70
0
 10
176.447350
 20
179.241571
 30
0.0
 10
176.375050
 20
179.311881
 30
0.0
  0
SPLINE
  5
3e9
100
AcDbEntity
  8
0
 62
7
100
AcDbSpline
 70
8
 71
3
 72
8
 73
4
 74
0
 40
0
 40
0
 40
0
 40
0
 40
1
 40
1
 40
1
 40
1
 10
176.130860
 20
179.483763
 30
0.0
 10
176.095065
 20
179.466207
 30
0.0
 10
176.067733
 20
179.435122
 30
0.0
 10
176.054899
 20
179.397376
 30
0.0
  0
SPLINE
  5
3ea
100
AcDbEntity
  8
0
 62
7
100
AcDbSpline
 70
8
 71
3
 72
8
 73
4
 74
0
 40
0
 40
0
 40
0
 40
0
 40
1
 40
1
 40
1
 40
1
 10
176.054899
 20
179.397376
 30
0.0
 10
176.042065
 20
179.359630
 30
0.0
 10
176.044785
 20
179.318327
 30
0.0
 10
176.062460
 20
179.282591
 30
0.0
  0
LWPOLYLINE
  5
3eb
100
AcDbEntity
  8
0
 62
7
100
AcDbPolyline
 90
1
 70
1
 10
176.162160
 20
179.311881
 30
0.0
  0
SPLINE
  5
3ec
100
AcDbEntity
  8
0
 62
7
100
AcDbSpline
 70
8
 71
3
 72
8
 73
4
 74
0
 40
0
 40
0
 40
0
 40
0
 40
1
 40
1
 40
1
 40
1
 10
176.134760
 20
179.140013
 30
0.0
 10
176.152324
 20
179.104226
 30
0.0
 10
176.183410
 20
179.076902
 30
0.0
 10
176.221155
 20
179.064076
 30
0.0
  0
SPLINE
  5
3ed
100
AcDbEntity
  8
0
 62
7
100
AcDbSpline
 70
8
 71
3
 72
8
 73
4
 74
0
 40
0
 40
0
 40
0
 40
0
 40
1
 40
1
 40
1
 40
1
 10
176.221155
 20
179.064076
 30
0.0
 10
176.258901
 20
179.051250
 30
0.0
 10
176.300199
 20
179.053976
 30
0.0
 10
176.335930
 20
179.071653
 30
0.0
  0
SPLINE
  5
3ee
100
AcDbEntity
  8
0
 62
7
100
AcDbSpline
 70
8
 71
3
 72
8
 73
4
 74
0
 40
0
 40
0
 40
0
 40
0
 40
1
 40
1
 40
1
 40
1
 10
176.335930
 20
179.071653
 30
0.0
 10
176.409727
 20
179.108948
 30
0.0
 10
176.439426
 20
179.198928
 30
0.0
 10
176.402330
 20
179.272825
 30
0.0
  0
LWPOLYLINE
  5
3ef
100
AcDbEntity
  8
0
 62
7
100
AcDbPolyline
 90
2
 70
0
 10
176.062460
 20
179.282591
 30
0.0
 10
176.134760
 20
179.140013
 30
0.0
  0
SPLINE
  5
3f0
100
AcDbEntity
  8
0
 62
7
100
AcDbSpline
 70
8
 71
3
 72
8
 73
4
 74
0
 40
0
 40
0
 40
0
 40
0
 40
1
 40
1
 40
1
 40
1
 10
176.332030
 20
179.415403
 30
0.0
 10
176.314466
 20
179.451190
 30
0.0
 10
176.283380
 20
179.478514
 30
0.0
 10
176.245635
 20
179.491340
 30
0.0
  0
SPLINE
  5
3f1
100
AcDbEntity
  8
0
 62
7
100
AcDbSpline
 70
8
 71
3
 72
8
 73
4
 74
0
 40
0
 40
0
 40
0
 40
0
 40
1
 40
1
 40
1
 40
1
 10
176.245635
 20
179.491340
 30
0.0
 10
176.207889
 20
179.504166
 30
0.0
 10
176.166591
 20
179.501440
 30
0.0
 10
176.130860
 20
179.483763
 30
0.0
  0
LWPOLYLINE
  5
3f2
100
AcDbEntity
  8
0
 62
7
100
AcDbPolyline
 90
2
 70
0
 10
176.402330
 20
179.272825
 30
0.0
 10
176.332030
 20
179.415403
 30
0.0
  0
SPLINE
  5
3f3
100
AcDbEntity
  8
0
 62
7
100
AcDbSpline
 70
8
 71
3
 72
8
 73
4
 74
0
 40
0
 40
0
 40
0
 40
0
 40
1
 40
1
 40
1
 40
1
 10
176.197270
 20
179.571653
 30
0.0
 10
176.157351
 20
179.571760
 30
0.0
 10
176.119035
 20
179.555950
 30
0.0
 10
176.090807
 20
179.527723
 30
0.0
  0
SPLINE
  5
3f4
100
AcDbEntity
  8
0
 62
7
100
AcDbSpline
 70
8
 71
3
 72
8
 73
4
 74
0
 40
0
 40
0
 40
0
 40
0
 40
1
 40
1
 40
1
 40
1
 10
176.090807
 20
179.527723
 30
0.0
 10
176.062579
 20
179.499497
 30
0.0
 10
176.046766
 20
179.461182
 30
0.0
 10
176.046870
 20
179.421263
 30
0.0
  0
LWPOLYLINE
  5
3f5
100
AcDbEntity
  8
0
 62
7
100
AcDbPolyline
 90
1
 70
1
 10
176.130860
 20
179.483763
 30
0.0
  0
SPLINE
  5
3f6
100
AcDbEntity
  8
0
 62
7
100
AcDbSpline
 70
8
 71
3
 72
8
 73
4
 74
0
 40
0
 40
0
 40
0
 40
0
 40
1
 40
1
 40
1
 40
1
 10
176.046870
 20
179.348993
 30
0.0
 10
176.046766
 20
179.309073
 30
0.0
 10
176.062578
 20
179.270759
 30
0.0
 10
176.090807
 20
179.242532
 30
0.0
  0
SPLINE
  5
3f7
100
AcDbEntity
  8
0
 62
7
100
AcDbSpline
 70
8
 71
3
 72
8
 73
4
 74
0
 40
0
 40
0
 40
0
 40
0
 40
1
 40
1
 40
1
 40
1
 10
176.090807
 20
179.242532
 30
0.0
 10
176.119035
 20
179.214306
 30
0.0
 10
176.157350
 20
179.198495
 30
0.0
 10
176.197270
 20
179.198602
 30
0.0
  0
SPLINE
  5
3f8
100
AcDbEntity
  8
0
 62
7
100
AcDbSpline
 70
8
 71
3
 72
8
 73
4
 74
0
 40
0
 40
0
 40
0
 40
0
 40
1
 40
1
 40
1
 40
1
 10
176.197270
 20
179.198602
 30
0.0
 10
176.237188
 20
179.198498
 30
0.0
 10
176.275501
 20
179.214309
 30
0.0
 10
176.303727
 20
179.242536
 30
0.0
  0
SPLINE
  5
3f9
100
AcDbEntity
  8
0
 62
7
100
AcDbSpline
 70
8
 71
3
 72
8
 73
4
 74
0
 40
0
 40
0
 40
0
 40
0
 40
1
 40
1
 40
1
 40
1
 10
176.303727
 20
179.242536
 30
0.0
 10
176.331953
 20
179.270762
 30
0.0
 10
176.347764
 20
179.309075
 30
0.0
 10
176.347660
 20
179.348993
 30
0.0
  0
LWPOLYLINE
  5
3fa
100
AcDbEntity
  8
0
 62
7
100
AcDbPolyline
 90
2
 70
0
 10
176.046870
 20
179.421263
 30
0.0
 10
176.046870
 20
179.348993
 30
0.0
  0
SPLINE
  5
3fb
100
AcDbEntity
  8
0
 62
7
100
AcDbSpline
 70
8
 71
3
 72
8
 73
4
 74
0
 40
0
 40
0
 40
0
 40
0
 40
1
 40
1
 40
1
 40
1
 10
176.347660
 20
179.421263
 30
0.0
 10
176.347764
 20
179.461181
 30
0.0
 10
176.331953
 20
179.499493
 30
0.0
 10
176.303727
 20
179.527720
 30
0.0
  0
SPLINE
  5
3fc
100
AcDbEntity
  8
0
 62
7
100
AcDbSpline
 70
8
 71
3
 72
8
 73
4
 74
0
 40
0
 40
0
 40
0
 40
0
 40
1
 40
1
 40
1
 40
1
 10
176.303727
 20
179.527720
 30
0.0
 10
176.275500
 20
179.555946
 30
0.0
 10
176.237188
 20
179.571757
 30
0.0
 10
176.197270
 20
179.571653
 30
0.0
  0
LWPOLYLINE
  5
3fd
100
AcDbEntity
  8
0
 62
7
100
AcDbPolyline
 90
2
 70
0
 10
176.347660
 20
179.348993
 30
0.0
 10
176.347660
 20
179.421263
 30
0.0
  0
SPLINE
  5
3fe
100
AcDbEntity
  8
0
 62
7
100
AcDbSpline
 70
8
 71
3
 72
8
 73
4
 74
0
 40
0
 40
0
 40
0
 40
0
 40
1
 40
1
 40
1
 40
1
 10
176.335940
 20
179.698606
 30
0.0
 10
176.300209
 20
179.716283
 30
0.0
 10
176.258911
 20
179.719009
 30
0.0
 10
176.221165
 20
179.706183
 30
0.0
  0
SPLINE
  5
3ff
100
AcDbEntity
  8
0
 62
7
100
AcDbSpline
 70
8
 71
3
 72
8
 73
4
 74
0
 40
0
 40
0
 40
0
 40
0
 40
1
 40
1
 40
1
 40
1
 10
176.221165
 20
179.706183
 30
0.0
 10
176.183420
 20
179.693357
 30
0.0
 10
176.152334
 20
179.666033
 30
0.0
 10
176.134770
 20
179.630246
 30
0.0
  0
LWPOLYLINE
  5
400
100
AcDbEntity
  8
0
 62
7
100
AcDbPolyline
 90
1
 70
1
 10
176.197270
 20
179.571653
 30
0.0
  0
SPLINE
  5
401
100
AcDbEntity
  8
0
 62
7
100
AcDbSpline
 70
8
 71
3
 72
8
 73
4
 74
0
 40
0
 40
0
 40
0
 40
0
 40
1
 40
1
 40
1
 40
1
 10
176.062470
 20
179.487668
 30
0.0
 10
176.044795
 20
179.451932
 30
0.0
 10
176.042075
 20
179.410629
 30
0.0
 10
176.054909
 20
179.372883
 30
0.0
  0
SPLINE
  5
402
100
AcDbEntity
  8
0
 62
7
100
AcDbSpline
 70
8
 71
3
 72
8
 73
4
 74
0
 40
0
 40
0
 40
0
 40
0
 40
1
 40
1
 40
1
 40
1
 10
176.054909
 20
179.372883
 30
0.0
 10
176.067743
 20
179.335137
 30
0.0
 10
176.095075
 20
179.304052
 30
0.0
 10
176.130870
 20
179.286496
 30
0.0
  0
SPLINE
  5
403
100
AcDbEntity
  8
0
 62
7
100
AcDbSpline
 70
8
 71
3
 72
8
 73
4
 74
0
 40
0
 40
0
 40
0
 40
0
 40
1
 40
1
 40
1
 40
1
 10
176.130870
 20
179.286496
 30
0.0
 10
176.204769
 20
179.249402
 30
0.0
 10
176.294749
 20
179.279107
 30
0.0
 10
176.332040
 20
179.352906
 30
0.0
  0
LWPOLYLINE
  5
404
100
AcDbEntity
  8
0
 62
7
100
AcDbPolyline
 90
2
 70
0
 10
176.134770
 20
179.630246
 30
0.0
 10
176.062470
 20
179.487668
 30
0.0
  0
SPLINE
  5
405
100
AcDbEntity
  8
0
 62
7
100
AcDbSpline
 70
8
 71
3
 72
8
 73
4
 74
0
 40
0
 40
0
 40
0
 40
0
 40
1
 40
1
 40
1
 40
1
 10
176.402340
 20
179.495484
 30
0.0
 10
176.420778
 20
179.531171
 30
0.0
 10
176.424132
 20
179.572762
 30
0.0
 10
176.411651
 20
179.610943
 30
0.0
  0
SPLINE
  5
406
100
AcDbEntity
  8
0
 62
7
100
AcDbSpline
 70
8
 71
3
 72
8
 73
4
 74
0
 40
0
 40
0
 40
0
 40
0
 40
1
 40
1
 40
1
 40
1
 10
176.411651
 20
179.610943
 30
0.0
 10
176.399170
 20
179.649124
 30
0.0
 10
176.371897
 20
179.680703
 30
0.0
 10
176.335940
 20
179.698609
 30
0.0
  0
LWPOLYLINE
  5
407
100
AcDbEntity
  8
0
 62
7
100
AcDbPolyline
 90
2
 70
0
 10
176.332040
 20
179.352906
 30
0.0
 10
176.402340
 20
179.495484
 30
0.0
  0
LWPOLYLINE
  5
408
100
AcDbEntity
  8
0
 62
7
100
AcDbPolyline
 90
1
 70
1
 10
176.335940
 20
179.698609
 30
0.0
  0
SPLINE
  5
409
100
AcDbEntity
  8
0
 62
7
100
AcDbSpline
 70
8
 71
3
 72
8
 73
4
 74
0
 40
0
 40
0
 40
0
 40
0
 40
1
 40
1
 40
1
 40
1
 10
176.162070
 20
179.669305
 30
0.0
 10
176.104284
 20
179.610866
 30
0.0
 10
176.104284
 20
179.516807
 30
0.0
 10
176.162070
 20
179.458368
 30
0.0
  0
SPLINE
  5
40a
100
AcDbEntity
  8
0
 62
7
100
AcDbSpline
 70
8
 71
3
 72
8
 73
4
 74
0
 40
0
 40
0
 40
0
 40
0
 40
1
 40
1
 40
1
 40
1
 10
176.162070
 20
179.458368
 30
0.0
 10
176.190231
 20
179.430005
 30
0.0
 10
176.228546
 20
179.414054
 30
0.0
 10
176.268515
 20
179.414054
 30
0.0
  0
SPLINE
  5
40b
100
AcDbEntity
  8
0
 62
7
100
AcDbSpline
 70
8
 71
3
 72
8
 73
4
 74
0
 40
0
 40
0
 40
0
 40
0
 40
1
 40
1
 40
1
 40
1
 10
176.268515
 20
179.414054
 30
0.0
 10
176.308484
 20
179.414054
 30
0.0
 10
176.346799
 20
179.430005
 30
0.0
 10
176.374960
 20
179.458368
 30
0.0
  0
LWPOLYLINE
  5
40c
100
AcDbEntity
  8
0
 62
7
100
AcDbPolyline
 90
2
 70
0
 10
176.234370
 20
179.741575
 30
0.0
 10
176.162070
 20
179.669305
 30
0.0
  0
SPLINE
  5
40d
100
AcDbEntity
  8
0
 62
7
100
AcDbSpline
 70
8
 71
3
 72
8
 73
4
 74
0
 40
0
 40
0
 40
0
 40
0
 40
1
 40
1
 40
1
 40
1
 10
176.445260
 20
179.528678
 30
0.0
 10
176.473623
 20
179.556839
 30
0.0
 10
176.489575
 20
179.595155
 30
0.0
 10
176.489575
 20
179.635124
 30
0.0
  0
SPLINE
  5
40e
100
AcDbEntity
  8
0
 62
7
100
AcDbSpline
 70
8
 71
3
 72
8
 73
4
 74
0
 40
0
 40
0
 40
0
 40
0
 40
1
 40
1
 40
1
 40
1
 10
176.489575
 20
179.635124
 30
0.0
 10
176.489575
 20
179.675092
 30
0.0
 10
176.473623
 20
179.713408
 30
0.0
 10
176.445260
 20
179.741569
 30
0.0
  0
SPLINE
  5
40f
100
AcDbEntity
  8
0
 62
7
100
AcDbSpline
 70
8
 71
3
 72
8
 73
4
 74
0
 40
0
 40
0
 40
0
 40
0
 40
1
 40
1
 40
1
 40
1
 10
176.445260
 20
179.741569
 30
0.0
 10
176.386820
 20
179.799357
 30
0.0
 10
176.292760
 20
179.799357
 30
0.0
 10
176.234320
 20
179.741569
 30
0.0
  0
LWPOLYLINE
  5
410
100
AcDbEntity
  8
0
 62
7
100
AcDbPolyline
 90
2
 70
0
 10
176.374960
 20
179.458368
 30
0.0
 10
176.445260
 20
179.528678
 30
0.0
  0
LWPOLYLINE
  5
411
100
AcDbEntity
  8
0
 62
7
100
AcDbPolyline
 90
1
 70
1
 10
176.234320
 20
179.741569
 30
0.0
  0
SPLINE
  5
412
100
AcDbEntity
  8
0
 62
7
100
AcDbSpline
 70
8
 71
3
 72
8
 73
4
 74
0
 40
0
 40
0
 40
0
 40
0
 40
1
 40
1
 40
1
 40
1
 10
176.273440
 20
179.768914
 30
0.0
 10
176.199643
 20
179.731619
 30
0.0
 10
176.169944
 20
179.641639
 30
0.0
 10
176.207040
 20
179.567742
 30
0.0
  0
SPLINE
  5
413
100
AcDbEntity
  8
0
 62
7
100
AcDbSpline
 70
8
 71
3
 72
8
 73
4
 74
0
 40
0
 40
0
 40
0
 40
0
 40
1
 40
1
 40
1
 40
1
 10
176.207040
 20
179.567742
 30
0.0
 10
176.244331
 20
179.493943
 30
0.0
 10
176.334311
 20
179.464238
 30
0.0
 10
176.408210
 20
179.501332
 30
0.0
  0
LWPOLYLINE
  5
414
100
AcDbEntity
  8
0
 62
7
100
AcDbPolyline
 90
2
 70
0
 10
176.416020
 20
179.841184
 30
0.0
 10
176.273440
 20
179.768914
 30
0.0
  0
SPLINE
  5
415
100
AcDbEntity
  8
0
 62
7
100
AcDbSpline
 70
8
 71
3
 72
8
 73
4
 74
0
 40
0
 40
0
 40
0
 40
0
 40
1
 40
1
 40
1
 40
1
 10
176.550790
 20
179.571642
 30
0.0
 10
176.624587
 20
179.608937
 30
0.0
 10
176.654286
 20
179.698917
 30
0.0
 10
176.617190
 20
179.772814
 30
0.0
  0
SPLINE
  5
416
100
AcDbEntity
  8
0
 62
7
100
AcDbSpline
 70
8
 71
3
 72
8
 73
4
 74
0
 40
0
 40
0
 40
0
 40
0
 40
1
 40
1
 40
1
 40
1
 10
176.617190
 20
179.772814
 30
0.0
 10
176.599626
 20
179.808601
 30
0.0
 10
176.568540
 20
179.835925
 30
0.0
 10
176.530795
 20
179.848751
 30
0.0
  0
SPLINE
  5
417
100
AcDbEntity
  8
0
 62
7
100
AcDbSpline
 70
8
 71
3
 72
8
 73
4
 74
0
 40
0
 40
0
 40
0
 40
0
 40
1
 40
1
 40
1
 40
1
 10
176.530795
 20
179.848751
 30
0.0
 10
176.493049
 20
179.861577
 30
0.0
 10
176.451751
 20
179.858851
 30
0.0
 10
176.416020
 20
179.841174
 30
0.0
  0
LWPOLYLINE
  5
418
100
AcDbEntity
  8
0
 62
7
100
AcDbPolyline
 90
2
 70
0
 10
176.408210
 20
179.501332
 30
0.0
 10
176.550790
 20
179.571642
 30
0.0
  0
SPLINE
  5
419
100
AcDbEntity
  8
0
 62
7
100
AcDbSpline
 70
8
 71
3
 72
8
 73
4
 74
0
 40
0
 40
0
 40
0
 40
0
 40
1
 40
1
 40
1
 40
1
 10
176.482420
 20
179.856809
 30
0.0
 10
176.400035
 20
179.855952
 30
0.0
 10
176.333761
 20
179.788808
 30
0.0
 10
176.333980
 20
179.706419
 30
0.0
  0
SPLINE
  5
41a
100
AcDbEntity
  8
0
 62
7
100
AcDbSpline
 70
8
 71
3
 72
8
 73
4
 74
0
 40
0
 40
0
 40
0
 40
0
 40
1
 40
1
 40
1
 40
1
 10
176.333980
 20
179.706419
 30
0.0
 10
176.333761
 20
179.624029
 30
0.0
 10
176.400035
 20
179.556885
 30
0.0
 10
176.482420
 20
179.556028
 30
0.0
  0
LWPOLYLINE
  5
41b
100
AcDbEntity
  8
0
 62
7
100
AcDbPolyline
 90
1
 70
1
 10
176.416020
 20
179.841174
 30
0.0
  0
SPLINE
  5
41c
100
AcDbEntity
  8
0
 62
7
100
AcDbSpline
 70
8
 71
3
 72
8
 73
4
 74
0
 40
0
 40
0
 40
0
 40
0
 40
1
 40
1
 40
1
 40
1
 10
176.769530
 20
179.556028
 30
0.0
 10
176.851915
 20
179.556885
 30
0.0
 10
176.918189
 20
179.624029
 30
0.0
 10
176.917970
 20
179.706419
 30
0.0
  0
SPLINE
  5
41d
100
AcDbEntity
  8
0
 62
7
100
AcDbSpline
 70
8
 71
3
 72
8
 73
4
 74
0
 40
0
 40
0
 40
0
 40
0
 40
1
 40
1
 40
1
 40
1
 10
176.917970
 20
179.706419
 30
0.0
 10
176.918189
 20
179.788808
 30
0.0
 10
176.851915
 20
179.855952
 30
0.0
 10
176.769530
 20
179.856809
 30
0.0
  0
LWPOLYLINE
  5
41e
100
AcDbEntity
  8
0
 62
7
100
AcDbPolyline
 90
2
 70
0
 10
176.482420
 20
179.556028
 30
0.0
 10
176.769530
 20
179.556028
 30
0.0
  0
SPLINE
  5
41f
100
AcDbEntity
  8
0
 62
7
100
AcDbSpline
 70
8
 71
3
 72
8
 73
4
 74
0
 40
0
 40
0
 40
0
 40
0
 40
1
 40
1
 40
1
 40
1
 10
176.835940
 20
179.841184
 30
0.0
 10
176.800209
 20
179.858861
 30
0.0
 10
176.758911
 20
179.861587
 30
0.0
 10
176.721165
 20
179.848761
 30
0.0
  0
SPLINE
  5
420
100
AcDbEntity
  8
0
 62
7
100
AcDbSpline
 70
8
 71
3
 72
8
 73
4
 74
0
 40
0
 40
0
 40
0
 40
0
 40
1
 40
1
 40
1
 40
1
 10
176.721165
 20
179.848761
 30
0.0
 10
176.683420
 20
179.835935
 30
0.0
 10
176.652334
 20
179.808611
 30
0.0
 10
176.634770
 20
179.772824
 30
0.0
  0
SPLINE
  5
421
100
AcDbEntity
  8
0
 62
7
100
AcDbSpline
 70
8
 71
3
 72
8
 73
4
 74
0
 40
0
 40
0
 40
0
 40
0
 40
1
 40
1
 40
1
 40
1
 10
176.634770
 20
179.772824
 30
0.0
 10
176.597674
 20
179.698927
 30
0.0
 10
176.627373
 20
179.608947
 30
0.0
 10
176.701170
 20
179.571652
 30
0.0
  0
LWPOLYLINE
  5
422
100
AcDbEntity
  8
0
 62
7
100
AcDbPolyline
 90
2
 70
0
 10
176.769530
 20
179.856809
 30
0.0
 10
176.482420
 20
179.856809
 30
0.0
  0
SPLINE
  5
423
100
AcDbEntity
  8
0
 62
7
100
AcDbSpline
 70
8
 71
3
 72
8
 73
4
 74
0
 40
0
 40
0
 40
0
 40
0
 40
1
 40
1
 40
1
 40
1
 10
176.843750
 20
179.501342
 30
0.0
 10
176.917649
 20
179.464248
 30
0.0
 10
177.007629
 20
179.493953
 30
0.0
 10
177.044920
 20
179.567752
 30
0.0
  0
SPLINE
  5
424
100
AcDbEntity
  8
0
 62
7
100
AcDbSpline
 70
8
 71
3
 72
8
 73
4
 74
0
 40
0
 40
0
 40
0
 40
0
 40
1
 40
1
 40
1
 40
1
 10
177.044920
 20
179.567752
 30
0.0
 10
177.082016
 20
179.641649
 30
0.0
 10
177.052317
 20
179.731629
 30
0.0
 10
176.978520
 20
179.768924
 30
0.0
  0
LWPOLYLINE
  5
425
100
AcDbEntity
  8
0
 62
7
100
AcDbPolyline
 90
2
 70
0
 10
176.701170
 20
179.571652
 30
0.0
 10
176.843750
 20
179.501342
 30
0.0
  0
SPLINE
  5
426
100
AcDbEntity
  8
0
 62
7
100
AcDbSpline
 70
8
 71
3
 72
8
 73
4
 74
0
 40
0
 40
0
 40
0
 40
0
 40
1
 40
1
 40
1
 40
1
 10
176.804690
 20
179.741575
 30
0.0
 10
176.776327
 20
179.713414
 30
0.0
 10
176.760375
 20
179.675098
 30
0.0
 10
176.760375
 20
179.635130
 30
0.0
  0
SPLINE
  5
427
100
AcDbEntity
  8
0
 62
7
100
AcDbSpline
 70
8
 71
3
 72
8
 73
4
 74
0
 40
0
 40
0
 40
0
 40
0
 40
1
 40
1
 40
1
 40
1
 10
176.760375
 20
179.635130
 30
0.0
 10
176.760375
 20
179.595161
 30
0.0
 10
176.776327
 20
179.556845
 30
0.0
 10
176.804690
 20
179.528684
 30
0.0
  0
LWPOLYLINE
  5
428
100
AcDbEntity
  8
0
 62
7
100
AcDbPolyline
 90
2
 70
0
 10
176.978520
 20
179.768924
 30
0.0
 10
176.835940
 20
179.841184
 30
0.0
  0
SPLINE
  5
429
100
AcDbEntity
  8
0
 62
7
100
AcDbSpline
 70
8
 71
3
 72
8
 73
4
 74
0
 40
0
 40
0
 40
0
 40
0
 40
1
 40
1
 40
1
 40
1
 10
176.876990
 20
179.458374
 30
0.0
 10
176.905151
 20
179.430011
 30
0.0
 10
176.943466
 20
179.414060
 30
0.0
 10
176.983435
 20
179.414060
 30
0.0
  0
SPLINE
  5
42a
100
AcDbEntity
  8
0
 62
7
100
AcDbSpline
 70
8
 71
3
 72
8
 73
4
 74
0
 40
0
 40
0
 40
0
 40
0
 40
1
 40
1
 40
1
 40
1
 10
176.983435
 20
179.414060
 30
0.0
 10
177.023404
 20
179.414060
 30
0.0
 10
177.061719
 20
179.430011
 30
0.0
 10
177.089880
 20
179.458374
 30
0.0
  0
SPLINE
  5
42b
100
AcDbEntity
  8
0
 62
7
100
AcDbSpline
 70
8
 71
3
 72
8
 73
4
 74
0
 40
0
 40
0
 40
0
 40
0
 40
1
 40
1
 40
1
 40
1
 10
177.089880
 20
179.458374
 30
0.0
 10
177.147666
 20
179.516813
 30
0.0
 10
177.147666
 20
179.610872
 30
0.0
 10
177.089880
 20
179.669311
 30
0.0
  0
LWPOLYLINE
  5
42c
100
AcDbEntity
  8
0
 62
7
100
AcDbPolyline
 90
2
 70
0
 10
176.804690
 20
179.528684
 30
0.0
 10
176.876990
 20
179.458374
 30
0.0
  0
SPLINE
  5
42d
100
AcDbEntity
  8
0
 62
7
100
AcDbSpline
 70
8
 71
3
 72
8
 73
4
 74
0
 40
0
 40
0
 40
0
 40
0
 40
1
 40
1
 40
1
 40
1
 10
177.017580
 20
179.741581
 30
0.0
 10
176.989419
 20
179.769944
 30
0.0
 10
176.951104
 20
179.785895
 30
0.0
 10
176.911135
 20
179.785895
 30
0.0
  0
SPLINE
  5
42e
100
AcDbEntity
  8
0
 62
7
100
AcDbSpline
 70
8
 71
3
 72
8
 73
4
 74
0
 40
0
 40
0
 40
0
 40
0
 40
1
 40
1
 40
1
 40
1
 10
176.911135
 20
179.785895
 30
0.0
 10
176.871166
 20
179.785895
 30
0.0
 10
176.832851
 20
179.769944
 30
0.0
 10
176.804690
 20
179.741581
 30
0.0
  0
LWPOLYLINE
  5
42f
100
AcDbEntity
  8
0
 62
7
100
AcDbPolyline
 90
2
 70
0
 10
177.089880
 20
179.669311
 30
0.0
 10
177.017580
 20
179.741581
 30
0.0
  0
SPLINE
  5
430
100
AcDbEntity
  8
0
 62
7
100
AcDbSpline
 70
8
 71
3
 72
8
 73
4
 74
0
 40
0
 40
0
 40
0
 40
0
 40
1
 40
1
 40
1
 40
1
 10
176.916020
 20
179.698606
 30
0.0
 10
176.880063
 20
179.680700
 30
0.0
 10
176.852790
 20
179.649121
 30
0.0
 10
176.840309
 20
179.610940
 30
0.0
  0
SPLINE
  5
431
100
AcDbEntity
  8
0
 62
7
100
AcDbSpline
 70
8
 71
3
 72
8
 73
4
 74
0
 40
0
 40
0
 40
0
 40
0
 40
1
 40
1
 40
1
 40
1
 10
176.840309
 20
179.610940
 30
0.0
 10
176.827828
 20
179.572759
 30
0.0
 10
176.831182
 20
179.531168
 30
0.0
 10
176.849620
 20
179.495481
 30
0.0
  0
LWPOLYLINE
  5
432
100
AcDbEntity
  8
0
 62
7
100
AcDbPolyline
 90
1
 70
1
 10
176.804690
 20
179.741581
 30
0.0
  0
SPLINE
  5
433
100
AcDbEntity
  8
0
 62
7
100
AcDbSpline
 70
8
 71
3
 72
8
 73
4
 74
0
 40
0
 40
0
 40
0
 40
0
 40
1
 40
1
 40
1
 40
1
 10
176.919920
 20
179.352903
 30
0.0
 10
176.957211
 20
179.279104
 30
0.0
 10
177.047191
 20
179.249399
 30
0.0
 10
177.121090
 20
179.286493
 30
0.0
  0
SPLINE
  5
434
100
AcDbEntity
  8
0
 62
7
100
AcDbSpline
 70
8
 71
3
 72
8
 73
4
 74
0
 40
0
 40
0
 40
0
 40
0
 40
1
 40
1
 40
1
 40
1
 10
177.121090
 20
179.286493
 30
0.0
 10
177.156885
 20
179.304049
 30
0.0
 10
177.184217
 20
179.335134
 30
0.0
 10
177.197051
 20
179.372880
 30
0.0
  0
SPLINE
  5
435
100
AcDbEntity
  8
0
 62
7
100
AcDbSpline
 70
8
 71
3
 72
8
 73
4
 74
0
 40
0
 40
0
 40
0
 40
0
 40
1
 40
1
 40
1
 40
1
 10
177.197051
 20
179.372880
 30
0.0
 10
177.209885
 20
179.410626
 30
0.0
 10
177.207165
 20
179.451929
 30
0.0
 10
177.189490
 20
179.487665
 30
0.0
  0
LWPOLYLINE
  5
436
100
AcDbEntity
  8
0
 62
7
100
AcDbPolyline
 90
2
 70
0
 10
176.849620
 20
179.495481
 30
0.0
 10
176.919920
 20
179.352903
 30
0.0
  0
SPLINE
  5
437
100
AcDbEntity
  8
0
 62
7
100
AcDbSpline
 70
8
 71
3
 72
8
 73
4
 74
0
 40
0
 40
0
 40
0
 40
0
 40
1
 40
1
 40
1
 40
1
 10
177.117190
 20
179.630243
 30
0.0
 10
177.099626
 20
179.666030
 30
0.0
 10
177.068540
 20
179.693354
 30
0.0
 10
177.030795
 20
179.706180
 30
0.0
  0
SPLINE
  5
438
100
AcDbEntity
  8
0
 62
7
100
AcDbSpline
 70
8
 71
3
 72
8
 73
4
 74
0
 40
0
 40
0
 40
0
 40
0
 40
1
 40
1
 40
1
 40
1
 10
177.030795
 20
179.706180
 30
0.0
 10
176.993049
 20
179.719006
 30
0.0
 10
176.951751
 20
179.716280
 30
0.0
 10
176.916020
 20
179.698603
 30
0.0
  0
LWPOLYLINE
  5
439
100
AcDbEntity
  8
0
 62
7
100
AcDbPolyline
 90
2
 70
0
 10
177.189490
 20
179.487665
 30
0.0
 10
177.117190
 20
179.630243
 30
0.0
  0
SPLINE
  5
43a
100
AcDbEntity
  8
0
 62
7
100
AcDbSpline
 70
8
 71
3
 72
8
 73
4
 74
0
 40
0
 40
0
 40
0
 40
0
 40
1
 40
1
 40
1
 40
1
 10
177.054690
 20
179.571653
 30
0.0
 10
177.014772
 20
179.571757
 30
0.0
 10
176.976460
 20
179.555946
 30
0.0
 10
176.948233
 20
179.527720
 30
0.0
  0
SPLINE
  5
43b
100
AcDbEntity
  8
0
 62
7
100
AcDbSpline
 70
8
 71
3
 72
8
 73
4
 74
0
 40
0
 40
0
 40
0
 40
0
 40
1
 40
1
 40
1
 40
1
 10
176.948233
 20
179.527720
 30
0.0
 10
176.920007
 20
179.499493
 30
0.0
 10
176.904196
 20
179.461181
 30
0.0
 10
176.904300
 20
179.421263
 30
0.0
  0
LWPOLYLINE
  5
43c
100
AcDbEntity
  8
0
 62
7
100
AcDbPolyline
 90
1
 70
1
 10
176.916020
 20
179.698603
 30
0.0
  0
SPLINE
  5
43d
100
AcDbEntity
  8
0
 62
7
100
AcDbSpline
 70
8
 71
3
 72
8
 73
4
 74
0
 40
0
 40
0
 40
0
 40
0
 40
1
 40
1
 40
1
 40
1
 10
176.904300
 20
179.348993
 30
0.0
 10
176.904196
 20
179.309075
 30
0.0
 10
176.920007
 20
179.270762
 30
0.0
 10
176.948233
 20
179.242536
 30
0.0
  0
SPLINE
  5
43e
100
AcDbEntity
  8
0
 62
7
100
AcDbSpline
 70
8
 71
3
 72
8
 73
4
 74
0
 40
0
 40
0
 40
0
 40
0
 40
1
 40
1
 40
1
 40
1
 10
176.948233
 20
179.242536
 30
0.0
 10
176.976459
 20
179.214309
 30
0.0
 10
177.014772
 20
179.198498
 30
0.0
 10
177.054690
 20
179.198602
 30
0.0
  0
SPLINE
  5
43f
100
AcDbEntity
  8
0
 62
7
100
AcDbSpline
 70
8
 71
3
 72
8
 73
4
 74
0
 40
0
 40
0
 40
0
 40
0
 40
1
 40
1
 40
1
 40
1
 10
177.054690
 20
179.198602
 30
0.0
 10
177.094608
 20
179.198498
 30
0.0
 10
177.132921
 20
179.214309
 30
0.0
 10
177.161147
 20
179.242536
 30
0.0
  0
SPLINE
  5
440
100
AcDbEntity
  8
0
 62
7
100
AcDbSpline
 70
8
 71
3
 72
8
 73
4
 74
0
 40
0
 40
0
 40
0
 40
0
 40
1
 40
1
 40
1
 40
1
 10
177.161147
 20
179.242536
 30
0.0
 10
177.189373
 20
179.270762
 30
0.0
 10
177.205184
 20
179.309075
 30
0.0
 10
177.205080
 20
179.348993
 30
0.0
  0
LWPOLYLINE
  5
441
100
AcDbEntity
  8
0
 62
7
100
AcDbPolyline
 90
2
 70
0
 10
176.904300
 20
179.421263
 30
0.0
 10
176.904300
 20
179.348993
 30
0.0
  0
SPLINE
  5
442
100
AcDbEntity
  8
0
 62
7
100
AcDbSpline
 70
8
 71
3
 72
8
 73
4
 74
0
 40
0
 40
0
 40
0
 40
0
 40
1
 40
1
 40
1
 40
1
 10
177.205080
 20
179.421263
 30
0.0
 10
177.205184
 20
179.461181
 30
0.0
 10
177.189373
 20
179.499493
 30
0.0
 10
177.161147
 20
179.527720
 30
0.0
  0
SPLINE
  5
443
100
AcDbEntity
  8
0
 62
7
100
AcDbSpline
 70
8
 71
3
 72
8
 73
4
 74
0
 40
0
 40
0
 40
0
 40
0
 40
1
 40
1
 40
1
 40
1
 10
177.161147
 20
179.527720
 30
0.0
 10
177.132920
 20
179.555946
 30
0.0
 10
177.094608
 20
179.571757
 30
0.0
 10
177.054690
 20
179.571653
 30
0.0
  0
LWPOLYLINE
  5
444
100
AcDbEntity
  8
0
 62
7
100
AcDbPolyline
 90
2
 70
0
 10
177.205080
 20
179.348993
 30
0.0
 10
177.205080
 20
179.421263
 30
0.0
  0
SPLINE
  5
445
100
AcDbEntity
  8
0
 62
7
100
AcDbSpline
 70
8
 71
3
 72
8
 73
4
 74
0
 40
0
 40
0
 40
0
 40
0
 40
1
 40
1
 40
1
 40
1
 10
177.121090
 20
179.483763
 30
0.0
 10
177.085359
 20
179.501440
 30
0.0
 10
177.044061
 20
179.504166
 30
0.0
 10
177.006315
 20
179.491340
 30
0.0
  0
SPLINE
  5
446
100
AcDbEntity
  8
0
 62
7
100
AcDbSpline
 70
8
 71
3
 72
8
 73
4
 74
0
 40
0
 40
0
 40
0
 40
0
 40
1
 40
1
 40
1
 40
1
 10
177.006315
 20
179.491340
 30
0.0
 10
176.968570
 20
179.478514
 30
0.0
 10
176.937484
 20
179.451190
 30
0.0
 10
176.919920
 20
179.415403
 30
0.0
  0
LWPOLYLINE
  5
447
100
AcDbEntity
  8
0
 62
7
100
AcDbPolyline
 90
1
 70
1
 10
177.054690
 20
179.571653
 30
0.0
  0
SPLINE
  5
448
100
AcDbEntity
  8
0
 62
7
100
AcDbSpline
 70
8
 71
3
 72
8
 73
4
 74
0
 40
0
 40
0
 40
0
 40
0
 40
1
 40
1
 40
1
 40
1
 10
176.849620
 20
179.272825
 30
0.0
 10
176.812524
 20
179.198928
 30
0.0
 10
176.842223
 20
179.108948
 30
0.0
 10
176.916020
 20
179.071653
 30
0.0
  0
SPLINE
  5
449
100
AcDbEntity
  8
0
 62
7
100
AcDbSpline
 70
8
 71
3
 72
8
 73
4
 74
0
 40
0
 40
0
 40
0
 40
0
 40
1
 40
1
 40
1
 40
1
 10
176.916020
 20
179.071653
 30
0.0
 10
176.951751
 20
179.053976
 30
0.0
 10
176.993049
 20
179.051250
 30
0.0
 10
177.030795
 20
179.064076
 30
0.0
  0
SPLINE
  5
44a
100
AcDbEntity
  8
0
 62
7
100
AcDbSpline
 70
8
 71
3
 72
8
 73
4
 74
0
 40
0
 40
0
 40
0
 40
0
 40
1
 40
1
 40
1
 40
1
 10
177.030795
 20
179.064076
 30
0.0
 10
177.068540
 20
179.076902
 30
0.0
 10
177.099626
 20
179.104226
 30
0.0
 10
177.117190
 20
179.140013
 30
0.0
  0
LWPOLYLINE
  5
44b
100
AcDbEntity
  8
0
 62
7
100
AcDbPolyline
 90
2
 70
0
 10
176.919920
 20
179.415403
 30
0.0
 10
176.849620
 20
179.272825
 30
0.0
  0
SPLINE
  5
44c
100
AcDbEntity
  8
0
 62
7
100
AcDbSpline
 70
8
 71
3
 72
8
 73
4
 74
0
 40
0
 40
0
 40
0
 40
0
 40
1
 40
1
 40
1
 40
1
 10
177.189490
 20
179.282591
 30
0.0
 10
177.207165
 20
179.318327
 30
0.0
 10
177.209885
 20
179.359630
 30
0.0
 10
177.197051
 20
179.397376
 30
0.0
  0
SPLINE
  5
44d
100
AcDbEntity
  8
0
 62
7
100
AcDbSpline
 70
8
 71
3
 72
8
 73
4
 74
0
 40
0
 40
0
 40
0
 40
0
 40
1
 40
1
 40
1
 40
1
 10
177.197051
 20
179.397376
 30
0.0
 10
177.184217
 20
179.435122
 30
0.0
 10
177.156885
 20
179.466207
 30
0.0
 10
177.121090
 20
179.483763
 30
0.0
  0
LWPOLYLINE
  5
44e
100
AcDbEntity
  8
0
 62
7
100
AcDbPolyline
 90
2
 70
0
 10
177.117190
 20
179.140013
 30
0.0
 10
177.189490
 20
179.282591
 30
0.0
  0
LWPOLYLINE
  5
44f
100
AcDbEntity
  8
0
 62
7
100
AcDbPolyline
 90
1
 70
1
 10
177.121090
 20
179.483763
 30
0.0
  0
SPLINE
  5
450
100
AcDbEntity
  8
0
 62
7
100
AcDbSpline
 70
8
 71
3
 72
8
 73
4
 74
0
 40
0
 40
0
 40
0
 40
0
 40
1
 40
1
 40
1
 40
1
 10
176.804650
 20
179.241578
 30
0.0
 10
176.776550
 20
179.213152
 30
0.0
 10
176.760957
 20
179.174686
 30
0.0
 10
176.761332
 20
179.134716
 30
0.0
  0
SPLINE
  5
451
100
AcDbEntity
  8
0
 62
7
100
AcDbSpline
 70
8
 71
3
 72
8
 73
4
 74
0
 40
0
 40
0
 40
0
 40
0
 40
1
 40
1
 40
1
 40
1
 10
176.761332
 20
179.134716
 30
0.0
 10
176.761708
 20
179.094747
 30
0.0
 10
176.778020
 20
179.056580
 30
0.0
 10
176.806650
 20
179.028687
 30
0.0
  0
SPLINE
  5
452
100
AcDbEntity
  8
0
 62
7
100
AcDbSpline
 70
8
 71
3
 72
8
 73
4
 74
0
 40
0
 40
0
 40
0
 40
0
 40
1
 40
1
 40
1
 40
1
 10
176.806650
 20
179.028687
 30
0.0
 10
176.865090
 20
178.970899
 30
0.0
 10
176.959150
 20
178.970899
 30
0.0
 10
177.017590
 20
179.028687
 30
0.0
  0
LWPOLYLINE
  5
453
100
AcDbEntity
  8
0
 62
7
100
AcDbPolyline
 90
2
 70
0
 10
176.876950
 20
179.311888
 30
0.0
 10
176.804650
 20
179.241578
 30
0.0
  0
SPLINE
  5
454
100
AcDbEntity
  8
0
 62
7
100
AcDbSpline
 70
8
 71
3
 72
8
 73
4
 74
0
 40
0
 40
0
 40
0
 40
0
 40
1
 40
1
 40
1
 40
1
 10
177.089890
 20
179.100957
 30
0.0
 10
177.147677
 20
179.159396
 30
0.0
 10
177.147677
 20
179.253456
 30
0.0
 10
177.089890
 20
179.311895
 30
0.0
  0
SPLINE
  5
455
100
AcDbEntity
  8
0
 62
7
100
AcDbSpline
 70
8
 71
3
 72
8
 73
4
 74
0
 40
0
 40
0
 40
0
 40
0
 40
1
 40
1
 40
1
 40
1
 10
177.089890
 20
179.311895
 30
0.0
 10
177.061729
 20
179.340258
 30
0.0
 10
177.023414
 20
179.356209
 30
0.0
 10
176.983445
 20
179.356209
 30
0.0
  0
SPLINE
  5
456
100
AcDbEntity
  8
0
 62
7
100
AcDbSpline
 70
8
 71
3
 72
8
 73
4
 74
0
 40
0
 40
0
 40
0
 40
0
 40
1
 40
1
 40
1
 40
1
 10
176.983445
 20
179.356209
 30
0.0
 10
176.943476
 20
179.356209
 30
0.0
 10
176.905161
 20
179.340258
 30
0.0
 10
176.877000
 20
179.311895
 30
0.0
  0
LWPOLYLINE
  5
457
100
AcDbEntity
  8
0
 62
7
100
AcDbPolyline
 90
2
 70
0
 10
177.017590
 20
179.028687
 30
0.0
 10
177.089890
 20
179.100957
 30
0.0
  0
LWPOLYLINE
  5
458
100
AcDbEntity
  8
0
 62
7
100
AcDbPolyline
 90
1
 70
1
 10
176.877000
 20
179.311895
 30
0.0
  0
SPLINE
  5
459
100
AcDbEntity
  8
0
 62
7
100
AcDbSpline
 70
8
 71
3
 72
8
 73
4
 74
0
 40
0
 40
0
 40
0
 40
0
 40
1
 40
1
 40
1
 40
1
 10
176.701170
 20
179.198609
 30
0.0
 10
176.665213
 20
179.180703
 30
0.0
 10
176.637940
 20
179.149124
 30
0.0
 10
176.625459
 20
179.110943
 30
0.0
  0
SPLINE
  5
45a
100
AcDbEntity
  8
0
 62
7
100
AcDbSpline
 70
8
 71
3
 72
8
 73
4
 74
0
 40
0
 40
0
 40
0
 40
0
 40
1
 40
1
 40
1
 40
1
 10
176.625459
 20
179.110943
 30
0.0
 10
176.612978
 20
179.072762
 30
0.0
 10
176.616332
 20
179.031171
 30
0.0
 10
176.634770
 20
178.995484
 30
0.0
  0
SPLINE
  5
45b
100
AcDbEntity
  8
0
 62
7
100
AcDbSpline
 70
8
 71
3
 72
8
 73
4
 74
0
 40
0
 40
0
 40
0
 40
0
 40
1
 40
1
 40
1
 40
1
 10
176.634770
 20
178.995484
 30
0.0
 10
176.672061
 20
178.921685
 30
0.0
 10
176.762041
 20
178.891980
 30
0.0
 10
176.835940
 20
178.929074
 30
0.0
  0
LWPOLYLINE
  5
45c
100
AcDbEntity
  8
0
 62
7
100
AcDbPolyline
 90
2
 70
0
 10
176.843750
 20
179.268919
 30
0.0
 10
176.701170
 20
179.198609
 30
0.0
  0
SPLINE
  5
45d
100
AcDbEntity
  8
0
 62
7
100
AcDbSpline
 70
8
 71
3
 72
8
 73
4
 74
0
 40
0
 40
0
 40
0
 40
0
 40
1
 40
1
 40
1
 40
1
 10
176.978520
 20
179.001344
 30
0.0
 10
177.052317
 20
179.038639
 30
0.0
 10
177.082016
 20
179.128619
 30
0.0
 10
177.044920
 20
179.202516
 30
0.0
  0
SPLINE
  5
45e
100
AcDbEntity
  8
0
 62
7
100
AcDbSpline
 70
8
 71
3
 72
8
 73
4
 74
0
 40
0
 40
0
 40
0
 40
0
 40
1
 40
1
 40
1
 40
1
 10
177.044920
 20
179.202516
 30
0.0
 10
177.007629
 20
179.276315
 30
0.0
 10
176.917649
 20
179.306020
 30
0.0
 10
176.843750
 20
179.268926
 30
0.0
  0
LWPOLYLINE
  5
45f
100
AcDbEntity
  8
0
 62
7
100
AcDbPolyline
 90
2
 70
0
 10
176.835940
 20
178.929074
 30
0.0
 10
176.978520
 20
179.001344
 30
0.0
  0
SPLINE
  5
460
100
AcDbEntity
  8
0
 62
7
100
AcDbSpline
 70
8
 71
3
 72
8
 73
4
 74
0
 40
0
 40
0
 40
0
 40
0
 40
1
 40
1
 40
1
 40
1
 10
176.482420
 20
179.214231
 30
0.0
 10
176.400035
 20
179.213374
 30
0.0
 10
176.333761
 20
179.146230
 30
0.0
 10
176.333980
 20
179.063841
 30
0.0
  0
SPLINE
  5
461
100
AcDbEntity
  8
0
 62
7
100
AcDbSpline
 70
8
 71
3
 72
8
 73
4
 74
0
 40
0
 40
0
 40
0
 40
0
 40
1
 40
1
 40
1
 40
1
 10
176.333980
 20
179.063841
 30
0.0
 10
176.333761
 20
178.981451
 30
0.0
 10
176.400035
 20
178.914307
 30
0.0
 10
176.482420
 20
178.913450
 30
0.0
  0
LWPOLYLINE
  5
462
100
AcDbEntity
  8
0
 62
7
100
AcDbPolyline
 90
1
 70
1
 10
176.843750
 20
179.268926
 30
0.0
  0
SPLINE
  5
463
100
AcDbEntity
  8
0
 62
7
100
AcDbSpline
 70
8
 71
3
 72
8
 73
4
 74
0
 40
0
 40
0
 40
0
 40
0
 40
1
 40
1
 40
1
 40
1
 10
176.769530
 20
178.913450
 30
0.0
 10
176.851915
 20
178.914307
 30
0.0
 10
176.918189
 20
178.981451
 30
0.0
 10
176.917970
 20
179.063841
 30
0.0
  0
SPLINE
  5
464
100
AcDbEntity
  8
0
 62
7
100
AcDbSpline
 70
8
 71
3
 72
8
 73
4
 74
0
 40
0
 40
0
 40
0
 40
0
 40
1
 40
1
 40
1
 40
1
 10
176.917970
 20
179.063841
 30
0.0
 10
176.918189
 20
179.146230
 30
0.0
 10
176.851915
 20
179.213374
 30
0.0
 10
176.769530
 20
179.214231
 30
0.0
  0
LWPOLYLINE
  5
465
100
AcDbEntity
  8
0
 62
7
100
AcDbPolyline
 90
2
 70
0
 10
176.482420
 20
178.913450
 30
0.0
 10
176.769530
 20
178.913450
 30
0.0
  0
LWPOLYLINE
  5
466
100
AcDbEntity
  8
0
 62
7
100
AcDbPolyline
 90
2
 70
0
 10
176.769530
 20
179.214231
 30
0.0
 10
176.482420
 20
179.214231
 30
0.0
  0
SPLINE
  5
467
100
AcDbEntity
  8
0
 62
7
100
AcDbSpline
 70
8
 71
3
 72
8
 73
4
 74
0
 40
0
 40
0
 40
0
 40
0
 40
1
 40
1
 40
1
 40
1
 10
176.273440
 20
179.126336
 30
0.0
 10
176.237645
 20
179.108780
 30
0.0
 10
176.210313
 20
179.077695
 30
0.0
 10
176.197479
 20
179.039949
 30
0.0
  0
SPLINE
  5
468
100
AcDbEntity
  8
0
 62
7
100
AcDbSpline
 70
8
 71
3
 72
8
 73
4
 74
0
 40
0
 40
0
 40
0
 40
0
 40
1
 40
1
 40
1
 40
1
 10
176.197479
 20
179.039949
 30
0.0
 10
176.184645
 20
179.002203
 30
0.0
 10
176.187365
 20
178.960900
 30
0.0
 10
176.205040
 20
178.925164
 30
0.0
  0
SPLINE
  5
469
100
AcDbEntity
  8
0
 62
7
100
AcDbSpline
 70
8
 71
3
 72
8
 73
4
 74
0
 40
0
 40
0
 40
0
 40
0
 40
1
 40
1
 40
1
 40
1
 10
176.205040
 20
178.925164
 30
0.0
 10
176.222944
 20
178.889206
 30
0.0
 10
176.254522
 20
178.861932
 30
0.0
 10
176.292701
 20
178.849449
 30
0.0
  0
SPLINE
  5
46a
100
AcDbEntity
  8
0
 62
7
100
AcDbSpline
 70
8
 71
3
 72
8
 73
4
 74
0
 40
0
 40
0
 40
0
 40
0
 40
1
 40
1
 40
1
 40
1
 10
176.292701
 20
178.849449
 30
0.0
 10
176.330881
 20
178.836966
 30
0.0
 10
176.372472
 20
178.840318
 30
0.0
 10
176.408160
 20
178.858754
 30
0.0
  0
LWPOLYLINE
  5
46b
100
AcDbEntity
  8
0
 62
7
100
AcDbPolyline
 90
2
 70
0
 10
176.416020
 20
179.198606
 30
0.0
 10
176.273440
 20
179.126336
 30
0.0
  0
SPLINE
  5
46c
100
AcDbEntity
  8
0
 62
7
100
AcDbSpline
 70
8
 71
3
 72
8
 73
4
 74
0
 40
0
 40
0
 40
0
 40
0
 40
1
 40
1
 40
1
 40
1
 10
176.550740
 20
178.929064
 30
0.0
 10
176.624537
 20
178.966359
 30
0.0
 10
176.654236
 20
179.056339
 30
0.0
 10
176.617140
 20
179.130236
 30
0.0
  0
SPLINE
  5
46d
100
AcDbEntity
  8
0
 62
7
100
AcDbSpline
 70
8
 71
3
 72
8
 73
4
 74
0
 40
0
 40
0
 40
0
 40
0
 40
1
 40
1
 40
1
 40
1
 10
176.617140
 20
179.130236
 30
0.0
 10
176.599576
 20
179.166023
 30
0.0
 10
176.568490
 20
179.193347
 30
0.0
 10
176.530745
 20
179.206173
 30
0.0
  0
SPLINE
  5
46e
100
AcDbEntity
  8
0
 62
7
100
AcDbSpline
 70
8
 71
3
 72
8
 73
4
 74
0
 40
0
 40
0
 40
0
 40
0
 40
1
 40
1
 40
1
 40
1
 10
176.530745
 20
179.206173
 30
0.0
 10
176.492999
 20
179.218999
 30
0.0
 10
176.451701
 20
179.216273
 30
0.0
 10
176.415970
 20
179.198596
 30
0.0
  0
LWPOLYLINE
  5
46f
100
AcDbEntity
  8
0
 62
7
100
AcDbPolyline
 90
2
 70
0
 10
176.408160
 20
178.858754
 30
0.0
 10
176.550740
 20
178.929064
 30
0.0
  0
LWPOLYLINE
  5
470
100
AcDbEntity
  8
0
 62
7
100
AcDbPolyline
 90
1
 70
1
 10
176.415970
 20
179.198596
 30
0.0
  0
SPLINE
  5
471
100
AcDbEntity
  8
0
 62
7
100
AcDbSpline
 70
8
 71
3
 72
8
 73
4
 74
0
 40
0
 40
0
 40
0
 40
0
 40
1
 40
1
 40
1
 40
1
 10
176.162070
 20
179.026727
 30
0.0
 10
176.133707
 20
178.998566
 30
0.0
 10
176.117756
 20
178.960251
 30
0.0
 10
176.117756
 20
178.920282
 30
0.0
  0
SPLINE
  5
472
100
AcDbEntity
  8
0
 62
7
100
AcDbSpline
 70
8
 71
3
 72
8
 73
4
 74
0
 40
0
 40
0
 40
0
 40
0
 40
1
 40
1
 40
1
 40
1
 10
176.117756
 20
178.920282
 30
0.0
 10
176.117756
 20
178.880313
 30
0.0
 10
176.133707
 20
178.841998
 30
0.0
 10
176.162070
 20
178.813837
 30
0.0
  0
SPLINE
  5
473
100
AcDbEntity
  8
0
 62
7
100
AcDbSpline
 70
8
 71
3
 72
8
 73
4
 74
0
 40
0
 40
0
 40
0
 40
0
 40
1
 40
1
 40
1
 40
1
 10
176.162070
 20
178.813837
 30
0.0
 10
176.190231
 20
178.785474
 30
0.0
 10
176.228546
 20
178.769523
 30
0.0
 10
176.268515
 20
178.769523
 30
0.0
  0
SPLINE
  5
474
100
AcDbEntity
  8
0
 62
7
100
AcDbSpline
 70
8
 71
3
 72
8
 73
4
 74
0
 40
0
 40
0
 40
0
 40
0
 40
1
 40
1
 40
1
 40
1
 10
176.268515
 20
178.769523
 30
0.0
 10
176.308484
 20
178.769523
 30
0.0
 10
176.346799
 20
178.785474
 30
0.0
 10
176.374960
 20
178.813837
 30
0.0
  0
LWPOLYLINE
  5
475
100
AcDbEntity
  8
0
 62
7
100
AcDbPolyline
 90
2
 70
0
 10
176.234370
 20
179.098997
 30
0.0
 10
176.162070
 20
179.026727
 30
0.0
  0
SPLINE
  5
476
100
AcDbEntity
  8
0
 62
7
100
AcDbSpline
 70
8
 71
3
 72
8
 73
4
 74
0
 40
0
 40
0
 40
0
 40
0
 40
1
 40
1
 40
1
 40
1
 10
176.445260
 20
178.886107
 30
0.0
 10
176.473623
 20
178.914268
 30
0.0
 10
176.489575
 20
178.952584
 30
0.0
 10
176.489575
 20
178.992553
 30
0.0
  0
SPLINE
  5
477
100
AcDbEntity
  8
0
 62
7
100
AcDbSpline
 70
8
 71
3
 72
8
 73
4
 74
0
 40
0
 40
0
 40
0
 40
0
 40
1
 40
1
 40
1
 40
1
 10
176.489575
 20
178.992553
 30
0.0
 10
176.489575
 20
179.032521
 30
0.0
 10
176.473623
 20
179.070837
 30
0.0
 10
176.445260
 20
179.098998
 30
0.0
  0
SPLINE
  5
478
100
AcDbEntity
  8
0
 62
7
100
AcDbSpline
 70
8
 71
3
 72
8
 73
4
 74
0
 40
0
 40
0
 40
0
 40
0
 40
1
 40
1
 40
1
 40
1
 10
176.445260
 20
179.098998
 30
0.0
 10
176.386820
 20
179.156786
 30
0.0
 10
176.292760
 20
179.156786
 30
0.0
 10
176.234320
 20
179.098998
 30
0.0
  0
LWPOLYLINE
  5
479
100
AcDbEntity
  8
0
 62
7
100
AcDbPolyline
 90
2
 70
0
 10
176.374960
 20
178.813837
 30
0.0
 10
176.445260
 20
178.886107
 30
0.0
  0
SPLINE
  5
47a
100
AcDbEntity
  8
0
 62
7
100
AcDbSpline
 70
8
 71
3
 72
8
 73
4
 74
0
 40
0
 40
0
 40
0
 40
0
 40
1
 40
1
 40
1
 40
1
 10
176.335940
 20
179.054075
 30
0.0
 10
176.262041
 20
179.091169
 30
0.0
 10
176.172061
 20
179.061464
 30
0.0
 10
176.134770
 20
178.987665
 30
0.0
  0
LWPOLYLINE
  5
47b
100
AcDbEntity
  8
0
 62
7
100
AcDbPolyline
 90
1
 70
1
 10
176.234320
 20
179.098998
 30
0.0
  0
SPLINE
  5
47c
100
AcDbEntity
  8
0
 62
7
100
AcDbSpline
 70
8
 71
3
 72
8
 73
4
 74
0
 40
0
 40
0
 40
0
 40
0
 40
1
 40
1
 40
1
 40
1
 10
176.062470
 20
178.845087
 30
0.0
 10
176.044795
 20
178.809351
 30
0.0
 10
176.042075
 20
178.768048
 30
0.0
 10
176.054909
 20
178.730302
 30
0.0
  0
SPLINE
  5
47d
100
AcDbEntity
  8
0
 62
7
100
AcDbSpline
 70
8
 71
3
 72
8
 73
4
 74
0
 40
0
 40
0
 40
0
 40
0
 40
1
 40
1
 40
1
 40
1
 10
176.054909
 20
178.730302
 30
0.0
 10
176.067743
 20
178.692556
 30
0.0
 10
176.095075
 20
178.661471
 30
0.0
 10
176.130870
 20
178.643915
 30
0.0
  0
SPLINE
  5
47e
100
AcDbEntity
  8
0
 62
7
100
AcDbSpline
 70
8
 71
3
 72
8
 73
4
 74
0
 40
0
 40
0
 40
0
 40
0
 40
1
 40
1
 40
1
 40
1
 10
176.130870
 20
178.643915
 30
0.0
 10
176.204769
 20
178.606821
 30
0.0
 10
176.294749
 20
178.636526
 30
0.0
 10
176.332040
 20
178.710325
 30
0.0
  0
LWPOLYLINE
  5
47f
100
AcDbEntity
  8
0
 62
7
100
AcDbPolyline
 90
2
 70
0
 10
176.134770
 20
178.987665
 30
0.0
 10
176.062470
 20
178.845087
 30
0.0
  0
SPLINE
  5
480
100
AcDbEntity
  8
0
 62
7
100
AcDbSpline
 70
8
 71
3
 72
8
 73
4
 74
0
 40
0
 40
0
 40
0
 40
0
 40
1
 40
1
 40
1
 40
1
 10
176.402340
 20
178.852903
 30
0.0
 10
176.439436
 20
178.926800
 30
0.0
 10
176.409737
 20
179.016780
 30
0.0
 10
176.335940
 20
179.054075
 30
0.0
  0
LWPOLYLINE
  5
481
100
AcDbEntity
  8
0
 62
7
100
AcDbPolyline
 90
2
 70
0
 10
176.332040
 20
178.710325
 30
0.0
 10
176.402340
 20
178.852903
 30
0.0
  0
SPLINE
  5
482
100
AcDbEntity
  8
0
 62
7
100
AcDbSpline
 70
8
 71
3
 72
8
 73
4
 74
0
 40
0
 40
0
 40
0
 40
0
 40
1
 40
1
 40
1
 40
1
 10
176.197270
 20
178.927122
 30
0.0
 10
176.114878
 20
178.927346
 30
0.0
 10
176.047728
 20
178.861072
 30
0.0
 10
176.046870
 20
178.778684
 30
0.0
  0
LWPOLYLINE
  5
483
100
AcDbEntity
  8
0
 62
7
100
AcDbPolyline
 90
1
 70
1
 10
176.335940
 20
179.054075
 30
0.0
  0
SPLINE
  5
484
100
AcDbEntity
  8
0
 62
7
100
AcDbSpline
 70
8
 71
3
 72
8
 73
4
 74
0
 40
0
 40
0
 40
0
 40
0
 40
1
 40
1
 40
1
 40
1
 10
176.046870
 20
178.491575
 30
0.0
 10
176.046766
 20
178.451655
 30
0.0
 10
176.062578
 20
178.413341
 30
0.0
 10
176.090807
 20
178.385114
 30
0.0
  0
SPLINE
  5
485
100
AcDbEntity
  8
0
 62
7
100
AcDbSpline
 70
8
 71
3
 72
8
 73
4
 74
0
 40
0
 40
0
 40
0
 40
0
 40
1
 40
1
 40
1
 40
1
 10
176.090807
 20
178.385114
 30
0.0
 10
176.119035
 20
178.356888
 30
0.0
 10
176.157350
 20
178.341077
 30
0.0
 10
176.197270
 20
178.341184
 30
0.0
  0
SPLINE
  5
486
100
AcDbEntity
  8
0
 62
7
100
AcDbSpline
 70
8
 71
3
 72
8
 73
4
 74
0
 40
0
 40
0
 40
0
 40
0
 40
1
 40
1
 40
1
 40
1
 10
176.197270
 20
178.341184
 30
0.0
 10
176.237188
 20
178.341080
 30
0.0
 10
176.275501
 20
178.356891
 30
0.0
 10
176.303727
 20
178.385118
 30
0.0
  0
SPLINE
  5
487
100
AcDbEntity
  8
0
 62
7
100
AcDbSpline
 70
8
 71
3
 72
8
 73
4
 74
0
 40
0
 40
0
 40
0
 40
0
 40
1
 40
1
 40
1
 40
1
 10
176.303727
 20
178.385118
 30
0.0
 10
176.331953
 20
178.413344
 30
0.0
 10
176.347764
 20
178.451657
 30
0.0
 10
176.347660
 20
178.491575
 30
0.0
  0
LWPOLYLINE
  5
488
100
AcDbEntity
  8
0
 62
7
100
AcDbPolyline
 90
2
 70
0
 10
176.046870
 20
178.778684
 30
0.0
 10
176.046870
 20
178.491575
 30
0.0
  0
SPLINE
  5
489
100
AcDbEntity
  8
0
 62
7
100
AcDbSpline
 70
8
 71
3
 72
8
 73
4
 74
0
 40
0
 40
0
 40
0
 40
0
 40
1
 40
1
 40
1
 40
1
 10
176.347660
 20
178.778684
 30
0.0
 10
176.346802
 20
178.861068
 30
0.0
 10
176.279658
 20
178.927341
 30
0.0
 10
176.197270
 20
178.927122
 30
0.0
  0
LWPOLYLINE
  5
48a
100
AcDbEntity
  8
0
 62
7
100
AcDbPolyline
 90
2
 70
0
 10
176.347660
 20
178.491575
 30
0.0
 10
176.347660
 20
178.778684
 30
0.0
  0
SPLINE
  5
48b
100
AcDbEntity
  8
0
 62
7
100
AcDbSpline
 70
8
 71
3
 72
8
 73
4
 74
0
 40
0
 40
0
 40
0
 40
0
 40
1
 40
1
 40
1
 40
1
 10
176.130860
 20
178.626341
 30
0.0
 10
176.095065
 20
178.608785
 30
0.0
 10
176.067733
 20
178.577700
 30
0.0
 10
176.054899
 20
178.539954
 30
0.0
  0
SPLINE
  5
48c
100
AcDbEntity
  8
0
 62
7
100
AcDbSpline
 70
8
 71
3
 72
8
 73
4
 74
0
 40
0
 40
0
 40
0
 40
0
 40
1
 40
1
 40
1
 40
1
 10
176.054899
 20
178.539954
 30
0.0
 10
176.042065
 20
178.502208
 30
0.0
 10
176.044785
 20
178.460905
 30
0.0
 10
176.062460
 20
178.425169
 30
0.0
  0
LWPOLYLINE
  5
48d
100
AcDbEntity
  8
0
 62
7
100
AcDbPolyline
 90
1
 70
1
 10
176.197270
 20
178.927122
 30
0.0
  0
SPLINE
  5
48e
100
AcDbEntity
  8
0
 62
7
100
AcDbSpline
 70
8
 71
3
 72
8
 73
4
 74
0
 40
0
 40
0
 40
0
 40
0
 40
1
 40
1
 40
1
 40
1
 10
176.134760
 20
178.282591
 30
0.0
 10
176.152324
 20
178.246804
 30
0.0
 10
176.183410
 20
178.219480
 30
0.0
 10
176.221155
 20
178.206654
 30
0.0
  0
SPLINE
  5
48f
100
AcDbEntity
  8
0
 62
7
100
AcDbSpline
 70
8
 71
3
 72
8
 73
4
 74
0
 40
0
 40
0
 40
0
 40
0
 40
1
 40
1
 40
1
 40
1
 10
176.221155
 20
178.206654
 30
0.0
 10
176.258901
 20
178.193828
 30
0.0
 10
176.300199
 20
178.196554
 30
0.0
 10
176.335930
 20
178.214231
 30
0.0
  0
SPLINE
  5
490
100
AcDbEntity
  8
0
 62
7
100
AcDbSpline
 70
8
 71
3
 72
8
 73
4
 74
0
 40
0
 40
0
 40
0
 40
0
 40
1
 40
1
 40
1
 40
1
 10
176.335930
 20
178.214231
 30
0.0
 10
176.409727
 20
178.251526
 30
0.0
 10
176.439426
 20
178.341506
 30
0.0
 10
176.402330
 20
178.415403
 30
0.0
  0
LWPOLYLINE
  5
491
100
AcDbEntity
  8
0
 62
7
100
AcDbPolyline
 90
2
 70
0
 10
176.062460
 20
178.425169
 30
0.0
 10
176.134760
 20
178.282591
 30
0.0
  0
SPLINE
  5
492
100
AcDbEntity
  8
0
 62
7
100
AcDbSpline
 70
8
 71
3
 72
8
 73
4
 74
0
 40
0
 40
0
 40
0
 40
0
 40
1
 40
1
 40
1
 40
1
 10
176.332030
 20
178.559934
 30
0.0
 10
176.294739
 20
178.633733
 30
0.0
 10
176.204759
 20
178.663438
 30
0.0
 10
176.130860
 20
178.626344
 30
0.0
  0
LWPOLYLINE
  5
493
100
AcDbEntity
  8
0
 62
7
100
AcDbPolyline
 90
2
 70
0
 10
176.402330
 20
178.415403
 30
0.0
 10
176.332030
 20
178.559934
 30
0.0
  0
SPLINE
  5
494
100
AcDbEntity
  8
0
 62
7
100
AcDbSpline
 70
8
 71
3
 72
8
 73
4
 74
0
 40
0
 40
0
 40
0
 40
0
 40
1
 40
1
 40
1
 40
1
 10
176.162110
 20
178.454466
 30
0.0
 10
176.104323
 20
178.396027
 30
0.0
 10
176.104323
 20
178.301967
 30
0.0
 10
176.162110
 20
178.243528
 30
0.0
  0
LWPOLYLINE
  5
495
100
AcDbEntity
  8
0
 62
7
100
AcDbPolyline
 90
1
 70
1
 10
176.130860
 20
178.626344
 30
0.0
  0
SPLINE
  5
496
100
AcDbEntity
  8
0
 62
7
100
AcDbSpline
 70
8
 71
3
 72
8
 73
4
 74
0
 40
0
 40
0
 40
0
 40
0
 40
1
 40
1
 40
1
 40
1
 10
176.234410
 20
178.171258
 30
0.0
 10
176.292850
 20
178.113470
 30
0.0
 10
176.386910
 20
178.113470
 30
0.0
 10
176.445350
 20
178.171258
 30
0.0
  0
SPLINE
  5
497
100
AcDbEntity
  8
0
 62
7
100
AcDbSpline
 70
8
 71
3
 72
8
 73
4
 74
0
 40
0
 40
0
 40
0
 40
0
 40
1
 40
1
 40
1
 40
1
 10
176.445350
 20
178.171258
 30
0.0
 10
176.473713
 20
178.199419
 30
0.0
 10
176.489664
 20
178.237734
 30
0.0
 10
176.489664
 20
178.277703
 30
0.0
  0
SPLINE
  5
498
100
AcDbEntity
  8
0
 62
7
100
AcDbSpline
 70
8
 71
3
 72
8
 73
4
 74
0
 40
0
 40
0
 40
0
 40
0
 40
1
 40
1
 40
1
 40
1
 10
176.489664
 20
178.277703
 30
0.0
 10
176.489664
 20
178.317672
 30
0.0
 10
176.473713
 20
178.355987
 30
0.0
 10
176.445350
 20
178.384148
 30
0.0
  0
LWPOLYLINE
  5
499
100
AcDbEntity
  8
0
 62
7
100
AcDbPolyline
 90
2
 70
0
 10
176.162110
 20
178.243528
 30
0.0
 10
176.234410
 20
178.171258
 30
0.0
  0
SPLINE
  5
49a
100
AcDbEntity
  8
0
 62
7
100
AcDbSpline
 70
8
 71
3
 72
8
 73
4
 74
0
 40
0
 40
0
 40
0
 40
0
 40
1
 40
1
 40
1
 40
1
 10
176.375050
 20
178.454458
 30
0.0
 10
176.346889
 20
178.482821
 30
0.0
 10
176.308574
 20
178.498772
 30
0.0
 10
176.268605
 20
178.498772
 30
0.0
  0
SPLINE
  5
49b
100
AcDbEntity
  8
0
 62
7
100
AcDbSpline
 70
8
 71
3
 72
8
 73
4
 74
0
 40
0
 40
0
 40
0
 40
0
 40
1
 40
1
 40
1
 40
1
 10
176.268605
 20
178.498772
 30
0.0
 10
176.228636
 20
178.498772
 30
0.0
 10
176.190321
 20
178.482821
 30
0.0
 10
176.162160
 20
178.454458
 30
0.0
  0
LWPOLYLINE
  5
49c
100
AcDbEntity
  8
0
 62
7
100
AcDbPolyline
 90
2
 70
0
 10
176.445350
 20
178.384148
 30
0.0
 10
176.375050
 20
178.454458
 30
0.0
  0
SPLINE
  5
49d
100
AcDbEntity
  8
0
 62
7
100
AcDbSpline
 70
8
 71
3
 72
8
 73
4
 74
0
 40
0
 40
0
 40
0
 40
0
 40
1
 40
1
 40
1
 40
1
 10
176.408200
 20
178.411497
 30
0.0
 10
176.372512
 20
178.429933
 30
0.0
 10
176.330921
 20
178.433285
 30
0.0
 10
176.292741
 20
178.420802
 30
0.0
  0
SPLINE
  5
49e
100
AcDbEntity
  8
0
 62
7
100
AcDbSpline
 70
8
 71
3
 72
8
 73
4
 74
0
 40
0
 40
0
 40
0
 40
0
 40
1
 40
1
 40
1
 40
1
 10
176.292741
 20
178.420802
 30
0.0
 10
176.254562
 20
178.408319
 30
0.0
 10
176.222984
 20
178.381045
 30
0.0
 10
176.205080
 20
178.345087
 30
0.0
  0
SPLINE
  5
49f
100
AcDbEntity
  8
0
 62
7
100
AcDbSpline
 70
8
 71
3
 72
8
 73
4
 74
0
 40
0
 40
0
 40
0
 40
0
 40
1
 40
1
 40
1
 40
1
 10
176.205080
 20
178.345087
 30
0.0
 10
176.187405
 20
178.309351
 30
0.0
 10
176.184685
 20
178.268048
 30
0.0
 10
176.197519
 20
178.230302
 30
0.0
  0
SPLINE
  5
4a0
100
AcDbEntity
  8
0
 62
7
100
AcDbSpline
 70
8
 71
3
 72
8
 73
4
 74
0
 40
0
 40
0
 40
0
 40
0
 40
1
 40
1
 40
1
 40
1
 10
176.197519
 20
178.230302
 30
0.0
 10
176.210353
 20
178.192556
 30
0.0
 10
176.237685
 20
178.161471
 30
0.0
 10
176.273480
 20
178.143915
 30
0.0
  0
LWPOLYLINE
  5
4a1
100
AcDbEntity
  8
0
 62
7
100
AcDbPolyline
 90
1
 70
1
 10
176.162160
 20
178.454458
 30
0.0
  0
SPLINE
  5
4a2
100
AcDbEntity
  8
0
 62
7
100
AcDbSpline
 70
8
 71
3
 72
8
 73
4
 74
0
 40
0
 40
0
 40
0
 40
0
 40
1
 40
1
 40
1
 40
1
 10
176.416060
 20
178.071645
 30
0.0
 10
176.451791
 20
178.053968
 30
0.0
 10
176.493089
 20
178.051242
 30
0.0
 10
176.530835
 20
178.064068
 30
0.0
  0
SPLINE
  5
4a3
100
AcDbEntity
  8
0
 62
7
100
AcDbSpline
 70
8
 71
3
 72
8
 73
4
 74
0
 40
0
 40
0
 40
0
 40
0
 40
1
 40
1
 40
1
 40
1
 10
176.530835
 20
178.064068
 30
0.0
 10
176.568580
 20
178.076894
 30
0.0
 10
176.599666
 20
178.104218
 30
0.0
 10
176.617230
 20
178.140005
 30
0.0
  0
SPLINE
  5
4a4
100
AcDbEntity
  8
0
 62
7
100
AcDbSpline
 70
8
 71
3
 72
8
 73
4
 74
0
 40
0
 40
0
 40
0
 40
0
 40
1
 40
1
 40
1
 40
1
 10
176.617230
 20
178.140005
 30
0.0
 10
176.654326
 20
178.213902
 30
0.0
 10
176.624626
 20
178.303881
 30
0.0
 10
176.550830
 20
178.341176
 30
0.0
  0
LWPOLYLINE
  5
4a5
100
AcDbEntity
  8
0
 62
7
100
AcDbPolyline
 90
2
 70
0
 10
176.273480
 20
178.143915
 30
0.0
 10
176.416060
 20
178.071645
 30
0.0
  0
SPLINE
  5
4a6
100
AcDbEntity
  8
0
 62
7
100
AcDbSpline
 70
8
 71
3
 72
8
 73
4
 74
0
 40
0
 40
0
 40
0
 40
0
 40
1
 40
1
 40
1
 40
1
 10
176.482420
 20
178.356809
 30
0.0
 10
176.400035
 20
178.355952
 30
0.0
 10
176.333761
 20
178.288808
 30
0.0
 10
176.333980
 20
178.206419
 30
0.0
  0
SPLINE
  5
4a7
100
AcDbEntity
  8
0
 62
7
100
AcDbSpline
 70
8
 71
3
 72
8
 73
4
 74
0
 40
0
 40
0
 40
0
 40
0
 40
1
 40
1
 40
1
 40
1
 10
176.333980
 20
178.206419
 30
0.0
 10
176.333761
 20
178.124029
 30
0.0
 10
176.400035
 20
178.056885
 30
0.0
 10
176.482420
 20
178.056028
 30
0.0
  0
LWPOLYLINE
  5
4a8
100
AcDbEntity
  8
0
 62
7
100
AcDbPolyline
 90
2
 70
0
 10
176.550830
 20
178.341176
 30
0.0
 10
176.408200
 20
178.411497
 30
0.0
  0
SPLINE
  5
4a9
100
AcDbEntity
  8
0
 62
7
100
AcDbSpline
 70
8
 71
3
 72
8
 73
4
 74
0
 40
0
 40
0
 40
0
 40
0
 40
1
 40
1
 40
1
 40
1
 10
176.769530
 20
178.056028
 30
0.0
 10
176.851915
 20
178.056885
 30
0.0
 10
176.918189
 20
178.124029
 30
0.0
 10
176.917970
 20
178.206419
 30
0.0
  0
SPLINE
  5
4aa
100
AcDbEntity
  8
0
 62
7
100
AcDbSpline
 70
8
 71
3
 72
8
 73
4
 74
0
 40
0
 40
0
 40
0
 40
0
 40
1
 40
1
 40
1
 40
1
 10
176.917970
 20
178.206419
 30
0.0
 10
176.918189
 20
178.288808
 30
0.0
 10
176.851915
 20
178.355952
 30
0.0
 10
176.769530
 20
178.356809
 30
0.0
  0
LWPOLYLINE
  5
4ab
100
AcDbEntity
  8
0
 62
7
100
AcDbPolyline
 90
2
 70
0
 10
176.482420
 20
178.056028
 30
0.0
 10
176.769530
 20
178.056028
 30
0.0
  0
LWPOLYLINE
  5
4ac
100
AcDbEntity
  8
0
 62
7
100
AcDbPolyline
 90
2
 70
0
 10
176.769530
 20
178.356809
 30
0.0
 10
176.482420
 20
178.356809
 30
0.0
  0
SPLINE
  5
4ad
100
AcDbEntity
  8
0
 62
7
100
AcDbSpline
 70
8
 71
3
 72
8
 73
4
 74
0
 40
0
 40
0
 40
0
 40
0
 40
1
 40
1
 40
1
 40
1
 10
176.701170
 20
178.341187
 30
0.0
 10
176.627374
 20
178.303892
 30
0.0
 10
176.597674
 20
178.213913
 30
0.0
 10
176.634770
 20
178.140016
 30
0.0
  0
SPLINE
  5
4ae
100
AcDbEntity
  8
0
 62
7
100
AcDbSpline
 70
8
 71
3
 72
8
 73
4
 74
0
 40
0
 40
0
 40
0
 40
0
 40
1
 40
1
 40
1
 40
1
 10
176.634770
 20
178.140016
 30
0.0
 10
176.652334
 20
178.104229
 30
0.0
 10
176.683420
 20
178.076905
 30
0.0
 10
176.721165
 20
178.064079
 30
0.0
  0
SPLINE
  5
4af
100
AcDbEntity
  8
0
 62
7
100
AcDbSpline
 70
8
 71
3
 72
8
 73
4
 74
0
 40
0
 40
0
 40
0
 40
0
 40
1
 40
1
 40
1
 40
1
 10
176.721165
 20
178.064079
 30
0.0
 10
176.758911
 20
178.051253
 30
0.0
 10
176.800209
 20
178.053979
 30
0.0
 10
176.835940
 20
178.071656
 30
0.0
  0
LWPOLYLINE
  5
4b0
100
AcDbEntity
  8
0
 62
7
100
AcDbPolyline
 90
2
 70
0
 10
176.843750
 20
178.411497
 30
0.0
 10
176.701170
 20
178.341187
 30
0.0
  0
SPLINE
  5
4b1
100
AcDbEntity
  8
0
 62
7
100
AcDbSpline
 70
8
 71
3
 72
8
 73
4
 74
0
 40
0
 40
0
 40
0
 40
0
 40
1
 40
1
 40
1
 40
1
 10
176.978520
 20
178.143926
 30
0.0
 10
177.052317
 20
178.181221
 30
0.0
 10
177.082016
 20
178.271201
 30
0.0
 10
177.044920
 20
178.345098
 30
0.0
  0
SPLINE
  5
4b2
100
AcDbEntity
  8
0
 62
7
100
AcDbSpline
 70
8
 71
3
 72
8
 73
4
 74
0
 40
0
 40
0
 40
0
 40
0
 40
1
 40
1
 40
1
 40
1
 10
177.044920
 20
178.345098
 30
0.0
 10
177.007629
 20
178.418897
 30
0.0
 10
176.917649
 20
178.448602
 30
0.0
 10
176.843750
 20
178.411508
 30
0.0
  0
LWPOLYLINE
  5
4b3
100
AcDbEntity
  8
0
 62
7
100
AcDbPolyline
 90
2
 70
0
 10
176.835940
 20
178.071656
 30
0.0
 10
176.978520
 20
178.143926
 30
0.0
  0
LWPOLYLINE
  5
4b4
100
AcDbEntity
  8
0
 62
7
100
AcDbPolyline
 90
1
 70
1
 10
176.843750
 20
178.411508
 30
0.0
  0
SPLINE
  5
4b5
100
AcDbEntity
  8
0
 62
7
100
AcDbSpline
 70
8
 71
3
 72
8
 73
4
 74
0
 40
0
 40
0
 40
0
 40
0
 40
1
 40
1
 40
1
 40
1
 10
176.804650
 20
178.384156
 30
0.0
 10
176.776287
 20
178.355995
 30
0.0
 10
176.760336
 20
178.317680
 30
0.0
 10
176.760336
 20
178.277711
 30
0.0
  0
SPLINE
  5
4b6
100
AcDbEntity
  8
0
 62
7
100
AcDbSpline
 70
8
 71
3
 72
8
 73
4
 74
0
 40
0
 40
0
 40
0
 40
0
 40
1
 40
1
 40
1
 40
1
 10
176.760336
 20
178.277711
 30
0.0
 10
176.760336
 20
178.237742
 30
0.0
 10
176.776287
 20
178.199427
 30
0.0
 10
176.804650
 20
178.171266
 30
0.0
  0
SPLINE
  5
4b7
100
AcDbEntity
  8
0
 62
7
100
AcDbSpline
 70
8
 71
3
 72
8
 73
4
 74
0
 40
0
 40
0
 40
0
 40
0
 40
1
 40
1
 40
1
 40
1
 10
176.804650
 20
178.171266
 30
0.0
 10
176.832811
 20
178.142903
 30
0.0
 10
176.871126
 20
178.126952
 30
0.0
 10
176.911095
 20
178.126952
 30
0.0
  0
SPLINE
  5
4b8
100
AcDbEntity
  8
0
 62
7
100
AcDbSpline
 70
8
 71
3
 72
8
 73
4
 74
0
 40
0
 40
0
 40
0
 40
0
 40
1
 40
1
 40
1
 40
1
 10
176.911095
 20
178.126952
 30
0.0
 10
176.951064
 20
178.126952
 30
0.0
 10
176.989379
 20
178.142903
 30
0.0
 10
177.017540
 20
178.171266
 30
0.0
  0
LWPOLYLINE
  5
4b9
100
AcDbEntity
  8
0
 62
7
100
AcDbPolyline
 90
2
 70
0
 10
176.876950
 20
178.454466
 30
0.0
 10
176.804650
 20
178.384156
 30
0.0
  0
SPLINE
  5
4ba
100
AcDbEntity
  8
0
 62
7
100
AcDbSpline
 70
8
 71
3
 72
8
 73
4
 74
0
 40
0
 40
0
 40
0
 40
0
 40
1
 40
1
 40
1
 40
1
 10
177.089840
 20
178.243536
 30
0.0
 10
177.147627
 20
178.301975
 30
0.0
 10
177.147627
 20
178.396035
 30
0.0
 10
177.089840
 20
178.454474
 30
0.0
  0
SPLINE
  5
4bb
100
AcDbEntity
  8
0
 62
7
100
AcDbSpline
 70
8
 71
3
 72
8
 73
4
 74
0
 40
0
 40
0
 40
0
 40
0
 40
1
 40
1
 40
1
 40
1
 10
177.089840
 20
178.454474
 30
0.0
 10
177.061679
 20
178.482837
 30
0.0
 10
177.023364
 20
178.498788
 30
0.0
 10
176.983395
 20
178.498788
 30
0.0
  0
SPLINE
  5
4bc
100
AcDbEntity
  8
0
 62
7
100
AcDbSpline
 70
8
 71
3
 72
8
 73
4
 74
0
 40
0
 40
0
 40
0
 40
0
 40
1
 40
1
 40
1
 40
1
 10
176.983395
 20
178.498788
 30
0.0
 10
176.943426
 20
178.498788
 30
0.0
 10
176.905111
 20
178.482837
 30
0.0
 10
176.876950
 20
178.454474
 30
0.0
  0
LWPOLYLINE
  5
4bd
100
AcDbEntity
  8
0
 62
7
100
AcDbPolyline
 90
2
 70
0
 10
177.017540
 20
178.171266
 30
0.0
 10
177.089840
 20
178.243536
 30
0.0
  0
SPLINE
  5
4be
100
AcDbEntity
  8
0
 62
7
100
AcDbSpline
 70
8
 71
3
 72
8
 73
4
 74
0
 40
0
 40
0
 40
0
 40
0
 40
1
 40
1
 40
1
 40
1
 10
177.121090
 20
178.626341
 30
0.0
 10
177.047191
 20
178.663435
 30
0.0
 10
176.957211
 20
178.633730
 30
0.0
 10
176.919920
 20
178.559931
 30
0.0
  0
LWPOLYLINE
  5
4bf
100
AcDbEntity
  8
0
 62
7
100
AcDbPolyline
 90
1
 70
1
 10
176.876950
 20
178.454474
 30
0.0
  0
SPLINE
  5
4c0
100
AcDbEntity
  8
0
 62
7
100
AcDbSpline
 70
8
 71
3
 72
8
 73
4
 74
0
 40
0
 40
0
 40
0
 40
0
 40
1
 40
1
 40
1
 40
1
 10
176.849620
 20
178.415400
 30
0.0
 10
176.812524
 20
178.341503
 30
0.0
 10
176.842223
 20
178.251523
 30
0.0
 10
176.916020
 20
178.214228
 30
0.0
  0
SPLINE
  5
4c1
100
AcDbEntity
  8
0
 62
7
100
AcDbSpline
 70
8
 71
3
 72
8
 73
4
 74
0
 40
0
 40
0
 40
0
 40
0
 40
1
 40
1
 40
1
 40
1
 10
176.916020
 20
178.214228
 30
0.0
 10
176.951751
 20
178.196551
 30
0.0
 10
176.993049
 20
178.193825
 30
0.0
 10
177.030795
 20
178.206651
 30
0.0
  0
SPLINE
  5
4c2
100
AcDbEntity
  8
0
 62
7
100
AcDbSpline
 70
8
 71
3
 72
8
 73
4
 74
0
 40
0
 40
0
 40
0
 40
0
 40
1
 40
1
 40
1
 40
1
 10
177.030795
 20
178.206651
 30
0.0
 10
177.068540
 20
178.219477
 30
0.0
 10
177.099626
 20
178.246801
 30
0.0
 10
177.117190
 20
178.282588
 30
0.0
  0
LWPOLYLINE
  5
4c3
100
AcDbEntity
  8
0
 62
7
100
AcDbPolyline
 90
2
 70
0
 10
176.919920
 20
178.559931
 30
0.0
 10
176.849620
 20
178.415400
 30
0.0
  0
SPLINE
  5
4c4
100
AcDbEntity
  8
0
 62
7
100
AcDbSpline
 70
8
 71
3
 72
8
 73
4
 74
0
 40
0
 40
0
 40
0
 40
0
 40
1
 40
1
 40
1
 40
1
 10
177.189490
 20
178.425166
 30
0.0
 10
177.207165
 20
178.460902
 30
0.0
 10
177.209885
 20
178.502205
 30
0.0
 10
177.197051
 20
178.539951
 30
0.0
  0
SPLINE
  5
4c5
100
AcDbEntity
  8
0
 62
7
100
AcDbSpline
 70
8
 71
3
 72
8
 73
4
 74
0
 40
0
 40
0
 40
0
 40
0
 40
1
 40
1
 40
1
 40
1
 10
177.197051
 20
178.539951
 30
0.0
 10
177.184217
 20
178.577697
 30
0.0
 10
177.156885
 20
178.608782
 30
0.0
 10
177.121090
 20
178.626338
 30
0.0
  0
LWPOLYLINE
  5
4c6
100
AcDbEntity
  8
0
 62
7
100
AcDbPolyline
 90
2
 70
0
 10
177.117190
 20
178.282588
 30
0.0
 10
177.189490
 20
178.425166
 30
0.0
  0
SPLINE
  5
4c7
100
AcDbEntity
  8
0
 62
7
100
AcDbSpline
 70
8
 71
3
 72
8
 73
4
 74
0
 40
0
 40
0
 40
0
 40
0
 40
1
 40
1
 40
1
 40
1
 10
177.054690
 20
178.927122
 30
0.0
 10
176.972302
 20
178.927341
 30
0.0
 10
176.905158
 20
178.861068
 30
0.0
 10
176.904300
 20
178.778684
 30
0.0
  0
LWPOLYLINE
  5
4c8
100
AcDbEntity
  8
0
 62
7
100
AcDbPolyline
 90
1
 70
1
 10
177.121090
 20
178.626338
 30
0.0
  0
SPLINE
  5
4c9
100
AcDbEntity
  8
0
 62
7
100
AcDbSpline
 70
8
 71
3
 72
8
 73
4
 74
0
 40
0
 40
0
 40
0
 40
0
 40
1
 40
1
 40
1
 40
1
 10
176.904300
 20
178.491575
 30
0.0
 10
176.904196
 20
178.451657
 30
0.0
 10
176.920007
 20
178.413344
 30
0.0
 10
176.948233
 20
178.385118
 30
0.0
  0
SPLINE
  5
4ca
100
AcDbEntity
  8
0
 62
7
100
AcDbSpline
 70
8
 71
3
 72
8
 73
4
 74
0
 40
0
 40
0
 40
0
 40
0
 40
1
 40
1
 40
1
 40
1
 10
176.948233
 20
178.385118
 30
0.0
 10
176.976459
 20
178.356891
 30
0.0
 10
177.014772
 20
178.341080
 30
0.0
 10
177.054690
 20
178.341184
 30
0.0
  0
SPLINE
  5
4cb
100
AcDbEntity
  8
0
 62
7
100
AcDbSpline
 70
8
 71
3
 72
8
 73
4
 74
0
 40
0
 40
0
 40
0
 40
0
 40
1
 40
1
 40
1
 40
1
 10
177.054690
 20
178.341184
 30
0.0
 10
177.094608
 20
178.341080
 30
0.0
 10
177.132921
 20
178.356891
 30
0.0
 10
177.161147
 20
178.385118
 30
0.0
  0
SPLINE
  5
4cc
100
AcDbEntity
  8
0
 62
7
100
AcDbSpline
 70
8
 71
3
 72
8
 73
4
 74
0
 40
0
 40
0
 40
0
 40
0
 40
1
 40
1
 40
1
 40
1
 10
177.161147
 20
178.385118
 30
0.0
 10
177.189373
 20
178.413344
 30
0.0
 10
177.205184
 20
178.451657
 30
0.0
 10
177.205080
 20
178.491575
 30
0.0
  0
LWPOLYLINE
  5
4cd
100
AcDbEntity
  8
0
 62
7
100
AcDbPolyline
 90
2
 70
0
 10
176.904300
 20
178.778684
 30
0.0
 10
176.904300
 20
178.491575
 30
0.0
  0
SPLINE
  5
4ce
100
AcDbEntity
  8
0
 62
7
100
AcDbSpline
 70
8
 71
3
 72
8
 73
4
 74
0
 40
0
 40
0
 40
0
 40
0
 40
1
 40
1
 40
1
 40
1
 10
177.205080
 20
178.778684
 30
0.0
 10
177.204222
 20
178.861068
 30
0.0
 10
177.137078
 20
178.927341
 30
0.0
 10
177.054690
 20
178.927122
 30
0.0
  0
LWPOLYLINE
  5
4cf
100
AcDbEntity
  8
0
 62
7
100
AcDbPolyline
 90
2
 70
0
 10
177.205080
 20
178.491575
 30
0.0
 10
177.205080
 20
178.778684
 30
0.0
  0
SPLINE
  5
4d0
100
AcDbEntity
  8
0
 62
7
100
AcDbSpline
 70
8
 71
3
 72
8
 73
4
 74
0
 40
0
 40
0
 40
0
 40
0
 40
1
 40
1
 40
1
 40
1
 10
176.916020
 20
179.054075
 30
0.0
 10
176.842223
 20
179.016780
 30
0.0
 10
176.812524
 20
178.926800
 30
0.0
 10
176.849620
 20
178.852903
 30
0.0
  0
LWPOLYLINE
  5
4d1
100
AcDbEntity
  8
0
 62
7
100
AcDbPolyline
 90
1
 70
1
 10
177.054690
 20
178.927122
 30
0.0
  0
SPLINE
  5
4d2
100
AcDbEntity
  8
0
 62
7
100
AcDbSpline
 70
8
 71
3
 72
8
 73
4
 74
0
 40
0
 40
0
 40
0
 40
0
 40
1
 40
1
 40
1
 40
1
 10
176.919920
 20
178.710325
 30
0.0
 10
176.957211
 20
178.636526
 30
0.0
 10
177.047191
 20
178.606821
 30
0.0
 10
177.121090
 20
178.643915
 30
0.0
  0
SPLINE
  5
4d3
100
AcDbEntity
  8
0
 62
7
100
AcDbSpline
 70
8
 71
3
 72
8
 73
4
 74
0
 40
0
 40
0
 40
0
 40
0
 40
1
 40
1
 40
1
 40
1
 10
177.121090
 20
178.643915
 30
0.0
 10
177.156885
 20
178.661471
 30
0.0
 10
177.184217
 20
178.692556
 30
0.0
 10
177.197051
 20
178.730302
 30
0.0
  0
SPLINE
  5
4d4
100
AcDbEntity
  8
0
 62
7
100
AcDbSpline
 70
8
 71
3
 72
8
 73
4
 74
0
 40
0
 40
0
 40
0
 40
0
 40
1
 40
1
 40
1
 40
1
 10
177.197051
 20
178.730302
 30
0.0
 10
177.209885
 20
178.768048
 30
0.0
 10
177.207165
 20
178.809351
 30
0.0
 10
177.189490
 20
178.845087
 30
0.0
  0
LWPOLYLINE
  5
4d5
100
AcDbEntity
  8
0
 62
7
100
AcDbPolyline
 90
2
 70
0
 10
176.849620
 20
178.852903
 30
0.0
 10
176.919920
 20
178.710325
 30
0.0
  0
SPLINE
  5
4d6
100
AcDbEntity
  8
0
 62
7
100
AcDbSpline
 70
8
 71
3
 72
8
 73
4
 74
0
 40
0
 40
0
 40
0
 40
0
 40
1
 40
1
 40
1
 40
1
 10
177.117190
 20
178.987665
 30
0.0
 10
177.079899
 20
179.061464
 30
0.0
 10
176.989919
 20
179.091169
 30
0.0
 10
176.916020
 20
179.054075
 30
0.0
  0
LWPOLYLINE
  5
4d7
100
AcDbEntity
  8
0
 62
7
100
AcDbPolyline
 90
2
 70
0
 10
177.189490
 20
178.845087
 30
0.0
 10
177.117190
 20
178.987665
 30
0.0
  0
SPLINE
  5
4d8
100
AcDbEntity
  8
0
 62
7
100
AcDbSpline
 70
8
 71
3
 72
8
 73
4
 74
0
 40
0
 40
0
 40
0
 40
0
 40
1
 40
1
 40
1
 40
1
 10
176.804690
 20
179.098997
 30
0.0
 10
176.776327
 20
179.070836
 30
0.0
 10
176.760375
 20
179.032520
 30
0.0
 10
176.760375
 20
178.992552
 30
0.0
  0
SPLINE
  5
4d9
100
AcDbEntity
  8
0
 62
7
100
AcDbSpline
 70
8
 71
3
 72
8
 73
4
 74
0
 40
0
 40
0
 40
0
 40
0
 40
1
 40
1
 40
1
 40
1
 10
176.760375
 20
178.992552
 30
0.0
 10
176.760375
 20
178.952583
 30
0.0
 10
176.776327
 20
178.914267
 30
0.0
 10
176.804690
 20
178.886106
 30
0.0
  0
LWPOLYLINE
  5
4da
100
AcDbEntity
  8
0
 62
7
100
AcDbPolyline
 90
1
 70
1
 10
176.916020
 20
179.054075
 30
0.0
  0
SPLINE
  5
4db
100
AcDbEntity
  8
0
 62
7
100
AcDbSpline
 70
8
 71
3
 72
8
 73
4
 74
0
 40
0
 40
0
 40
0
 40
0
 40
1
 40
1
 40
1
 40
1
 10
176.876990
 20
178.813836
 30
0.0
 10
176.905151
 20
178.785473
 30
0.0
 10
176.943466
 20
178.769522
 30
0.0
 10
176.983435
 20
178.769522
 30
0.0
  0
SPLINE
  5
4dc
100
AcDbEntity
  8
0
 62
7
100
AcDbSpline
 70
8
 71
3
 72
8
 73
4
 74
0
 40
0
 40
0
 40
0
 40
0
 40
1
 40
1
 40
1
 40
1
 10
176.983435
 20
178.769522
 30
0.0
 10
177.023404
 20
178.769522
 30
0.0
 10
177.061719
 20
178.785473
 30
0.0
 10
177.089880
 20
178.813836
 30
0.0
  0
SPLINE
  5
4dd
100
AcDbEntity
  8
0
 62
7
100
AcDbSpline
 70
8
 71
3
 72
8
 73
4
 74
0
 40
0
 40
0
 40
0
 40
0
 40
1
 40
1
 40
1
 40
1
 10
177.089880
 20
178.813836
 30
0.0
 10
177.118243
 20
178.841997
 30
0.0
 10
177.134194
 20
178.880312
 30
0.0
 10
177.134194
 20
178.920281
 30
0.0
  0
SPLINE
  5
4de
100
AcDbEntity
  8
0
 62
7
100
AcDbSpline
 70
8
 71
3
 72
8
 73
4
 74
0
 40
0
 40
0
 40
0
 40
0
 40
1
 40
1
 40
1
 40
1
 10
177.134194
 20
178.920281
 30
0.0
 10
177.134194
 20
178.960250
 30
0.0
 10
177.118243
 20
178.998565
 30
0.0
 10
177.089880
 20
179.026726
 30
0.0
  0
LWPOLYLINE
  5
4df
100
AcDbEntity
  8
0
 62
7
100
AcDbPolyline
 90
2
 70
0
 10
176.804690
 20
178.886106
 30
0.0
 10
176.876990
 20
178.813836
 30
0.0
  0
SPLINE
  5
4e0
100
AcDbEntity
  8
0
 62
7
100
AcDbSpline
 70
8
 71
3
 72
8
 73
4
 74
0
 40
0
 40
0
 40
0
 40
0
 40
1
 40
1
 40
1
 40
1
 10
177.017580
 20
179.098996
 30
0.0
 10
176.989419
 20
179.127359
 30
0.0
 10
176.951104
 20
179.143310
 30
0.0
 10
176.911135
 20
179.143310
 30
0.0
  0
SPLINE
  5
4e1
100
AcDbEntity
  8
0
 62
7
100
AcDbSpline
 70
8
 71
3
 72
8
 73
4
 74
0
 40
0
 40
0
 40
0
 40
0
 40
1
 40
1
 40
1
 40
1
 10
176.911135
 20
179.143310
 30
0.0
 10
176.871166
 20
179.143310
 30
0.0
 10
176.832851
 20
179.127359
 30
0.0
 10
176.804690
 20
179.098996
 30
0.0
  0
LWPOLYLINE
  5
4e2
100
AcDbEntity
  8
0
 62
7
100
AcDbPolyline
 90
2
 70
0
 10
177.089880
 20
179.026726
 30
0.0
 10
177.017580
 20
179.098996
 30
0.0
  0
SPLINE
  5
4e3
100
AcDbEntity
  8
0
 62
7
100
AcDbSpline
 70
8
 71
3
 72
8
 73
4
 74
0
 40
0
 40
0
 40
0
 40
0
 40
1
 40
1
 40
1
 40
1
 10
176.835940
 20
179.198606
 30
0.0
 10
176.800209
 20
179.216283
 30
0.0
 10
176.758911
 20
179.219009
 30
0.0
 10
176.721165
 20
179.206183
 30
0.0
  0
SPLINE
  5
4e4
100
AcDbEntity
  8
0
 62
7
100
AcDbSpline
 70
8
 71
3
 72
8
 73
4
 74
0
 40
0
 40
0
 40
0
 40
0
 40
1
 40
1
 40
1
 40
1
 10
176.721165
 20
179.206183
 30
0.0
 10
176.683420
 20
179.193357
 30
0.0
 10
176.652334
 20
179.166033
 30
0.0
 10
176.634770
 20
179.130246
 30
0.0
  0
SPLINE
  5
4e5
100
AcDbEntity
  8
0
 62
7
100
AcDbSpline
 70
8
 71
3
 72
8
 73
4
 74
0
 40
0
 40
0
 40
0
 40
0
 40
1
 40
1
 40
1
 40
1
 10
176.634770
 20
179.130246
 30
0.0
 10
176.597674
 20
179.056349
 30
0.0
 10
176.627373
 20
178.966369
 30
0.0
 10
176.701170
 20
178.929074
 30
0.0
  0
LWPOLYLINE
  5
4e6
100
AcDbEntity
  8
0
 62
7
100
AcDbPolyline
 90
1
 70
1
 10
176.804690
 20
179.098996
 30
0.0
  0
SPLINE
  5
4e7
100
AcDbEntity
  8
0
 62
7
100
AcDbSpline
 70
8
 71
3
 72
8
 73
4
 74
0
 40
0
 40
0
 40
0
 40
0
 40
1
 40
1
 40
1
 40
1
 10
176.843750
 20
178.858764
 30
0.0
 10
176.917649
 20
178.821670
 30
0.0
 10
177.007629
 20
178.851375
 30
0.0
 10
177.044920
 20
178.925174
 30
0.0
  0
SPLINE
  5
4e8
100
AcDbEntity
  8
0
 62
7
100
AcDbSpline
 70
8
 71
3
 72
8
 73
4
 74
0
 40
0
 40
0
 40
0
 40
0
 40
1
 40
1
 40
1
 40
1
 10
177.044920
 20
178.925174
 30
0.0
 10
177.082016
 20
178.999071
 30
0.0
 10
177.052317
 20
179.089051
 30
0.0
 10
176.978520
 20
179.126346
 30
0.0
  0
LWPOLYLINE
  5
4e9
100
AcDbEntity
  8
0
 62
7
100
AcDbPolyline
 90
2
 70
0
 10
176.701170
 20
178.929074
 30
0.0
 10
176.843750
 20
178.858764
 30
0.0
  0
SPLINE
  5
4ea
100
AcDbEntity
  8
0
 62
7
100
AcDbSpline
 70
8
 71
3
 72
8
 73
4
 74
0
 40
0
 40
0
 40
0
 40
0
 40
1
 40
1
 40
1
 40
1
 10
177.982420
 20
179.856809
 30
0.0
 10
177.900035
 20
179.855952
 30
0.0
 10
177.833761
 20
179.788808
 30
0.0
 10
177.833980
 20
179.706419
 30
0.0
  0
SPLINE
  5
4eb
100
AcDbEntity
  8
0
 62
7
100
AcDbSpline
 70
8
 71
3
 72
8
 73
4
 74
0
 40
0
 40
0
 40
0
 40
0
 40
1
 40
1
 40
1
 40
1
 10
177.833980
 20
179.706419
 30
0.0
 10
177.833761
 20
179.624029
 30
0.0
 10
177.900035
 20
179.556885
 30
0.0
 10
177.982420
 20
179.556028
 30
0.0
  0
LWPOLYLINE
  5
4ec
100
AcDbEntity
  8
0
 62
7
100
AcDbPolyline
 90
2
 70
0
 10
176.978520
 20
179.126346
 30
0.0
 10
176.835940
 20
179.198606
 30
0.0
  0
SPLINE
  5
4ed
100
AcDbEntity
  8
0
 62
7
100
AcDbSpline
 70
8
 71
3
 72
8
 73
4
 74
0
 40
0
 40
0
 40
0
 40
0
 40
1
 40
1
 40
1
 40
1
 10
178.125000
 20
179.556028
 30
0.0
 10
178.164918
 20
179.555924
 30
0.0
 10
178.203231
 20
179.571735
 30
0.0
 10
178.231457
 20
179.599962
 30
0.0
  0
SPLINE
  5
4ee
100
AcDbEntity
  8
0
 62
7
100
AcDbSpline
 70
8
 71
3
 72
8
 73
4
 74
0
 40
0
 40
0
 40
0
 40
0
 40
1
 40
1
 40
1
 40
1
 10
178.231457
 20
179.599962
 30
0.0
 10
178.259683
 20
179.628188
 30
0.0
 10
178.275494
 20
179.666501
 30
0.0
 10
178.275390
 20
179.706419
 30
0.0
  0
SPLINE
  5
4ef
100
AcDbEntity
  8
0
 62
7
100
AcDbSpline
 70
8
 71
3
 72
8
 73
4
 74
0
 40
0
 40
0
 40
0
 40
0
 40
1
 40
1
 40
1
 40
1
 10
178.275390
 20
179.706419
 30
0.0
 10
178.275494
 20
179.746337
 30
0.0
 10
178.259683
 20
179.784649
 30
0.0
 10
178.231457
 20
179.812876
 30
0.0
  0
SPLINE
  5
4f0
100
AcDbEntity
  8
0
 62
7
100
AcDbSpline
 70
8
 71
3
 72
8
 73
4
 74
0
 40
0
 40
0
 40
0
 40
0
 40
1
 40
1
 40
1
 40
1
 10
178.231457
 20
179.812876
 30
0.0
 10
178.203230
 20
179.841102
 30
0.0
 10
178.164918
 20
179.856913
 30
0.0
 10
178.125000
 20
179.856809
 30
0.0
  0
LWPOLYLINE
  5
4f1
100
AcDbEntity
  8
0
 62
7
100
AcDbPolyline
 90
2
 70
0
 10
177.982420
 20
179.556028
 30
0.0
 10
178.125000
 20
179.556028
 30
0.0
  0
SPLINE
  5
4f2
100
AcDbEntity
  8
0
 62
7
100
AcDbSpline
 70
8
 71
3
 72
8
 73
4
 74
0
 40
0
 40
0
 40
0
 40
0
 40
1
 40
1
 40
1
 40
1
 10
178.193360
 20
179.841184
 30
0.0
 10
178.157629
 20
179.858861
 30
0.0
 10
178.116331
 20
179.861587
 30
0.0
 10
178.078585
 20
179.848761
 30
0.0
  0
SPLINE
  5
4f3
100
AcDbEntity
  8
0
 62
7
100
AcDbSpline
 70
8
 71
3
 72
8
 73
4
 74
0
 40
0
 40
0
 40
0
 40
0
 40
1
 40
1
 40
1
 40
1
 10
178.078585
 20
179.848761
 30
0.0
 10
178.040840
 20
179.835935
 30
0.0
 10
178.009754
 20
179.808611
 30
0.0
 10
177.992190
 20
179.772824
 30
0.0
  0
SPLINE
  5
4f4
100
AcDbEntity
  8
0
 62
7
100
AcDbSpline
 70
8
 71
3
 72
8
 73
4
 74
0
 40
0
 40
0
 40
0
 40
0
 40
1
 40
1
 40
1
 40
1
 10
177.992190
 20
179.772824
 30
0.0
 10
177.955094
 20
179.698927
 30
0.0
 10
177.984793
 20
179.608947
 30
0.0
 10
178.058590
 20
179.571652
 30
0.0
  0
LWPOLYLINE
  5
4f5
100
AcDbEntity
  8
0
 62
7
100
AcDbPolyline
 90
2
 70
0
 10
178.125000
 20
179.856809
 30
0.0
 10
177.982420
 20
179.856809
 30
0.0
  0
SPLINE
  5
4f6
100
AcDbEntity
  8
0
 62
7
100
AcDbSpline
 70
8
 71
3
 72
8
 73
4
 74
0
 40
0
 40
0
 40
0
 40
0
 40
1
 40
1
 40
1
 40
1
 10
178.201170
 20
179.501342
 30
0.0
 10
178.275069
 20
179.464248
 30
0.0
 10
178.365049
 20
179.493953
 30
0.0
 10
178.402340
 20
179.567752
 30
0.0
  0
SPLINE
  5
4f7
100
AcDbEntity
  8
0
 62
7
100
AcDbSpline
 70
8
 71
3
 72
8
 73
4
 74
0
 40
0
 40
0
 40
0
 40
0
 40
1
 40
1
 40
1
 40
1
 10
178.402340
 20
179.567752
 30
0.0
 10
178.439436
 20
179.641649
 30
0.0
 10
178.409737
 20
179.731629
 30
0.0
 10
178.335940
 20
179.768924
 30
0.0
  0
LWPOLYLINE
  5
4f8
100
AcDbEntity
  8
0
 62
7
100
AcDbPolyline
 90
2
 70
0
 10
178.058590
 20
179.571652
 30
0.0
 10
178.201170
 20
179.501342
 30
0.0
  0
SPLINE
  5
4f9
100
AcDbEntity
  8
0
 62
7
100
AcDbSpline
 70
8
 71
3
 72
8
 73
4
 74
0
 40
0
 40
0
 40
0
 40
0
 40
1
 40
1
 40
1
 40
1
 10
178.162110
 20
179.741575
 30
0.0
 10
178.133747
 20
179.713414
 30
0.0
 10
178.117795
 20
179.675098
 30
0.0
 10
178.117795
 20
179.635130
 30
0.0
  0
SPLINE
  5
4fa
100
AcDbEntity
  8
0
 62
7
100
AcDbSpline
 70
8
 71
3
 72
8
 73
4
 74
0
 40
0
 40
0
 40
0
 40
0
 40
1
 40
1
 40
1
 40
1
 10
178.117795
 20
179.635130
 30
0.0
 10
178.117795
 20
179.595161
 30
0.0
 10
178.133747
 20
179.556845
 30
0.0
 10
178.162110
 20
179.528684
 30
0.0
  0
LWPOLYLINE
  5
4fb
100
AcDbEntity
  8
0
 62
7
100
AcDbPolyline
 90
2
 70
0
 10
178.335940
 20
179.768924
 30
0.0
 10
178.193360
 20
179.841184
 30
0.0
  0
SPLINE
  5
4fc
100
AcDbEntity
  8
0
 62
7
100
AcDbSpline
 70
8
 71
3
 72
8
 73
4
 74
0
 40
0
 40
0
 40
0
 40
0
 40
1
 40
1
 40
1
 40
1
 10
178.234410
 20
179.458374
 30
0.0
 10
178.292850
 20
179.400586
 30
0.0
 10
178.386910
 20
179.400586
 30
0.0
 10
178.445350
 20
179.458374
 30
0.0
  0
SPLINE
  5
4fd
100
AcDbEntity
  8
0
 62
7
100
AcDbSpline
 70
8
 71
3
 72
8
 73
4
 74
0
 40
0
 40
0
 40
0
 40
0
 40
1
 40
1
 40
1
 40
1
 10
178.445350
 20
179.458374
 30
0.0
 10
178.503136
 20
179.516813
 30
0.0
 10
178.503136
 20
179.610872
 30
0.0
 10
178.445350
 20
179.669311
 30
0.0
  0
LWPOLYLINE
  5
4fe
100
AcDbEntity
  8
0
 62
7
100
AcDbPolyline
 90
2
 70
0
 10
178.162110
 20
179.528684
 30
0.0
 10
178.234410
 20
179.458374
 30
0.0
  0
SPLINE
  5
4ff
100
AcDbEntity
  8
0
 62
7
100
AcDbSpline
 70
8
 71
3
 72
8
 73
4
 74
0
 40
0
 40
0
 40
0
 40
0
 40
1
 40
1
 40
1
 40
1
 10
178.375050
 20
179.741581
 30
0.0
 10
178.346889
 20
179.769944
 30
0.0
 10
178.308574
 20
179.785895
 30
0.0
 10
178.268605
 20
179.785895
 30
0.0
  0
SPLINE
  5
500
100
AcDbEntity
  8
0
 62
7
100
AcDbSpline
 70
8
 71
3
 72
8
 73
4
 74
0
 40
0
 40
0
 40
0
 40
0
 40
1
 40
1
 40
1
 40
1
 10
178.268605
 20
179.785895
 30
0.0
 10
178.228636
 20
179.785895
 30
0.0
 10
178.190321
 20
179.769944
 30
0.0
 10
178.162160
 20
179.741581
 30
0.0
  0
LWPOLYLINE
  5
501
100
AcDbEntity
  8
0
 62
7
100
AcDbPolyline
 90
2
 70
0
 10
178.445350
 20
179.669311
 30
0.0
 10
178.375050
 20
179.741581
 30
0.0
  0
SPLINE
  5
502
100
AcDbEntity
  8
0
 62
7
100
AcDbSpline
 70
8
 71
3
 72
8
 73
4
 74
0
 40
0
 40
0
 40
0
 40
0
 40
1
 40
1
 40
1
 40
1
 10
178.273440
 20
179.696653
 30
0.0
 10
178.199643
 20
179.659358
 30
0.0
 10
178.169944
 20
179.569378
 30
0.0
 10
178.207040
 20
179.495481
 30
0.0
  0
LWPOLYLINE
  5
503
100
AcDbEntity
  8
0
 62
7
100
AcDbPolyline
 90
1
 70
1
 10
178.162160
 20
179.741581
 30
0.0
  0
SPLINE
  5
504
100
AcDbEntity
  8
0
 62
7
100
AcDbSpline
 70
8
 71
3
 72
8
 73
4
 74
0
 40
0
 40
0
 40
0
 40
0
 40
1
 40
1
 40
1
 40
1
 10
178.277340
 20
179.352903
 30
0.0
 10
178.314631
 20
179.279098
 30
0.0
 10
178.404619
 20
179.249393
 30
0.0
 10
178.478520
 20
179.286493
 30
0.0
  0
SPLINE
  5
505
100
AcDbEntity
  8
0
 62
7
100
AcDbSpline
 70
8
 71
3
 72
8
 73
4
 74
0
 40
0
 40
0
 40
0
 40
0
 40
1
 40
1
 40
1
 40
1
 10
178.478520
 20
179.286493
 30
0.0
 10
178.552317
 20
179.323788
 30
0.0
 10
178.582016
 20
179.413768
 30
0.0
 10
178.544920
 20
179.487665
 30
0.0
  0
LWPOLYLINE
  5
506
100
AcDbEntity
  8
0
 62
7
100
AcDbPolyline
 90
2
 70
0
 10
178.207040
 20
179.495481
 30
0.0
 10
178.277340
 20
179.352903
 30
0.0
  0
SPLINE
  5
507
100
AcDbEntity
  8
0
 62
7
100
AcDbSpline
 70
8
 71
3
 72
8
 73
4
 74
0
 40
0
 40
0
 40
0
 40
0
 40
1
 40
1
 40
1
 40
1
 10
178.474620
 20
179.630243
 30
0.0
 10
178.437329
 20
179.704042
 30
0.0
 10
178.347349
 20
179.733747
 30
0.0
 10
178.273450
 20
179.696653
 30
0.0
  0
LWPOLYLINE
  5
508
100
AcDbEntity
  8
0
 62
7
100
AcDbPolyline
 90
2
 70
0
 10
178.544920
 20
179.487665
 30
0.0
 10
178.474620
 20
179.630243
 30
0.0
  0
SPLINE
  5
509
100
AcDbEntity
  8
0
 62
7
100
AcDbSpline
 70
8
 71
3
 72
8
 73
4
 74
0
 40
0
 40
0
 40
0
 40
0
 40
1
 40
1
 40
1
 40
1
 10
178.375000
 20
179.565794
 30
0.0
 10
178.294662
 20
179.545806
 30
0.0
 10
178.245708
 20
179.464510
 30
0.0
 10
178.265620
 20
179.384153
 30
0.0
  0
LWPOLYLINE
  5
50a
100
AcDbEntity
  8
0
 62
7
100
AcDbPolyline
 90
1
 70
1
 10
178.273450
 20
179.696653
 30
0.0
  0
SPLINE
  5
50b
100
AcDbEntity
  8
0
 62
7
100
AcDbSpline
 70
8
 71
3
 72
8
 73
4
 74
0
 40
0
 40
0
 40
0
 40
0
 40
1
 40
1
 40
1
 40
1
 10
178.337920
 20
179.098997
 30
0.0
 10
178.357911
 20
179.018661
 30
0.0
 10
178.439205
 20
178.969710
 30
0.0
 10
178.519560
 20
178.989622
 30
0.0
  0
SPLINE
  5
50c
100
AcDbEntity
  8
0
 62
7
100
AcDbSpline
 70
8
 71
3
 72
8
 73
4
 74
0
 40
0
 40
0
 40
0
 40
0
 40
1
 40
1
 40
1
 40
1
 10
178.519560
 20
178.989622
 30
0.0
 10
178.599898
 20
179.009610
 30
0.0
 10
178.648852
 20
179.090906
 30
0.0
 10
178.628940
 20
179.171263
 30
0.0
  0
LWPOLYLINE
  5
50d
100
AcDbEntity
  8
0
 62
7
100
AcDbPolyline
 90
2
 70
0
 10
178.265620
 20
179.384153
 30
0.0
 10
178.337920
 20
179.098997
 30
0.0
  0
SPLINE
  5
50e
100
AcDbEntity
  8
0
 62
7
100
AcDbSpline
 70
8
 71
3
 72
8
 73
4
 74
0
 40
0
 40
0
 40
0
 40
0
 40
1
 40
1
 40
1
 40
1
 10
178.556640
 20
179.456419
 30
0.0
 10
178.536649
 20
179.536755
 30
0.0
 10
178.455355
 20
179.585706
 30
0.0
 10
178.375000
 20
179.565794
 30
0.0
  0
LWPOLYLINE
  5
50f
100
AcDbEntity
  8
0
 62
7
100
AcDbPolyline
 90
2
 70
0
 10
178.628940
 20
179.171263
 30
0.0
 10
178.556640
 20
179.456419
 30
0.0
  0
SPLINE
  5
510
100
AcDbEntity
  8
0
 62
7
100
AcDbSpline
 70
8
 71
3
 72
8
 73
4
 74
0
 40
0
 40
0
 40
0
 40
0
 40
1
 40
1
 40
1
 40
1
 10
178.482420
 20
179.284544
 30
0.0
 10
178.400035
 20
179.283687
 30
0.0
 10
178.333761
 20
179.216543
 30
0.0
 10
178.333980
 20
179.134153
 30
0.0
  0
LWPOLYLINE
  5
511
100
AcDbEntity
  8
0
 62
7
100
AcDbPolyline
 90
1
 70
1
 10
178.375000
 20
179.565794
 30
0.0
  0
SPLINE
  5
512
100
AcDbEntity
  8
0
 62
7
100
AcDbSpline
 70
8
 71
3
 72
8
 73
4
 74
0
 40
0
 40
0
 40
0
 40
0
 40
1
 40
1
 40
1
 40
1
 10
178.333980
 20
178.778684
 30
0.0
 10
178.333761
 20
178.696295
 30
0.0
 10
178.400035
 20
178.629151
 30
0.0
 10
178.482420
 20
178.628294
 30
0.0
  0
SPLINE
  5
513
100
AcDbEntity
  8
0
 62
7
100
AcDbSpline
 70
8
 71
3
 72
8
 73
4
 74
0
 40
0
 40
0
 40
0
 40
0
 40
1
 40
1
 40
1
 40
1
 10
178.482420
 20
178.628294
 30
0.0
 10
178.522338
 20
178.628190
 30
0.0
 10
178.560650
 20
178.644001
 30
0.0
 10
178.588877
 20
178.672227
 30
0.0
  0
SPLINE
  5
514
100
AcDbEntity
  8
0
 62
7
100
AcDbSpline
 70
8
 71
3
 72
8
 73
4
 74
0
 40
0
 40
0
 40
0
 40
0
 40
1
 40
1
 40
1
 40
1
 10
178.588877
 20
178.672227
 30
0.0
 10
178.617103
 20
178.700454
 30
0.0
 10
178.632914
 20
178.738766
 30
0.0
 10
178.632810
 20
178.778684
 30
0.0
  0
LWPOLYLINE
  5
515
100
AcDbEntity
  8
0
 62
7
100
AcDbPolyline
 90
2
 70
0
 10
178.333980
 20
179.134153
 30
0.0
 10
178.333980
 20
178.778684
 30
0.0
  0
SPLINE
  5
516
100
AcDbEntity
  8
0
 62
7
100
AcDbSpline
 70
8
 71
3
 72
8
 73
4
 74
0
 40
0
 40
0
 40
0
 40
0
 40
1
 40
1
 40
1
 40
1
 10
178.632810
 20
179.134153
 30
0.0
 10
178.632914
 20
179.174071
 30
0.0
 10
178.617103
 20
179.212384
 30
0.0
 10
178.588877
 20
179.240610
 30
0.0
  0
SPLINE
  5
517
100
AcDbEntity
  8
0
 62
7
100
AcDbSpline
 70
8
 71
3
 72
8
 73
4
 74
0
 40
0
 40
0
 40
0
 40
0
 40
1
 40
1
 40
1
 40
1
 10
178.588877
 20
179.240610
 30
0.0
 10
178.560651
 20
179.268837
 30
0.0
 10
178.522338
 20
179.284648
 30
0.0
 10
178.482420
 20
179.284544
 30
0.0
  0
LWPOLYLINE
  5
518
100
AcDbEntity
  8
0
 62
7
100
AcDbPolyline
 90
2
 70
0
 10
178.632810
 20
178.778684
 30
0.0
 10
178.632810
 20
179.134153
 30
0.0
  0
SPLINE
  5
519
100
AcDbEntity
  8
0
 62
7
100
AcDbSpline
 70
8
 71
3
 72
8
 73
4
 74
0
 40
0
 40
0
 40
0
 40
0
 40
1
 40
1
 40
1
 40
1
 10
178.519530
 20
178.923216
 30
0.0
 10
178.439175
 20
178.943128
 30
0.0
 10
178.357881
 20
178.894177
 30
0.0
 10
178.337890
 20
178.813841
 30
0.0
  0
LWPOLYLINE
  5
51a
100
AcDbEntity
  8
0
 62
7
100
AcDbPolyline
 90
1
 70
1
 10
178.482420
 20
179.284544
 30
0.0
  0
SPLINE
  5
51b
100
AcDbEntity
  8
0
 62
7
100
AcDbSpline
 70
8
 71
3
 72
8
 73
4
 74
0
 40
0
 40
0
 40
0
 40
0
 40
1
 40
1
 40
1
 40
1
 10
178.265590
 20
178.528684
 30
0.0
 10
178.245678
 20
178.448327
 30
0.0
 10
178.294632
 20
178.367032
 30
0.0
 10
178.374970
 20
178.347044
 30
0.0
  0
SPLINE
  5
51c
100
AcDbEntity
  8
0
 62
7
100
AcDbSpline
 70
8
 71
3
 72
8
 73
4
 74
0
 40
0
 40
0
 40
0
 40
0
 40
1
 40
1
 40
1
 40
1
 10
178.374970
 20
178.347044
 30
0.0
 10
178.455325
 20
178.327132
 30
0.0
 10
178.536619
 20
178.376083
 30
0.0
 10
178.556610
 20
178.456419
 30
0.0
  0
LWPOLYLINE
  5
51d
100
AcDbEntity
  8
0
 62
7
100
AcDbPolyline
 90
2
 70
0
 10
178.337890
 20
178.813841
 30
0.0
 10
178.265590
 20
178.528684
 30
0.0
  0
SPLINE
  5
51e
100
AcDbEntity
  8
0
 62
7
100
AcDbSpline
 70
8
 71
3
 72
8
 73
4
 74
0
 40
0
 40
0
 40
0
 40
0
 40
1
 40
1
 40
1
 40
1
 10
178.628910
 20
178.741575
 30
0.0
 10
178.648822
 20
178.821932
 30
0.0
 10
178.599868
 20
178.903228
 30
0.0
 10
178.519530
 20
178.923216
 30
0.0
  0
LWPOLYLINE
  5
51f
100
AcDbEntity
  8
0
 62
7
100
AcDbPolyline
 90
2
 70
0
 10
178.556610
 20
178.456419
 30
0.0
 10
178.628910
 20
178.741575
 30
0.0
  0
SPLINE
  5
520
100
AcDbEntity
  8
0
 62
7
100
AcDbSpline
 70
8
 71
3
 72
8
 73
4
 74
0
 40
0
 40
0
 40
0
 40
0
 40
1
 40
1
 40
1
 40
1
 10
178.478520
 20
178.626341
 30
0.0
 10
178.404619
 20
178.663441
 30
0.0
 10
178.314631
 20
178.633736
 30
0.0
 10
178.277340
 20
178.559931
 30
0.0
  0
LWPOLYLINE
  5
521
100
AcDbEntity
  8
0
 62
7
100
AcDbPolyline
 90
1
 70
1
 10
178.519530
 20
178.923216
 30
0.0
  0
SPLINE
  5
522
100
AcDbEntity
  8
0
 62
7
100
AcDbSpline
 70
8
 71
3
 72
8
 73
4
 74
0
 40
0
 40
0
 40
0
 40
0
 40
1
 40
1
 40
1
 40
1
 10
178.207040
 20
178.415400
 30
0.0
 10
178.169944
 20
178.341503
 30
0.0
 10
178.199643
 20
178.251523
 30
0.0
 10
178.273440
 20
178.214228
 30
0.0
  0
SPLINE
  5
523
100
AcDbEntity
  8
0
 62
7
100
AcDbSpline
 70
8
 71
3
 72
8
 73
4
 74
0
 40
0
 40
0
 40
0
 40
0
 40
1
 40
1
 40
1
 40
1
 10
178.273440
 20
178.214228
 30
0.0
 10
178.309171
 20
178.196551
 30
0.0
 10
178.350469
 20
178.193825
 30
0.0
 10
178.388215
 20
178.206651
 30
0.0
  0
SPLINE
  5
524
100
AcDbEntity
  8
0
 62
7
100
AcDbSpline
 70
8
 71
3
 72
8
 73
4
 74
0
 40
0
 40
0
 40
0
 40
0
 40
1
 40
1
 40
1
 40
1
 10
178.388215
 20
178.206651
 30
0.0
 10
178.425960
 20
178.219477
 30
0.0
 10
178.457046
 20
178.246801
 30
0.0
 10
178.474610
 20
178.282588
 30
0.0
  0
LWPOLYLINE
  5
525
100
AcDbEntity
  8
0
 62
7
100
AcDbPolyline
 90
2
 70
0
 10
178.277340
 20
178.559931
 30
0.0
 10
178.207040
 20
178.415400
 30
0.0
  0
SPLINE
  5
526
100
AcDbEntity
  8
0
 62
7
100
AcDbSpline
 70
8
 71
3
 72
8
 73
4
 74
0
 40
0
 40
0
 40
0
 40
0
 40
1
 40
1
 40
1
 40
1
 10
178.544910
 20
178.425166
 30
0.0
 10
178.582006
 20
178.499063
 30
0.0
 10
178.552307
 20
178.589043
 30
0.0
 10
178.478510
 20
178.626338
 30
0.0
  0
LWPOLYLINE
  5
527
100
AcDbEntity
  8
0
 62
7
100
AcDbPolyline
 90
2
 70
0
 10
178.474610
 20
178.282588
 30
0.0
 10
178.544910
 20
178.425166
 30
0.0
  0
LWPOLYLINE
  5
528
100
AcDbEntity
  8
0
 62
7
100
AcDbPolyline
 90
1
 70
1
 10
178.478510
 20
178.626338
 30
0.0
  0
SPLINE
  5
529
100
AcDbEntity
  8
0
 62
7
100
AcDbSpline
 70
8
 71
3
 72
8
 73
4
 74
0
 40
0
 40
0
 40
0
 40
0
 40
1
 40
1
 40
1
 40
1
 10
178.162070
 20
178.384156
 30
0.0
 10
178.133707
 20
178.355995
 30
0.0
 10
178.117756
 20
178.317680
 30
0.0
 10
178.117756
 20
178.277711
 30
0.0
  0
SPLINE
  5
52a
100
AcDbEntity
  8
0
 62
7
100
AcDbSpline
 70
8
 71
3
 72
8
 73
4
 74
0
 40
0
 40
0
 40
0
 40
0
 40
1
 40
1
 40
1
 40
1
 10
178.117756
 20
178.277711
 30
0.0
 10
178.117756
 20
178.237742
 30
0.0
 10
178.133707
 20
178.199427
 30
0.0
 10
178.162070
 20
178.171266
 30
0.0
  0
SPLINE
  5
52b
100
AcDbEntity
  8
0
 62
7
100
AcDbSpline
 70
8
 71
3
 72
8
 73
4
 74
0
 40
0
 40
0
 40
0
 40
0
 40
1
 40
1
 40
1
 40
1
 10
178.162070
 20
178.171266
 30
0.0
 10
178.190231
 20
178.142903
 30
0.0
 10
178.228546
 20
178.126952
 30
0.0
 10
178.268515
 20
178.126952
 30
0.0
  0
SPLINE
  5
52c
100
AcDbEntity
  8
0
 62
7
100
AcDbSpline
 70
8
 71
3
 72
8
 73
4
 74
0
 40
0
 40
0
 40
0
 40
0
 40
1
 40
1
 40
1
 40
1
 10
178.268515
 20
178.126952
 30
0.0
 10
178.308484
 20
178.126952
 30
0.0
 10
178.346799
 20
178.142903
 30
0.0
 10
178.374960
 20
178.171266
 30
0.0
  0
LWPOLYLINE
  5
52d
100
AcDbEntity
  8
0
 62
7
100
AcDbPolyline
 90
2
 70
0
 10
178.234370
 20
178.454466
 30
0.0
 10
178.162070
 20
178.384156
 30
0.0
  0
SPLINE
  5
52e
100
AcDbEntity
  8
0
 62
7
100
AcDbSpline
 70
8
 71
3
 72
8
 73
4
 74
0
 40
0
 40
0
 40
0
 40
0
 40
1
 40
1
 40
1
 40
1
 10
178.445260
 20
178.243536
 30
0.0
 10
178.503047
 20
178.301975
 30
0.0
 10
178.503047
 20
178.396035
 30
0.0
 10
178.445260
 20
178.454474
 30
0.0
  0
SPLINE
  5
52f
100
AcDbEntity
  8
0
 62
7
100
AcDbSpline
 70
8
 71
3
 72
8
 73
4
 74
0
 40
0
 40
0
 40
0
 40
0
 40
1
 40
1
 40
1
 40
1
 10
178.445260
 20
178.454474
 30
0.0
 10
178.386820
 20
178.512262
 30
0.0
 10
178.292760
 20
178.512262
 30
0.0
 10
178.234320
 20
178.454474
 30
0.0
  0
LWPOLYLINE
  5
530
100
AcDbEntity
  8
0
 62
7
100
AcDbPolyline
 90
2
 70
0
 10
178.374960
 20
178.171266
 30
0.0
 10
178.445260
 20
178.243536
 30
0.0
  0
LWPOLYLINE
  5
531
100
AcDbEntity
  8
0
 62
7
100
AcDbPolyline
 90
1
 70
1
 10
178.234320
 20
178.454474
 30
0.0
  0
SPLINE
  5
532
100
AcDbEntity
  8
0
 62
7
100
AcDbSpline
 70
8
 71
3
 72
8
 73
4
 74
0
 40
0
 40
0
 40
0
 40
0
 40
1
 40
1
 40
1
 40
1
 10
178.058590
 20
178.341187
 30
0.0
 10
177.984794
 20
178.303892
 30
0.0
 10
177.955094
 20
178.213913
 30
0.0
 10
177.992190
 20
178.140016
 30
0.0
  0
SPLINE
  5
533
100
AcDbEntity
  8
0
 62
7
100
AcDbSpline
 70
8
 71
3
 72
8
 73
4
 74
0
 40
0
 40
0
 40
0
 40
0
 40
1
 40
1
 40
1
 40
1
 10
177.992190
 20
178.140016
 30
0.0
 10
178.009754
 20
178.104229
 30
0.0
 10
178.040840
 20
178.076905
 30
0.0
 10
178.078585
 20
178.064079
 30
0.0
  0
SPLINE
  5
534
100
AcDbEntity
  8
0
 62
7
100
AcDbSpline
 70
8
 71
3
 72
8
 73
4
 74
0
 40
0
 40
0
 40
0
 40
0
 40
1
 40
1
 40
1
 40
1
 10
178.078585
 20
178.064079
 30
0.0
 10
178.116331
 20
178.051253
 30
0.0
 10
178.157629
 20
178.053979
 30
0.0
 10
178.193360
 20
178.071656
 30
0.0
  0
LWPOLYLINE
  5
535
100
AcDbEntity
  8
0
 62
7
100
AcDbPolyline
 90
2
 70
0
 10
178.201170
 20
178.411497
 30
0.0
 10
178.058590
 20
178.341187
 30
0.0
  0
SPLINE
  5
536
100
AcDbEntity
  8
0
 62
7
100
AcDbSpline
 70
8
 71
3
 72
8
 73
4
 74
0
 40
0
 40
0
 40
0
 40
0
 40
1
 40
1
 40
1
 40
1
 10
178.335940
 20
178.143926
 30
0.0
 10
178.409737
 20
178.181221
 30
0.0
 10
178.439436
 20
178.271201
 30
0.0
 10
178.402340
 20
178.345098
 30
0.0
  0
SPLINE
  5
537
100
AcDbEntity
  8
0
 62
7
100
AcDbSpline
 70
8
 71
3
 72
8
 73
4
 74
0
 40
0
 40
0
 40
0
 40
0
 40
1
 40
1
 40
1
 40
1
 10
178.402340
 20
178.345098
 30
0.0
 10
178.365049
 20
178.418897
 30
0.0
 10
178.275069
 20
178.448602
 30
0.0
 10
178.201170
 20
178.411508
 30
0.0
  0
LWPOLYLINE
  5
538
100
AcDbEntity
  8
0
 62
7
100
AcDbPolyline
 90
2
 70
0
 10
178.193360
 20
178.071656
 30
0.0
 10
178.335940
 20
178.143926
 30
0.0
  0
SPLINE
  5
539
100
AcDbEntity
  8
0
 62
7
100
AcDbSpline
 70
8
 71
3
 72
8
 73
4
 74
0
 40
0
 40
0
 40
0
 40
0
 40
1
 40
1
 40
1
 40
1
 10
177.982420
 20
178.356809
 30
0.0
 10
177.900035
 20
178.355952
 30
0.0
 10
177.833761
 20
178.288808
 30
0.0
 10
177.833980
 20
178.206419
 30
0.0
  0
SPLINE
  5
53a
100
AcDbEntity
  8
0
 62
7
100
AcDbSpline
 70
8
 71
3
 72
8
 73
4
 74
0
 40
0
 40
0
 40
0
 40
0
 40
1
 40
1
 40
1
 40
1
 10
177.833980
 20
178.206419
 30
0.0
 10
177.833761
 20
178.124029
 30
0.0
 10
177.900035
 20
178.056885
 30
0.0
 10
177.982420
 20
178.056028
 30
0.0
  0
LWPOLYLINE
  5
53b
100
AcDbEntity
  8
0
 62
7
100
AcDbPolyline
 90
1
 70
1
 10
178.201170
 20
178.411508
 30
0.0
  0
SPLINE
  5
53c
100
AcDbEntity
  8
0
 62
7
100
AcDbSpline
 70
8
 71
3
 72
8
 73
4
 74
0
 40
0
 40
0
 40
0
 40
0
 40
1
 40
1
 40
1
 40
1
 10
178.125000
 20
178.056028
 30
0.0
 10
178.164918
 20
178.055924
 30
0.0
 10
178.203231
 20
178.071735
 30
0.0
 10
178.231457
 20
178.099962
 30
0.0
  0
SPLINE
  5
53d
100
AcDbEntity
  8
0
 62
7
100
AcDbSpline
 70
8
 71
3
 72
8
 73
4
 74
0
 40
0
 40
0
 40
0
 40
0
 40
1
 40
1
 40
1
 40
1
 10
178.231457
 20
178.099962
 30
0.0
 10
178.259683
 20
178.128188
 30
0.0
 10
178.275494
 20
178.166501
 30
0.0
 10
178.275390
 20
178.206419
 30
0.0
  0
SPLINE
  5
53e
100
AcDbEntity
  8
0
 62
7
100
AcDbSpline
 70
8
 71
3
 72
8
 73
4
 74
0
 40
0
 40
0
 40
0
 40
0
 40
1
 40
1
 40
1
 40
1
 10
178.275390
 20
178.206419
 30
0.0
 10
178.275494
 20
178.246337
 30
0.0
 10
178.259683
 20
178.284649
 30
0.0
 10
178.231457
 20
178.312876
 30
0.0
  0
SPLINE
  5
53f
100
AcDbEntity
  8
0
 62
7
100
AcDbSpline
 70
8
 71
3
 72
8
 73
4
 74
0
 40
0
 40
0
 40
0
 40
0
 40
1
 40
1
 40
1
 40
1
 10
178.231457
 20
178.312876
 30
0.0
 10
178.203230
 20
178.341102
 30
0.0
 10
178.164918
 20
178.356913
 30
0.0
 10
178.125000
 20
178.356809
 30
0.0
  0
LWPOLYLINE
  5
540
100
AcDbEntity
  8
0
 62
7
100
AcDbPolyline
 90
2
 70
0
 10
177.982420
 20
178.056028
 30
0.0
 10
178.125000
 20
178.056028
 30
0.0
  0
SPLINE
  5
541
100
AcDbEntity
  8
0
 62
7
100
AcDbSpline
 70
8
 71
3
 72
8
 73
4
 74
0
 40
0
 40
0
 40
0
 40
0
 40
1
 40
1
 40
1
 40
1
 10
177.908200
 20
178.411497
 30
0.0
 10
177.872512
 20
178.429933
 30
0.0
 10
177.830921
 20
178.433285
 30
0.0
 10
177.792741
 20
178.420802
 30
0.0
  0
SPLINE
  5
542
100
AcDbEntity
  8
0
 62
7
100
AcDbSpline
 70
8
 71
3
 72
8
 73
4
 74
0
 40
0
 40
0
 40
0
 40
0
 40
1
 40
1
 40
1
 40
1
 10
177.792741
 20
178.420802
 30
0.0
 10
177.754562
 20
178.408319
 30
0.0
 10
177.722984
 20
178.381045
 30
0.0
 10
177.705080
 20
178.345087
 30
0.0
  0
SPLINE
  5
543
100
AcDbEntity
  8
0
 62
7
100
AcDbSpline
 70
8
 71
3
 72
8
 73
4
 74
0
 40
0
 40
0
 40
0
 40
0
 40
1
 40
1
 40
1
 40
1
 10
177.705080
 20
178.345087
 30
0.0
 10
177.687405
 20
178.309351
 30
0.0
 10
177.684685
 20
178.268048
 30
0.0
 10
177.697519
 20
178.230302
 30
0.0
  0
SPLINE
  5
544
100
AcDbEntity
  8
0
 62
7
100
AcDbSpline
 70
8
 71
3
 72
8
 73
4
 74
0
 40
0
 40
0
 40
0
 40
0
 40
1
 40
1
 40
1
 40
1
 10
177.697519
 20
178.230302
 30
0.0
 10
177.710353
 20
178.192556
 30
0.0
 10
177.737685
 20
178.161471
 30
0.0
 10
177.773480
 20
178.143915
 30
0.0
  0
LWPOLYLINE
  5
545
100
AcDbEntity
  8
0
 62
7
100
AcDbPolyline
 90
2
 70
0
 10
178.125000
 20
178.356809
 30
0.0
 10
177.982420
 20
178.356809
 30
0.0
  0
SPLINE
  5
546
100
AcDbEntity
  8
0
 62
7
100
AcDbSpline
 70
8
 71
3
 72
8
 73
4
 74
0
 40
0
 40
0
 40
0
 40
0
 40
1
 40
1
 40
1
 40
1
 10
177.916060
 20
178.071645
 30
0.0
 10
177.951791
 20
178.053968
 30
0.0
 10
177.993089
 20
178.051242
 30
0.0
 10
178.030835
 20
178.064068
 30
0.0
  0
SPLINE
  5
547
100
AcDbEntity
  8
0
 62
7
100
AcDbSpline
 70
8
 71
3
 72
8
 73
4
 74
0
 40
0
 40
0
 40
0
 40
0
 40
1
 40
1
 40
1
 40
1
 10
178.030835
 20
178.064068
 30
0.0
 10
178.068580
 20
178.076894
 30
0.0
 10
178.099666
 20
178.104218
 30
0.0
 10
178.117230
 20
178.140005
 30
0.0
  0
SPLINE
  5
548
100
AcDbEntity
  8
0
 62
7
100
AcDbSpline
 70
8
 71
3
 72
8
 73
4
 74
0
 40
0
 40
0
 40
0
 40
0
 40
1
 40
1
 40
1
 40
1
 10
178.117230
 20
178.140005
 30
0.0
 10
178.154326
 20
178.213902
 30
0.0
 10
178.124626
 20
178.303881
 30
0.0
 10
178.050830
 20
178.341176
 30
0.0
  0
LWPOLYLINE
  5
549
100
AcDbEntity
  8
0
 62
7
100
AcDbPolyline
 90
2
 70
0
 10
177.773480
 20
178.143915
 30
0.0
 10
177.916060
 20
178.071645
 30
0.0
  0
SPLINE
  5
54a
100
AcDbEntity
  8
0
 62
7
100
AcDbSpline
 70
8
 71
3
 72
8
 73
4
 74
0
 40
0
 40
0
 40
0
 40
0
 40
1
 40
1
 40
1
 40
1
 10
177.662110
 20
178.454466
 30
0.0
 10
177.604323
 20
178.396027
 30
0.0
 10
177.604323
 20
178.301967
 30
0.0
 10
177.662110
 20
178.243528
 30
0.0
  0
LWPOLYLINE
  5
54b
100
AcDbEntity
  8
0
 62
7
100
AcDbPolyline
 90
2
 70
0
 10
178.050830
 20
178.341176
 30
0.0
 10
177.908200
 20
178.411497
 30
0.0
  0
SPLINE
  5
54c
100
AcDbEntity
  8
0
 62
7
100
AcDbSpline
 70
8
 71
3
 72
8
 73
4
 74
0
 40
0
 40
0
 40
0
 40
0
 40
1
 40
1
 40
1
 40
1
 10
177.734410
 20
178.171258
 30
0.0
 10
177.792850
 20
178.113470
 30
0.0
 10
177.886910
 20
178.113470
 30
0.0
 10
177.945350
 20
178.171258
 30
0.0
  0
SPLINE
  5
54d
100
AcDbEntity
  8
0
 62
7
100
AcDbSpline
 70
8
 71
3
 72
8
 73
4
 74
0
 40
0
 40
0
 40
0
 40
0
 40
1
 40
1
 40
1
 40
1
 10
177.945350
 20
178.171258
 30
0.0
 10
177.973713
 20
178.199419
 30
0.0
 10
177.989664
 20
178.237734
 30
0.0
 10
177.989664
 20
178.277703
 30
0.0
  0
SPLINE
  5
54e
100
AcDbEntity
  8
0
 62
7
100
AcDbSpline
 70
8
 71
3
 72
8
 73
4
 74
0
 40
0
 40
0
 40
0
 40
0
 40
1
 40
1
 40
1
 40
1
 10
177.989664
 20
178.277703
 30
0.0
 10
177.989664
 20
178.317672
 30
0.0
 10
177.973713
 20
178.355987
 30
0.0
 10
177.945350
 20
178.384148
 30
0.0
  0
LWPOLYLINE
  5
54f
100
AcDbEntity
  8
0
 62
7
100
AcDbPolyline
 90
2
 70
0
 10
177.662110
 20
178.243528
 30
0.0
 10
177.734410
 20
178.171258
 30
0.0
  0
SPLINE
  5
550
100
AcDbEntity
  8
0
 62
7
100
AcDbSpline
 70
8
 71
3
 72
8
 73
4
 74
0
 40
0
 40
0
 40
0
 40
0
 40
1
 40
1
 40
1
 40
1
 10
177.875050
 20
178.454458
 30
0.0
 10
177.846889
 20
178.482821
 30
0.0
 10
177.808574
 20
178.498772
 30
0.0
 10
177.768605
 20
178.498772
 30
0.0
  0
SPLINE
  5
551
100
AcDbEntity
  8
0
 62
7
100
AcDbSpline
 70
8
 71
3
 72
8
 73
4
 74
0
 40
0
 40
0
 40
0
 40
0
 40
1
 40
1
 40
1
 40
1
 10
177.768605
 20
178.498772
 30
0.0
 10
177.728636
 20
178.498772
 30
0.0
 10
177.690321
 20
178.482821
 30
0.0
 10
177.662160
 20
178.454458
 30
0.0
  0
LWPOLYLINE
  5
552
100
AcDbEntity
  8
0
 62
7
100
AcDbPolyline
 90
2
 70
0
 10
177.945350
 20
178.384148
 30
0.0
 10
177.875050
 20
178.454458
 30
0.0
  0
SPLINE
  5
553
100
AcDbEntity
  8
0
 62
7
100
AcDbSpline
 70
8
 71
3
 72
8
 73
4
 74
0
 40
0
 40
0
 40
0
 40
0
 40
1
 40
1
 40
1
 40
1
 10
177.630860
 20
178.626341
 30
0.0
 10
177.595065
 20
178.608785
 30
0.0
 10
177.567733
 20
178.577700
 30
0.0
 10
177.554899
 20
178.539954
 30
0.0
  0
SPLINE
  5
554
100
AcDbEntity
  8
0
 62
7
100
AcDbSpline
 70
8
 71
3
 72
8
 73
4
 74
0
 40
0
 40
0
 40
0
 40
0
 40
1
 40
1
 40
1
 40
1
 10
177.554899
 20
178.539954
 30
0.0
 10
177.542065
 20
178.502208
 30
0.0
 10
177.544785
 20
178.460905
 30
0.0
 10
177.562460
 20
178.425169
 30
0.0
  0
LWPOLYLINE
  5
555
100
AcDbEntity
  8
0
 62
7
100
AcDbPolyline
 90
1
 70
1
 10
177.662160
 20
178.454458
 30
0.0
  0
SPLINE
  5
556
100
AcDbEntity
  8
0
 62
7
100
AcDbSpline
 70
8
 71
3
 72
8
 73
4
 74
0
 40
0
 40
0
 40
0
 40
0
 40
1
 40
1
 40
1
 40
1
 10
177.634760
 20
178.282591
 30
0.0
 10
177.652324
 20
178.246804
 30
0.0
 10
177.683410
 20
178.219480
 30
0.0
 10
177.721155
 20
178.206654
 30
0.0
  0
SPLINE
  5
557
100
AcDbEntity
  8
0
 62
7
100
AcDbSpline
 70
8
 71
3
 72
8
 73
4
 74
0
 40
0
 40
0
 40
0
 40
0
 40
1
 40
1
 40
1
 40
1
 10
177.721155
 20
178.206654
 30
0.0
 10
177.758901
 20
178.193828
 30
0.0
 10
177.800199
 20
178.196554
 30
0.0
 10
177.835930
 20
178.214231
 30
0.0
  0
SPLINE
  5
558
100
AcDbEntity
  8
0
 62
7
100
AcDbSpline
 70
8
 71
3
 72
8
 73
4
 74
0
 40
0
 40
0
 40
0
 40
0
 40
1
 40
1
 40
1
 40
1
 10
177.835930
 20
178.214231
 30
0.0
 10
177.909727
 20
178.251526
 30
0.0
 10
177.939426
 20
178.341506
 30
0.0
 10
177.902330
 20
178.415403
 30
0.0
  0
LWPOLYLINE
  5
559
100
AcDbEntity
  8
0
 62
7
100
AcDbPolyline
 90
2
 70
0
 10
177.562460
 20
178.425169
 30
0.0
 10
177.634760
 20
178.282591
 30
0.0
  0
SPLINE
  5
55a
100
AcDbEntity
  8
0
 62
7
100
AcDbSpline
 70
8
 71
3
 72
8
 73
4
 74
0
 40
0
 40
0
 40
0
 40
0
 40
1
 40
1
 40
1
 40
1
 10
177.832030
 20
178.559934
 30
0.0
 10
177.794739
 20
178.633733
 30
0.0
 10
177.704759
 20
178.663438
 30
0.0
 10
177.630860
 20
178.626344
 30
0.0
  0
LWPOLYLINE
  5
55b
100
AcDbEntity
  8
0
 62
7
100
AcDbPolyline
 90
2
 70
0
 10
177.902330
 20
178.415403
 30
0.0
 10
177.832030
 20
178.559934
 30
0.0
  0
SPLINE
  5
55c
100
AcDbEntity
  8
0
 62
7
100
AcDbSpline
 70
8
 71
3
 72
8
 73
4
 74
0
 40
0
 40
0
 40
0
 40
0
 40
1
 40
1
 40
1
 40
1
 10
177.589840
 20
178.923216
 30
0.0
 10
177.509506
 20
178.903223
 30
0.0
 10
177.460557
 20
178.821929
 30
0.0
 10
177.480470
 20
178.741575
 30
0.0
  0
LWPOLYLINE
  5
55d
100
AcDbEntity
  8
0
 62
7
100
AcDbPolyline
 90
1
 70
1
 10
177.630860
 20
178.626344
 30
0.0
  0
SPLINE
  5
55e
100
AcDbEntity
  8
0
 62
7
100
AcDbSpline
 70
8
 71
3
 72
8
 73
4
 74
0
 40
0
 40
0
 40
0
 40
0
 40
1
 40
1
 40
1
 40
1
 10
177.552770
 20
178.456419
 30
0.0
 10
177.572761
 20
178.376083
 30
0.0
 10
177.654055
 20
178.327132
 30
0.0
 10
177.734410
 20
178.347044
 30
0.0
  0
SPLINE
  5
55f
100
AcDbEntity
  8
0
 62
7
100
AcDbSpline
 70
8
 71
3
 72
8
 73
4
 74
0
 40
0
 40
0
 40
0
 40
0
 40
1
 40
1
 40
1
 40
1
 10
177.734410
 20
178.347044
 30
0.0
 10
177.814748
 20
178.367032
 30
0.0
 10
177.863702
 20
178.448327
 30
0.0
 10
177.843790
 20
178.528684
 30
0.0
  0
LWPOLYLINE
  5
560
100
AcDbEntity
  8
0
 62
7
100
AcDbPolyline
 90
2
 70
0
 10
177.480470
 20
178.741575
 30
0.0
 10
177.552770
 20
178.456419
 30
0.0
  0
SPLINE
  5
561
100
AcDbEntity
  8
0
 62
7
100
AcDbSpline
 70
8
 71
3
 72
8
 73
4
 74
0
 40
0
 40
0
 40
0
 40
0
 40
1
 40
1
 40
1
 40
1
 10
177.771490
 20
178.813841
 30
0.0
 10
177.751499
 20
178.894177
 30
0.0
 10
177.670205
 20
178.943128
 30
0.0
 10
177.589850
 20
178.923216
 30
0.0
  0
LWPOLYLINE
  5
562
100
AcDbEntity
  8
0
 62
7
100
AcDbPolyline
 90
2
 70
0
 10
177.843790
 20
178.528684
 30
0.0
 10
177.771490
 20
178.813841
 30
0.0
  0
SPLINE
  5
563
100
AcDbEntity
  8
0
 62
7
100
AcDbSpline
 70
8
 71
3
 72
8
 73
4
 74
0
 40
0
 40
0
 40
0
 40
0
 40
1
 40
1
 40
1
 40
1
 10
177.625000
 20
179.284544
 30
0.0
 10
177.542615
 20
179.283687
 30
0.0
 10
177.476341
 20
179.216543
 30
0.0
 10
177.476560
 20
179.134153
 30
0.0
  0
LWPOLYLINE
  5
564
100
AcDbEntity
  8
0
 62
7
100
AcDbPolyline
 90
1
 70
1
 10
177.589850
 20
178.923216
 30
0.0
  0
SPLINE
  5
565
100
AcDbEntity
  8
0
 62
7
100
AcDbSpline
 70
8
 71
3
 72
8
 73
4
 74
0
 40
0
 40
0
 40
0
 40
0
 40
1
 40
1
 40
1
 40
1
 10
177.476560
 20
178.778684
 30
0.0
 10
177.476341
 20
178.696295
 30
0.0
 10
177.542615
 20
178.629151
 30
0.0
 10
177.625000
 20
178.628294
 30
0.0
  0
SPLINE
  5
566
100
AcDbEntity
  8
0
 62
7
100
AcDbSpline
 70
8
 71
3
 72
8
 73
4
 74
0
 40
0
 40
0
 40
0
 40
0
 40
1
 40
1
 40
1
 40
1
 10
177.625000
 20
178.628294
 30
0.0
 10
177.664918
 20
178.628190
 30
0.0
 10
177.703230
 20
178.644001
 30
0.0
 10
177.731457
 20
178.672227
 30
0.0
  0
SPLINE
  5
567
100
AcDbEntity
  8
0
 62
7
100
AcDbSpline
 70
8
 71
3
 72
8
 73
4
 74
0
 40
0
 40
0
 40
0
 40
0
 40
1
 40
1
 40
1
 40
1
 10
177.731457
 20
178.672227
 30
0.0
 10
177.759683
 20
178.700454
 30
0.0
 10
177.775494
 20
178.738766
 30
0.0
 10
177.775390
 20
178.778684
 30
0.0
  0
LWPOLYLINE
  5
568
100
AcDbEntity
  8
0
 62
7
100
AcDbPolyline
 90
2
 70
0
 10
177.476560
 20
179.134153
 30
0.0
 10
177.476560
 20
178.778684
 30
0.0
  0
SPLINE
  5
569
100
AcDbEntity
  8
0
 62
7
100
AcDbSpline
 70
8
 71
3
 72
8
 73
4
 74
0
 40
0
 40
0
 40
0
 40
0
 40
1
 40
1
 40
1
 40
1
 10
177.775390
 20
179.134153
 30
0.0
 10
177.775494
 20
179.174071
 30
0.0
 10
177.759683
 20
179.212384
 30
0.0
 10
177.731457
 20
179.240610
 30
0.0
  0
SPLINE
  5
56a
100
AcDbEntity
  8
0
 62
7
100
AcDbSpline
 70
8
 71
3
 72
8
 73
4
 74
0
 40
0
 40
0
 40
0
 40
0
 40
1
 40
1
 40
1
 40
1
 10
177.731457
 20
179.240610
 30
0.0
 10
177.703231
 20
179.268837
 30
0.0
 10
177.664918
 20
179.284648
 30
0.0
 10
177.625000
 20
179.284544
 30
0.0
  0
LWPOLYLINE
  5
56b
100
AcDbEntity
  8
0
 62
7
100
AcDbPolyline
 90
2
 70
0
 10
177.775390
 20
178.778684
 30
0.0
 10
177.775390
 20
179.134153
 30
0.0
  0
SPLINE
  5
56c
100
AcDbEntity
  8
0
 62
7
100
AcDbSpline
 70
8
 71
3
 72
8
 73
4
 74
0
 40
0
 40
0
 40
0
 40
0
 40
1
 40
1
 40
1
 40
1
 10
177.734370
 20
179.565794
 30
0.0
 10
177.654015
 20
179.585706
 30
0.0
 10
177.572721
 20
179.536755
 30
0.0
 10
177.552730
 20
179.456419
 30
0.0
  0
LWPOLYLINE
  5
56d
100
AcDbEntity
  8
0
 62
7
100
AcDbPolyline
 90
1
 70
1
 10
177.625000
 20
179.284544
 30
0.0
  0
SPLINE
  5
56e
100
AcDbEntity
  8
0
 62
7
100
AcDbSpline
 70
8
 71
3
 72
8
 73
4
 74
0
 40
0
 40
0
 40
0
 40
0
 40
1
 40
1
 40
1
 40
1
 10
177.480430
 20
179.171263
 30
0.0
 10
177.460517
 20
179.090909
 30
0.0
 10
177.509466
 20
179.009615
 30
0.0
 10
177.589800
 20
178.989622
 30
0.0
  0
SPLINE
  5
56f
100
AcDbEntity
  8
0
 62
7
100
AcDbSpline
 70
8
 71
3
 72
8
 73
4
 74
0
 40
0
 40
0
 40
0
 40
0
 40
1
 40
1
 40
1
 40
1
 10
177.589800
 20
178.989622
 30
0.0
 10
177.670155
 20
178.969710
 30
0.0
 10
177.751449
 20
179.018661
 30
0.0
 10
177.771440
 20
179.098997
 30
0.0
  0
LWPOLYLINE
  5
570
100
AcDbEntity
  8
0
 62
7
100
AcDbPolyline
 90
2
 70
0
 10
177.552730
 20
179.456419
 30
0.0
 10
177.480430
 20
179.171263
 30
0.0
  0
SPLINE
  5
571
100
AcDbEntity
  8
0
 62
7
100
AcDbSpline
 70
8
 71
3
 72
8
 73
4
 74
0
 40
0
 40
0
 40
0
 40
0
 40
1
 40
1
 40
1
 40
1
 10
177.843740
 20
179.384153
 30
0.0
 10
177.863652
 20
179.464510
 30
0.0
 10
177.814698
 20
179.545806
 30
0.0
 10
177.734360
 20
179.565794
 30
0.0
  0
LWPOLYLINE
  5
572
100
AcDbEntity
  8
0
 62
7
100
AcDbPolyline
 90
2
 70
0
 10
177.771440
 20
179.098997
 30
0.0
 10
177.843740
 20
179.384153
 30
0.0
  0
SPLINE
  5
573
100
AcDbEntity
  8
0
 62
7
100
AcDbSpline
 70
8
 71
3
 72
8
 73
4
 74
0
 40
0
 40
0
 40
0
 40
0
 40
1
 40
1
 40
1
 40
1
 10
177.835940
 20
179.698606
 30
0.0
 10
177.800209
 20
179.716283
 30
0.0
 10
177.758911
 20
179.719009
 30
0.0
 10
177.721165
 20
179.706183
 30
0.0
  0
SPLINE
  5
574
100
AcDbEntity
  8
0
 62
7
100
AcDbSpline
 70
8
 71
3
 72
8
 73
4
 74
0
 40
0
 40
0
 40
0
 40
0
 40
1
 40
1
 40
1
 40
1
 10
177.721165
 20
179.706183
 30
0.0
 10
177.683420
 20
179.693357
 30
0.0
 10
177.652334
 20
179.666033
 30
0.0
 10
177.634770
 20
179.630246
 30
0.0
  0
LWPOLYLINE
  5
575
100
AcDbEntity
  8
0
 62
7
100
AcDbPolyline
 90
1
 70
1
 10
177.734360
 20
179.565794
 30
0.0
  0
SPLINE
  5
576
100
AcDbEntity
  8
0
 62
7
100
AcDbSpline
 70
8
 71
3
 72
8
 73
4
 74
0
 40
0
 40
0
 40
0
 40
0
 40
1
 40
1
 40
1
 40
1
 10
177.562470
 20
179.487668
 30
0.0
 10
177.544795
 20
179.451932
 30
0.0
 10
177.542075
 20
179.410629
 30
0.0
 10
177.554909
 20
179.372883
 30
0.0
  0
SPLINE
  5
577
100
AcDbEntity
  8
0
 62
7
100
AcDbSpline
 70
8
 71
3
 72
8
 73
4
 74
0
 40
0
 40
0
 40
0
 40
0
 40
1
 40
1
 40
1
 40
1
 10
177.554909
 20
179.372883
 30
0.0
 10
177.567743
 20
179.335137
 30
0.0
 10
177.595075
 20
179.304052
 30
0.0
 10
177.630870
 20
179.286496
 30
0.0
  0
SPLINE
  5
578
100
AcDbEntity
  8
0
 62
7
100
AcDbSpline
 70
8
 71
3
 72
8
 73
4
 74
0
 40
0
 40
0
 40
0
 40
0
 40
1
 40
1
 40
1
 40
1
 10
177.630870
 20
179.286496
 30
0.0
 10
177.704769
 20
179.249402
 30
0.0
 10
177.794749
 20
179.279107
 30
0.0
 10
177.832040
 20
179.352906
 30
0.0
  0
LWPOLYLINE
  5
579
100
AcDbEntity
  8
0
 62
7
100
AcDbPolyline
 90
2
 70
0
 10
177.634770
 20
179.630246
 30
0.0
 10
177.562470
 20
179.487668
 30
0.0
  0
SPLINE
  5
57a
100
AcDbEntity
  8
0
 62
7
100
AcDbSpline
 70
8
 71
3
 72
8
 73
4
 74
0
 40
0
 40
0
 40
0
 40
0
 40
1
 40
1
 40
1
 40
1
 10
177.902340
 20
179.495484
 30
0.0
 10
177.920778
 20
179.531171
 30
0.0
 10
177.924132
 20
179.572762
 30
0.0
 10
177.911651
 20
179.610943
 30
0.0
  0
SPLINE
  5
57b
100
AcDbEntity
  8
0
 62
7
100
AcDbSpline
 70
8
 71
3
 72
8
 73
4
 74
0
 40
0
 40
0
 40
0
 40
0
 40
1
 40
1
 40
1
 40
1
 10
177.911651
 20
179.610943
 30
0.0
 10
177.899170
 20
179.649124
 30
0.0
 10
177.871897
 20
179.680703
 30
0.0
 10
177.835940
 20
179.698609
 30
0.0
  0
LWPOLYLINE
  5
57c
100
AcDbEntity
  8
0
 62
7
100
AcDbPolyline
 90
2
 70
0
 10
177.832040
 20
179.352906
 30
0.0
 10
177.902340
 20
179.495484
 30
0.0
  0
LWPOLYLINE
  5
57d
100
AcDbEntity
  8
0
 62
7
100
AcDbPolyline
 90
1
 70
1
 10
177.835940
 20
179.698609
 30
0.0
  0
SPLINE
  5
57e
100
AcDbEntity
  8
0
 62
7
100
AcDbSpline
 70
8
 71
3
 72
8
 73
4
 74
0
 40
0
 40
0
 40
0
 40
0
 40
1
 40
1
 40
1
 40
1
 10
177.662070
 20
179.669305
 30
0.0
 10
177.604284
 20
179.610866
 30
0.0
 10
177.604284
 20
179.516807
 30
0.0
 10
177.662070
 20
179.458368
 30
0.0
  0
SPLINE
  5
57f
100
AcDbEntity
  8
0
 62
7
100
AcDbSpline
 70
8
 71
3
 72
8
 73
4
 74
0
 40
0
 40
0
 40
0
 40
0
 40
1
 40
1
 40
1
 40
1
 10
177.662070
 20
179.458368
 30
0.0
 10
177.690231
 20
179.430005
 30
0.0
 10
177.728546
 20
179.414054
 30
0.0
 10
177.768515
 20
179.414054
 30
0.0
  0
SPLINE
  5
580
100
AcDbEntity
  8
0
 62
7
100
AcDbSpline
 70
8
 71
3
 72
8
 73
4
 74
0
 40
0
 40
0
 40
0
 40
0
 40
1
 40
1
 40
1
 40
1
 10
177.768515
 20
179.414054
 30
0.0
 10
177.808484
 20
179.414054
 30
0.0
 10
177.846799
 20
179.430005
 30
0.0
 10
177.874960
 20
179.458368
 30
0.0
  0
LWPOLYLINE
  5
581
100
AcDbEntity
  8
0
 62
7
100
AcDbPolyline
 90
2
 70
0
 10
177.734370
 20
179.741575
 30
0.0
 10
177.662070
 20
179.669305
 30
0.0
  0
SPLINE
  5
582
100
AcDbEntity
  8
0
 62
7
100
AcDbSpline
 70
8
 71
3
 72
8
 73
4
 74
0
 40
0
 40
0
 40
0
 40
0
 40
1
 40
1
 40
1
 40
1
 10
177.945260
 20
179.528678
 30
0.0
 10
177.973623
 20
179.556839
 30
0.0
 10
177.989575
 20
179.595155
 30
0.0
 10
177.989575
 20
179.635124
 30
0.0
  0
SPLINE
  5
583
100
AcDbEntity
  8
0
 62
7
100
AcDbSpline
 70
8
 71
3
 72
8
 73
4
 74
0
 40
0
 40
0
 40
0
 40
0
 40
1
 40
1
 40
1
 40
1
 10
177.989575
 20
179.635124
 30
0.0
 10
177.989575
 20
179.675092
 30
0.0
 10
177.973623
 20
179.713408
 30
0.0
 10
177.945260
 20
179.741569
 30
0.0
  0
SPLINE
  5
584
100
AcDbEntity
  8
0
 62
7
100
AcDbSpline
 70
8
 71
3
 72
8
 73
4
 74
0
 40
0
 40
0
 40
0
 40
0
 40
1
 40
1
 40
1
 40
1
 10
177.945260
 20
179.741569
 30
0.0
 10
177.886820
 20
179.799357
 30
0.0
 10
177.792760
 20
179.799357
 30
0.0
 10
177.734320
 20
179.741569
 30
0.0
  0
LWPOLYLINE
  5
585
100
AcDbEntity
  8
0
 62
7
100
AcDbPolyline
 90
2
 70
0
 10
177.874960
 20
179.458368
 30
0.0
 10
177.945260
 20
179.528678
 30
0.0
  0
LWPOLYLINE
  5
586
100
AcDbEntity
  8
0
 62
7
100
AcDbPolyline
 90
1
 70
1
 10
177.734320
 20
179.741569
 30
0.0
  0
SPLINE
  5
587
100
AcDbEntity
  8
0
 62
7
100
AcDbSpline
 70
8
 71
3
 72
8
 73
4
 74
0
 40
0
 40
0
 40
0
 40
0
 40
1
 40
1
 40
1
 40
1
 10
177.773440
 20
179.768914
 30
0.0
 10
177.699643
 20
179.731619
 30
0.0
 10
177.669944
 20
179.641639
 30
0.0
 10
177.707040
 20
179.567742
 30
0.0
  0
SPLINE
  5
588
100
AcDbEntity
  8
0
 62
7
100
AcDbSpline
 70
8
 71
3
 72
8
 73
4
 74
0
 40
0
 40
0
 40
0
 40
0
 40
1
 40
1
 40
1
 40
1
 10
177.707040
 20
179.567742
 30
0.0
 10
177.744331
 20
179.493943
 30
0.0
 10
177.834311
 20
179.464238
 30
0.0
 10
177.908210
 20
179.501332
 30
0.0
  0
LWPOLYLINE
  5
589
100
AcDbEntity
  8
0
 62
7
100
AcDbPolyline
 90
2
 70
0
 10
177.916020
 20
179.841184
 30
0.0
 10
177.773440
 20
179.768914
 30
0.0
  0
SPLINE
  5
58a
100
AcDbEntity
  8
0
 62
7
100
AcDbSpline
 70
8
 71
3
 72
8
 73
4
 74
0
 40
0
 40
0
 40
0
 40
0
 40
1
 40
1
 40
1
 40
1
 10
178.050790
 20
179.571642
 30
0.0
 10
178.124587
 20
179.608937
 30
0.0
 10
178.154286
 20
179.698917
 30
0.0
 10
178.117190
 20
179.772814
 30
0.0
  0
SPLINE
  5
58b
100
AcDbEntity
  8
0
 62
7
100
AcDbSpline
 70
8
 71
3
 72
8
 73
4
 74
0
 40
0
 40
0
 40
0
 40
0
 40
1
 40
1
 40
1
 40
1
 10
178.117190
 20
179.772814
 30
0.0
 10
178.099626
 20
179.808601
 30
0.0
 10
178.068540
 20
179.835925
 30
0.0
 10
178.030795
 20
179.848751
 30
0.0
  0
SPLINE
  5
58c
100
AcDbEntity
  8
0
 62
7
100
AcDbSpline
 70
8
 71
3
 72
8
 73
4
 74
0
 40
0
 40
0
 40
0
 40
0
 40
1
 40
1
 40
1
 40
1
 10
178.030795
 20
179.848751
 30
0.0
 10
177.993049
 20
179.861577
 30
0.0
 10
177.951751
 20
179.858851
 30
0.0
 10
177.916020
 20
179.841174
 30
0.0
  0
LWPOLYLINE
  5
58d
100
AcDbEntity
  8
0
 62
7
100
AcDbPolyline
 90
2
 70
0
 10
177.908210
 20
179.501332
 30
0.0
 10
178.050790
 20
179.571642
 30
0.0
  0
SPLINE
  5
58e
100
AcDbEntity
  8
0
 62
7
100
AcDbSpline
 70
8
 71
3
 72
8
 73
4
 74
0
 40
0
 40
0
 40
0
 40
0
 40
1
 40
1
 40
1
 40
1
 10
178.865230
 20
179.848997
 30
0.0
 10
178.827403
 20
179.836584
 30
0.0
 10
178.796062
 20
179.809642
 30
0.0
 10
178.778112
 20
179.774106
 30
0.0
  0
SPLINE
  5
58f
100
AcDbEntity
  8
0
 62
7
100
AcDbSpline
 70
8
 71
3
 72
8
 73
4
 74
0
 40
0
 40
0
 40
0
 40
0
 40
1
 40
1
 40
1
 40
1
 10
178.778112
 20
179.774106
 30
0.0
 10
178.760161
 20
179.738571
 30
0.0
 10
178.757074
 20
179.697357
 30
0.0
 10
178.769530
 20
179.659544
 30
0.0
  0
LWPOLYLINE
  5
590
100
AcDbEntity
  8
0
 62
7
100
AcDbPolyline
 90
1
 70
1
 10
177.916020
 20
179.841174
 30
0.0
  0
SPLINE
  5
591
100
AcDbEntity
  8
0
 62
7
100
AcDbSpline
 70
8
 71
3
 72
8
 73
4
 74
0
 40
0
 40
0
 40
0
 40
0
 40
1
 40
1
 40
1
 40
1
 10
179.269530
 20
178.159544
 30
0.0
 10
179.281943
 20
178.121717
 30
0.0
 10
179.308885
 20
178.090377
 30
0.0
 10
179.344419
 20
178.072427
 30
0.0
  0
SPLINE
  5
592
100
AcDbEntity
  8
0
 62
7
100
AcDbSpline
 70
8
 71
3
 72
8
 73
4
 74
0
 40
0
 40
0
 40
0
 40
0
 40
1
 40
1
 40
1
 40
1
 10
179.344419
 20
178.072427
 30
0.0
 10
179.379954
 20
178.054477
 30
0.0
 10
179.421167
 20
178.051389
 30
0.0
 10
179.458980
 20
178.063844
 30
0.0
  0
SPLINE
  5
593
100
AcDbEntity
  8
0
 62
7
100
AcDbSpline
 70
8
 71
3
 72
8
 73
4
 74
0
 40
0
 40
0
 40
0
 40
0
 40
1
 40
1
 40
1
 40
1
 10
179.458980
 20
178.063844
 30
0.0
 10
179.496807
 20
178.076257
 30
0.0
 10
179.528148
 20
178.103199
 30
0.0
 10
179.546098
 20
178.138735
 30
0.0
  0
SPLINE
  5
594
100
AcDbEntity
  8
0
 62
7
100
AcDbSpline
 70
8
 71
3
 72
8
 73
4
 74
0
 40
0
 40
0
 40
0
 40
0
 40
1
 40
1
 40
1
 40
1
 10
179.546098
 20
178.138735
 30
0.0
 10
179.564049
 20
178.174270
 30
0.0
 10
179.567136
 20
178.215484
 30
0.0
 10
179.554680
 20
178.253297
 30
0.0
  0
LWPOLYLINE
  5
595
100
AcDbEntity
  8
0
 62
7
100
AcDbPolyline
 90
2
 70
0
 10
178.769530
 20
179.659544
 30
0.0
 10
179.269530
 20
178.159544
 30
0.0
  0
SPLINE
  5
596
100
AcDbEntity
  8
0
 62
7
100
AcDbSpline
 70
8
 71
3
 72
8
 73
4
 74
0
 40
0
 40
0
 40
0
 40
0
 40
1
 40
1
 40
1
 40
1
 10
179.054680
 20
179.753297
 30
0.0
 10
179.042267
 20
179.791126
 30
0.0
 10
179.015324
 20
179.822468
 30
0.0
 10
178.979787
 20
179.840418
 30
0.0
  0
SPLINE
  5
597
100
AcDbEntity
  8
0
 62
7
100
AcDbSpline
 70
8
 71
3
 72
8
 73
4
 74
0
 40
0
 40
0
 40
0
 40
0
 40
1
 40
1
 40
1
 40
1
 10
178.979787
 20
179.840418
 30
0.0
 10
178.944250
 20
179.858369
 30
0.0
 10
178.903034
 20
179.861455
 30
0.0
 10
178.865220
 20
179.848997
 30
0.0
  0
LWPOLYLINE
  5
598
100
AcDbEntity
  8
0
 62
7
100
AcDbPolyline
 90
2
 70
0
 10
179.554680
 20
178.253297
 30
0.0
 10
179.054680
 20
179.753297
 30
0.0
  0
SPLINE
  5
599
100
AcDbEntity
  8
0
 62
7
100
AcDbSpline
 70
8
 71
3
 72
8
 73
4
 74
0
 40
0
 40
0
 40
0
 40
0
 40
1
 40
1
 40
1
 40
1
 10
179.958980
 20
179.848997
 30
0.0
 10
179.921167
 20
179.861452
 30
0.0
 10
179.879954
 20
179.858364
 30
0.0
 10
179.844419
 20
179.840414
 30
0.0
  0
SPLINE
  5
59a
100
AcDbEntity
  8
0
 62
7
100
AcDbSpline
 70
8
 71
3
 72
8
 73
4
 74
0
 40
0
 40
0
 40
0
 40
0
 40
1
 40
1
 40
1
 40
1
 10
179.844419
 20
179.840414
 30
0.0
 10
179.808885
 20
179.822464
 30
0.0
 10
179.781943
 20
179.791124
 30
0.0
 10
179.769530
 20
179.753297
 30
0.0
  0
LWPOLYLINE
  5
59b
100
AcDbEntity
  8
0
 62
7
100
AcDbPolyline
 90
1
 70
1
 10
178.865220
 20
179.848997
 30
0.0
  0
SPLINE
  5
59c
100
AcDbEntity
  8
0
 62
7
100
AcDbSpline
 70
8
 71
3
 72
8
 73
4
 74
0
 40
0
 40
0
 40
0
 40
0
 40
1
 40
1
 40
1
 40
1
 10
179.269530
 20
178.253297
 30
0.0
 10
179.257074
 20
178.215484
 30
0.0
 10
179.260161
 20
178.174270
 30
0.0
 10
179.278112
 20
178.138735
 30
0.0
  0
SPLINE
  5
59d
100
AcDbEntity
  8
0
 62
7
100
AcDbSpline
 70
8
 71
3
 72
8
 73
4
 74
0
 40
0
 40
0
 40
0
 40
0
 40
1
 40
1
 40
1
 40
1
 10
179.278112
 20
178.138735
 30
0.0
 10
179.296062
 20
178.103199
 30
0.0
 10
179.327403
 20
178.076257
 30
0.0
 10
179.365230
 20
178.063844
 30
0.0
  0
SPLINE
  5
59e
100
AcDbEntity
  8
0
 62
7
100
AcDbSpline
 70
8
 71
3
 72
8
 73
4
 74
0
 40
0
 40
0
 40
0
 40
0
 40
1
 40
1
 40
1
 40
1
 10
179.365230
 20
178.063844
 30
0.0
 10
179.403044
 20
178.051386
 30
0.0
 10
179.444260
 20
178.054472
 30
0.0
 10
179.479797
 20
178.072423
 30
0.0
  0
SPLINE
  5
59f
100
AcDbEntity
  8
0
 62
7
100
AcDbSpline
 70
8
 71
3
 72
8
 73
4
 74
0
 40
0
 40
0
 40
0
 40
0
 40
1
 40
1
 40
1
 40
1
 10
179.479797
 20
178.072423
 30
0.0
 10
179.515334
 20
178.090373
 30
0.0
 10
179.542277
 20
178.121715
 30
0.0
 10
179.554690
 20
178.159544
 30
0.0
  0
LWPOLYLINE
  5
5a0
100
AcDbEntity
  8
0
 62
7
100
AcDbPolyline
 90
2
 70
0
 10
179.769530
 20
179.753297
 30
0.0
 10
179.269530
 20
178.253297
 30
0.0
  0
SPLINE
  5
5a1
100
AcDbEntity
  8
0
 62
7
100
AcDbSpline
 70
8
 71
3
 72
8
 73
4
 74
0
 40
0
 40
0
 40
0
 40
0
 40
1
 40
1
 40
1
 40
1
 10
180.054690
 20
179.659544
 30
0.0
 10
180.067146
 20
179.697357
 30
0.0
 10
180.064059
 20
179.738571
 30
0.0
 10
180.046108
 20
179.774106
 30
0.0
  0
SPLINE
  5
5a2
100
AcDbEntity
  8
0
 62
7
100
AcDbSpline
 70
8
 71
3
 72
8
 73
4
 74
0
 40
0
 40
0
 40
0
 40
0
 40
1
 40
1
 40
1
 40
1
 10
180.046108
 20
179.774106
 30
0.0
 10
180.028158
 20
179.809642
 30
0.0
 10
179.996817
 20
179.836584
 30
0.0
 10
179.958990
 20
179.848997
 30
0.0
  0
LWPOLYLINE
  5
5a3
100
AcDbEntity
  8
0
 62
7
100
AcDbPolyline
 90
2
 70
0
 10
179.554690
 20
178.159544
 30
0.0
 10
180.054690
 20
179.659544
 30
0.0
  0
SPLINE
  5
5a4
100
AcDbEntity
  8
0
 62
7
100
AcDbSpline
 70
8
 71
3
 72
8
 73
4
 74
0
 40
0
 40
0
 40
0
 40
0
 40
1
 40
1
 40
1
 40
1
 10
181.554690
 20
179.856809
 30
0.0
 10
181.514772
 20
179.856913
 30
0.0
 10
181.476460
 20
179.841102
 30
0.0
 10
181.448233
 20
179.812876
 30
0.0
  0
SPLINE
  5
5a5
100
AcDbEntity
  8
0
 62
7
100
AcDbSpline
 70
8
 71
3
 72
8
 73
4
 74
0
 40
0
 40
0
 40
0
 40
0
 40
1
 40
1
 40
1
 40
1
 10
181.448233
 20
179.812876
 30
0.0
 10
181.420007
 20
179.784649
 30
0.0
 10
181.404196
 20
179.746337
 30
0.0
 10
181.404300
 20
179.706419
 30
0.0
  0
LWPOLYLINE
  5
5a6
100
AcDbEntity
  8
0
 62
7
100
AcDbPolyline
 90
1
 70
1
 10
179.958990
 20
179.848997
 30
0.0
  0
SPLINE
  5
5a7
100
AcDbEntity
  8
0
 62
7
100
AcDbSpline
 70
8
 71
3
 72
8
 73
4
 74
0
 40
0
 40
0
 40
0
 40
0
 40
1
 40
1
 40
1
 40
1
 10
181.404300
 20
178.206419
 30
0.0
 10
181.404196
 20
178.166501
 30
0.0
 10
181.420007
 20
178.128188
 30
0.0
 10
181.448233
 20
178.099962
 30
0.0
  0
SPLINE
  5
5a8
100
AcDbEntity
  8
0
 62
7
100
AcDbSpline
 70
8
 71
3
 72
8
 73
4
 74
0
 40
0
 40
0
 40
0
 40
0
 40
1
 40
1
 40
1
 40
1
 10
181.448233
 20
178.099962
 30
0.0
 10
181.476459
 20
178.071735
 30
0.0
 10
181.514772
 20
178.055924
 30
0.0
 10
181.554690
 20
178.056028
 30
0.0
  0
SPLINE
  5
5a9
100
AcDbEntity
  8
0
 62
7
100
AcDbSpline
 70
8
 71
3
 72
8
 73
4
 74
0
 40
0
 40
0
 40
0
 40
0
 40
1
 40
1
 40
1
 40
1
 10
181.554690
 20
178.056028
 30
0.0
 10
181.594608
 20
178.055924
 30
0.0
 10
181.632921
 20
178.071735
 30
0.0
 10
181.661147
 20
178.099962
 30
0.0
  0
SPLINE
  5
5aa
100
AcDbEntity
  8
0
 62
7
100
AcDbSpline
 70
8
 71
3
 72
8
 73
4
 74
0
 40
0
 40
0
 40
0
 40
0
 40
1
 40
1
 40
1
 40
1
 10
181.661147
 20
178.099962
 30
0.0
 10
181.689373
 20
178.128188
 30
0.0
 10
181.705184
 20
178.166501
 30
0.0
 10
181.705080
 20
178.206419
 30
0.0
  0
LWPOLYLINE
  5
5ab
100
AcDbEntity
  8
0
 62
7
100
AcDbPolyline
 90
2
 70
0
 10
181.404300
 20
179.706419
 30
0.0
 10
181.404300
 20
178.206419
 30
0.0
  0
SPLINE
  5
5ac
100
AcDbEntity
  8
0
 62
7
100
AcDbSpline
 70
8
 71
3
 72
8
 73
4
 74
0
 40
0
 40
0
 40
0
 40
0
 40
1
 40
1
 40
1
 40
1
 10
181.705080
 20
179.706419
 30
0.0
 10
181.705184
 20
179.746337
 30
0.0
 10
181.689373
 20
179.784649
 30
0.0
 10
181.661147
 20
179.812876
 30
0.0
  0
SPLINE
  5
5ad
100
AcDbEntity
  8
0
 62
7
100
AcDbSpline
 70
8
 71
3
 72
8
 73
4
 74
0
 40
0
 40
0
 40
0
 40
0
 40
1
 40
1
 40
1
 40
1
 10
181.661147
 20
179.812876
 30
0.0
 10
181.632920
 20
179.841102
 30
0.0
 10
181.594608
 20
179.856913
 30
0.0
 10
181.554690
 20
179.856809
 30
0.0
  0
LWPOLYLINE
  5
5ae
100
AcDbEntity
  8
0
 62
7
100
AcDbPolyline
 90
2
 70
0
 10
181.705080
 20
178.206419
 30
0.0
 10
181.705080
 20
179.706419
 30
0.0
  0
SPLINE
  5
5af
100
AcDbEntity
  8
0
 62
7
100
AcDbSpline
 70
8
 71
3
 72
8
 73
4
 74
0
 40
0
 40
0
 40
0
 40
0
 40
1
 40
1
 40
1
 40
1
 10
181.554690
 20
179.856809
 30
0.0
 10
181.514772
 20
179.856913
 30
0.0
 10
181.476460
 20
179.841102
 30
0.0
 10
181.448233
 20
179.812876
 30
0.0
  0
SPLINE
  5
5b0
100
AcDbEntity
  8
0
 62
7
100
AcDbSpline
 70
8
 71
3
 72
8
 73
4
 74
0
 40
0
 40
0
 40
0
 40
0
 40
1
 40
1
 40
1
 40
1
 10
181.448233
 20
179.812876
 30
0.0
 10
181.420007
 20
179.784649
 30
0.0
 10
181.404196
 20
179.746337
 30
0.0
 10
181.404300
 20
179.706419
 30
0.0
  0
SPLINE
  5
5b1
100
AcDbEntity
  8
0
 62
7
100
AcDbSpline
 70
8
 71
3
 72
8
 73
4
 74
0
 40
0
 40
0
 40
0
 40
0
 40
1
 40
1
 40
1
 40
1
 10
181.404300
 20
179.706419
 30
0.0
 10
181.404196
 20
179.666501
 30
0.0
 10
181.420007
 20
179.628188
 30
0.0
 10
181.448233
 20
179.599962
 30
0.0
  0
SPLINE
  5
5b2
100
AcDbEntity
  8
0
 62
7
100
AcDbSpline
 70
8
 71
3
 72
8
 73
4
 74
0
 40
0
 40
0
 40
0
 40
0
 40
1
 40
1
 40
1
 40
1
 10
181.448233
 20
179.599962
 30
0.0
 10
181.476459
 20
179.571735
 30
0.0
 10
181.514772
 20
179.555924
 30
0.0
 10
181.554690
 20
179.556028
 30
0.0
  0
LWPOLYLINE
  5
5b3
100
AcDbEntity
  8
0
 62
7
100
AcDbPolyline
 90
1
 70
1
 10
181.554690
 20
179.856809
 30
0.0
  0
SPLINE
  5
5b4
100
AcDbEntity
  8
0
 62
7
100
AcDbSpline
 70
8
 71
3
 72
8
 73
4
 74
0
 40
0
 40
0
 40
0
 40
0
 40
1
 40
1
 40
1
 40
1
 10
181.912110
 20
179.556028
 30
0.0
 10
181.952028
 20
179.555924
 30
0.0
 10
181.990341
 20
179.571735
 30
0.0
 10
182.018567
 20
179.599962
 30
0.0
  0
SPLINE
  5
5b5
100
AcDbEntity
  8
0
 62
7
100
AcDbSpline
 70
8
 71
3
 72
8
 73
4
 74
0
 40
0
 40
0
 40
0
 40
0
 40
1
 40
1
 40
1
 40
1
 10
182.018567
 20
179.599962
 30
0.0
 10
182.046793
 20
179.628188
 30
0.0
 10
182.062604
 20
179.666501
 30
0.0
 10
182.062500
 20
179.706419
 30
0.0
  0
SPLINE
  5
5b6
100
AcDbEntity
  8
0
 62
7
100
AcDbSpline
 70
8
 71
3
 72
8
 73
4
 74
0
 40
0
 40
0
 40
0
 40
0
 40
1
 40
1
 40
1
 40
1
 10
182.062500
 20
179.706419
 30
0.0
 10
182.062604
 20
179.746337
 30
0.0
 10
182.046793
 20
179.784649
 30
0.0
 10
182.018567
 20
179.812876
 30
0.0
  0
SPLINE
  5
5b7
100
AcDbEntity
  8
0
 62
7
100
AcDbSpline
 70
8
 71
3
 72
8
 73
4
 74
0
 40
0
 40
0
 40
0
 40
0
 40
1
 40
1
 40
1
 40
1
 10
182.018567
 20
179.812876
 30
0.0
 10
181.990340
 20
179.841102
 30
0.0
 10
181.952028
 20
179.856913
 30
0.0
 10
181.912110
 20
179.856809
 30
0.0
  0
LWPOLYLINE
  5
5b8
100
AcDbEntity
  8
0
 62
7
100
AcDbPolyline
 90
2
 70
0
 10
181.554690
 20
179.556028
 30
0.0
 10
181.912110
 20
179.556028
 30
0.0
  0
SPLINE
  5
5b9
100
AcDbEntity
  8
0
 62
7
100
AcDbSpline
 70
8
 71
3
 72
8
 73
4
 74
0
 40
0
 40
0
 40
0
 40
0
 40
1
 40
1
 40
1
 40
1
 10
181.958980
 20
179.848997
 30
0.0
 10
181.921167
 20
179.861452
 30
0.0
 10
181.879954
 20
179.858364
 30
0.0
 10
181.844419
 20
179.840414
 30
0.0
  0
SPLINE
  5
5ba
100
AcDbEntity
  8
0
 62
7
100
AcDbSpline
 70
8
 71
3
 72
8
 73
4
 74
0
 40
0
 40
0
 40
0
 40
0
 40
1
 40
1
 40
1
 40
1
 10
181.844419
 20
179.840414
 30
0.0
 10
181.808885
 20
179.822464
 30
0.0
 10
181.781943
 20
179.791124
 30
0.0
 10
181.769530
 20
179.753297
 30
0.0
  0
SPLINE
  5
5bb
100
AcDbEntity
  8
0
 62
7
100
AcDbSpline
 70
8
 71
3
 72
8
 73
4
 74
0
 40
0
 40
0
 40
0
 40
0
 40
1
 40
1
 40
1
 40
1
 10
181.769530
 20
179.753297
 30
0.0
 10
181.743413
 20
179.675128
 30
0.0
 10
181.785254
 20
179.590530
 30
0.0
 10
181.863230
 20
179.563844
 30
0.0
  0
LWPOLYLINE
  5
5bc
100
AcDbEntity
  8
0
 62
7
100
AcDbPolyline
 90
2
 70
0
 10
181.912110
 20
179.856809
 30
0.0
 10
181.554690
 20
179.856809
 30
0.0
  0
SPLINE
  5
5bd
100
AcDbEntity
  8
0
 62
7
100
AcDbSpline
 70
8
 71
3
 72
8
 73
4
 74
0
 40
0
 40
0
 40
0
 40
0
 40
1
 40
1
 40
1
 40
1
 10
182.078070
 20
179.493534
 30
0.0
 10
182.156255
 20
179.467417
 30
0.0
 10
182.240865
 20
179.509284
 30
0.0
 10
182.267530
 20
179.587284
 30
0.0
  0
SPLINE
  5
5be
100
AcDbEntity
  8
0
 62
7
100
AcDbSpline
 70
8
 71
3
 72
8
 73
4
 74
0
 40
0
 40
0
 40
0
 40
0
 40
1
 40
1
 40
1
 40
1
 10
182.267530
 20
179.587284
 30
0.0
 10
182.293647
 20
179.665453
 30
0.0
 10
182.251806
 20
179.750051
 30
0.0
 10
182.173830
 20
179.776737
 30
0.0
  0
LWPOLYLINE
  5
5bf
100
AcDbEntity
  8
0
 62
7
100
AcDbPolyline
 90
2
 70
0
 10
181.863230
 20
179.563844
 30
0.0
 10
182.078070
 20
179.493534
 30
0.0
  0
SPLINE
  5
5c0
100
AcDbEntity
  8
0
 62
7
100
AcDbSpline
 70
8
 71
3
 72
8
 73
4
 74
0
 40
0
 40
0
 40
0
 40
0
 40
1
 40
1
 40
1
 40
1
 10
182.019530
 20
179.741575
 30
0.0
 10
181.991167
 20
179.713414
 30
0.0
 10
181.975215
 20
179.675098
 30
0.0
 10
181.975215
 20
179.635130
 30
0.0
  0
SPLINE
  5
5c1
100
AcDbEntity
  8
0
 62
7
100
AcDbSpline
 70
8
 71
3
 72
8
 73
4
 74
0
 40
0
 40
0
 40
0
 40
0
 40
1
 40
1
 40
1
 40
1
 10
181.975215
 20
179.635130
 30
0.0
 10
181.975215
 20
179.595161
 30
0.0
 10
181.991167
 20
179.556845
 30
0.0
 10
182.019530
 20
179.528684
 30
0.0
  0
LWPOLYLINE
  5
5c2
100
AcDbEntity
  8
0
 62
7
100
AcDbPolyline
 90
2
 70
0
 10
182.173830
 20
179.776737
 30
0.0
 10
181.958980
 20
179.848997
 30
0.0
  0
SPLINE
  5
5c3
100
AcDbEntity
  8
0
 62
7
100
AcDbSpline
 70
8
 71
3
 72
8
 73
4
 74
0
 40
0
 40
0
 40
0
 40
0
 40
1
 40
1
 40
1
 40
1
 10
182.162110
 20
179.386106
 30
0.0
 10
182.190271
 20
179.357743
 30
0.0
 10
182.228586
 20
179.341792
 30
0.0
 10
182.268555
 20
179.341792
 30
0.0
  0
SPLINE
  5
5c4
100
AcDbEntity
  8
0
 62
7
100
AcDbSpline
 70
8
 71
3
 72
8
 73
4
 74
0
 40
0
 40
0
 40
0
 40
0
 40
1
 40
1
 40
1
 40
1
 10
182.268555
 20
179.341792
 30
0.0
 10
182.308524
 20
179.341792
 30
0.0
 10
182.346839
 20
179.357743
 30
0.0
 10
182.375000
 20
179.386106
 30
0.0
  0
SPLINE
  5
5c5
100
AcDbEntity
  8
0
 62
7
100
AcDbSpline
 70
8
 71
3
 72
8
 73
4
 74
0
 40
0
 40
0
 40
0
 40
0
 40
1
 40
1
 40
1
 40
1
 10
182.375000
 20
179.386106
 30
0.0
 10
182.403363
 20
179.414267
 30
0.0
 10
182.419315
 20
179.452583
 30
0.0
 10
182.419315
 20
179.492552
 30
0.0
  0
SPLINE
  5
5c6
100
AcDbEntity
  8
0
 62
7
100
AcDbSpline
 70
8
 71
3
 72
8
 73
4
 74
0
 40
0
 40
0
 40
0
 40
0
 40
1
 40
1
 40
1
 40
1
 10
182.419315
 20
179.492552
 30
0.0
 10
182.419315
 20
179.532520
 30
0.0
 10
182.403363
 20
179.570836
 30
0.0
 10
182.375000
 20
179.598997
 30
0.0
  0
LWPOLYLINE
  5
5c7
100
AcDbEntity
  8
0
 62
7
100
AcDbPolyline
 90
2
 70
0
 10
182.019530
 20
179.528684
 30
0.0
 10
182.162110
 20
179.386106
 30
0.0
  0
SPLINE
  5
5c8
100
AcDbEntity
  8
0
 62
7
100
AcDbSpline
 70
8
 71
3
 72
8
 73
4
 74
0
 40
0
 40
0
 40
0
 40
0
 40
1
 40
1
 40
1
 40
1
 10
182.232420
 20
179.741575
 30
0.0
 10
182.204259
 20
179.769938
 30
0.0
 10
182.165944
 20
179.785889
 30
0.0
 10
182.125975
 20
179.785889
 30
0.0
  0
SPLINE
  5
5c9
100
AcDbEntity
  8
0
 62
7
100
AcDbSpline
 70
8
 71
3
 72
8
 73
4
 74
0
 40
0
 40
0
 40
0
 40
0
 40
1
 40
1
 40
1
 40
1
 10
182.125975
 20
179.785889
 30
0.0
 10
182.086006
 20
179.785889
 30
0.0
 10
182.047691
 20
179.769938
 30
0.0
 10
182.019530
 20
179.741575
 30
0.0
  0
LWPOLYLINE
  5
5ca
100
AcDbEntity
  8
0
 62
7
100
AcDbPolyline
 90
2
 70
0
 10
182.375000
 20
179.598997
 30
0.0
 10
182.232420
 20
179.741575
 30
0.0
  0
SPLINE
  5
5cb
100
AcDbEntity
  8
0
 62
7
100
AcDbSpline
 70
8
 71
3
 72
8
 73
4
 74
0
 40
0
 40
0
 40
0
 40
0
 40
1
 40
1
 40
1
 40
1
 10
182.201170
 20
179.626341
 30
0.0
 10
182.127373
 20
179.589046
 30
0.0
 10
182.097674
 20
179.499066
 30
0.0
 10
182.134770
 20
179.425169
 30
0.0
  0
LWPOLYLINE
  5
5cc
100
AcDbEntity
  8
0
 62
7
100
AcDbPolyline
 90
1
 70
1
 10
182.019530
 20
179.741575
 30
0.0
  0
SPLINE
  5
5cd
100
AcDbEntity
  8
0
 62
7
100
AcDbSpline
 70
8
 71
3
 72
8
 73
4
 74
0
 40
0
 40
0
 40
0
 40
0
 40
1
 40
1
 40
1
 40
1
 10
182.205070
 20
179.282591
 30
0.0
 10
182.222623
 20
179.246292
 30
0.0
 10
182.254050
 20
179.218588
 30
0.0
 10
182.292265
 20
179.205727
 30
0.0
  0
SPLINE
  5
5ce
100
AcDbEntity
  8
0
 62
7
100
AcDbSpline
 70
8
 71
3
 72
8
 73
4
 74
0
 40
0
 40
0
 40
0
 40
0
 40
1
 40
1
 40
1
 40
1
 10
182.292265
 20
179.205727
 30
0.0
 10
182.330479
 20
179.192866
 30
0.0
 10
182.372262
 20
179.195931
 30
0.0
 10
182.408190
 20
179.214231
 30
0.0
  0
SPLINE
  5
5cf
100
AcDbEntity
  8
0
 62
7
100
AcDbSpline
 70
8
 71
3
 72
8
 73
4
 74
0
 40
0
 40
0
 40
0
 40
0
 40
1
 40
1
 40
1
 40
1
 10
182.408190
 20
179.214231
 30
0.0
 10
182.481987
 20
179.251526
 30
0.0
 10
182.511686
 20
179.341506
 30
0.0
 10
182.474590
 20
179.415403
 30
0.0
  0
LWPOLYLINE
  5
5d0
100
AcDbEntity
  8
0
 62
7
100
AcDbPolyline
 90
2
 70
0
 10
182.134770
 20
179.425169
 30
0.0
 10
182.205070
 20
179.282591
 30
0.0
  0
SPLINE
  5
5d1
100
AcDbEntity
  8
0
 62
7
100
AcDbSpline
 70
8
 71
3
 72
8
 73
4
 74
0
 40
0
 40
0
 40
0
 40
0
 40
1
 40
1
 40
1
 40
1
 10
182.402290
 20
179.559934
 30
0.0
 10
182.364999
 20
179.633733
 30
0.0
 10
182.275019
 20
179.663438
 30
0.0
 10
182.201120
 20
179.626344
 30
0.0
  0
LWPOLYLINE
  5
5d2
100
AcDbEntity
  8
0
 62
7
100
AcDbPolyline
 90
2
 70
0
 10
182.474590
 20
179.415403
 30
0.0
 10
182.402290
 20
179.559934
 30
0.0
  0
SPLINE
  5
5d3
100
AcDbEntity
  8
0
 62
7
100
AcDbSpline
 70
8
 71
3
 72
8
 73
4
 74
0
 40
0
 40
0
 40
0
 40
0
 40
1
 40
1
 40
1
 40
1
 10
182.304690
 20
179.495481
 30
0.0
 10
182.265678
 20
179.485907
 30
0.0
 10
182.232135
 20
179.461086
 30
0.0
 10
182.211575
 20
179.426577
 30
0.0
  0
SPLINE
  5
5d4
100
AcDbEntity
  8
0
 62
7
100
AcDbSpline
 70
8
 71
3
 72
8
 73
4
 74
0
 40
0
 40
0
 40
0
 40
0
 40
1
 40
1
 40
1
 40
1
 10
182.211575
 20
179.426577
 30
0.0
 10
182.191016
 20
179.392067
 30
0.0
 10
182.185156
 20
179.350753
 30
0.0
 10
182.195310
 20
179.311888
 30
0.0
  0
LWPOLYLINE
  5
5d5
100
AcDbEntity
  8
0
 62
7
100
AcDbPolyline
 90
1
 70
1
 10
182.201120
 20
179.626344
 30
0.0
  0
SPLINE
  5
5d6
100
AcDbEntity
  8
0
 62
7
100
AcDbSpline
 70
8
 71
3
 72
8
 73
4
 74
0
 40
0
 40
0
 40
0
 40
0
 40
1
 40
1
 40
1
 40
1
 10
182.265610
 20
179.026731
 30
0.0
 10
182.285601
 20
178.946391
 30
0.0
 10
182.366902
 20
178.897438
 30
0.0
 10
182.447260
 20
178.917356
 30
0.0
  0
SPLINE
  5
5d7
100
AcDbEntity
  8
0
 62
7
100
AcDbSpline
 70
8
 71
3
 72
8
 73
4
 74
0
 40
0
 40
0
 40
0
 40
0
 40
1
 40
1
 40
1
 40
1
 10
182.447260
 20
178.917356
 30
0.0
 10
182.527594
 20
178.937349
 30
0.0
 10
182.576543
 20
179.018643
 30
0.0
 10
182.556630
 20
179.098997
 30
0.0
  0
LWPOLYLINE
  5
5d8
100
AcDbEntity
  8
0
 62
7
100
AcDbPolyline
 90
2
 70
0
 10
182.195310
 20
179.311888
 30
0.0
 10
182.265610
 20
179.026731
 30
0.0
  0
SPLINE
  5
5d9
100
AcDbEntity
  8
0
 62
7
100
AcDbSpline
 70
8
 71
3
 72
8
 73
4
 74
0
 40
0
 40
0
 40
0
 40
0
 40
1
 40
1
 40
1
 40
1
 10
182.486330
 20
179.386106
 30
0.0
 10
182.466339
 20
179.466442
 30
0.0
 10
182.385045
 20
179.515393
 30
0.0
 10
182.304690
 20
179.495481
 30
0.0
  0
LWPOLYLINE
  5
5da
100
AcDbEntity
  8
0
 62
7
100
AcDbPolyline
 90
2
 70
0
 10
182.556630
 20
179.098997
 30
0.0
 10
182.486330
 20
179.386106
 30
0.0
  0
SPLINE
  5
5db
100
AcDbEntity
  8
0
 62
7
100
AcDbSpline
 70
8
 71
3
 72
8
 73
4
 74
0
 40
0
 40
0
 40
0
 40
0
 40
1
 40
1
 40
1
 40
1
 10
182.412110
 20
179.214231
 30
0.0
 10
182.372192
 20
179.214335
 30
0.0
 10
182.333880
 20
179.198524
 30
0.0
 10
182.305653
 20
179.170298
 30
0.0
  0
SPLINE
  5
5dc
100
AcDbEntity
  8
0
 62
7
100
AcDbSpline
 70
8
 71
3
 72
8
 73
4
 74
0
 40
0
 40
0
 40
0
 40
0
 40
1
 40
1
 40
1
 40
1
 10
182.305653
 20
179.170298
 30
0.0
 10
182.277427
 20
179.142071
 30
0.0
 10
182.261616
 20
179.103759
 30
0.0
 10
182.261720
 20
179.063841
 30
0.0
  0
LWPOLYLINE
  5
5dd
100
AcDbEntity
  8
0
 62
7
100
AcDbPolyline
 90
1
 70
1
 10
182.304690
 20
179.495481
 30
0.0
  0
SPLINE
  5
5de
100
AcDbEntity
  8
0
 62
7
100
AcDbSpline
 70
8
 71
3
 72
8
 73
4
 74
0
 40
0
 40
0
 40
0
 40
0
 40
1
 40
1
 40
1
 40
1
 10
182.261720
 20
178.848997
 30
0.0
 10
182.261616
 20
178.809079
 30
0.0
 10
182.277427
 20
178.770766
 30
0.0
 10
182.305653
 20
178.742540
 30
0.0
  0
SPLINE
  5
5df
100
AcDbEntity
  8
0
 62
7
100
AcDbSpline
 70
8
 71
3
 72
8
 73
4
 74
0
 40
0
 40
0
 40
0
 40
0
 40
1
 40
1
 40
1
 40
1
 10
182.305653
 20
178.742540
 30
0.0
 10
182.333879
 20
178.714313
 30
0.0
 10
182.372192
 20
178.698502
 30
0.0
 10
182.412110
 20
178.698606
 30
0.0
  0
SPLINE
  5
5e0
100
AcDbEntity
  8
0
 62
7
100
AcDbSpline
 70
8
 71
3
 72
8
 73
4
 74
0
 40
0
 40
0
 40
0
 40
0
 40
1
 40
1
 40
1
 40
1
 10
182.412110
 20
178.698606
 30
0.0
 10
182.452028
 20
178.698502
 30
0.0
 10
182.490341
 20
178.714313
 30
0.0
 10
182.518567
 20
178.742540
 30
0.0
  0
SPLINE
  5
5e1
100
AcDbEntity
  8
0
 62
7
100
AcDbSpline
 70
8
 71
3
 72
8
 73
4
 74
0
 40
0
 40
0
 40
0
 40
0
 40
1
 40
1
 40
1
 40
1
 10
182.518567
 20
178.742540
 30
0.0
 10
182.546793
 20
178.770766
 30
0.0
 10
182.562604
 20
178.809079
 30
0.0
 10
182.562500
 20
178.848997
 30
0.0
  0
LWPOLYLINE
  5
5e2
100
AcDbEntity
  8
0
 62
7
100
AcDbPolyline
 90
2
 70
0
 10
182.261720
 20
179.063841
 30
0.0
 10
182.261720
 20
178.848997
 30
0.0
  0
SPLINE
  5
5e3
100
AcDbEntity
  8
0
 62
7
100
AcDbSpline
 70
8
 71
3
 72
8
 73
4
 74
0
 40
0
 40
0
 40
0
 40
0
 40
1
 40
1
 40
1
 40
1
 10
182.562500
 20
179.063841
 30
0.0
 10
182.562604
 20
179.103759
 30
0.0
 10
182.546793
 20
179.142071
 30
0.0
 10
182.518567
 20
179.170298
 30
0.0
  0
SPLINE
  5
5e4
100
AcDbEntity
  8
0
 62
7
100
AcDbSpline
 70
8
 71
3
 72
8
 73
4
 74
0
 40
0
 40
0
 40
0
 40
0
 40
1
 40
1
 40
1
 40
1
 10
182.518567
 20
179.170298
 30
0.0
 10
182.490340
 20
179.198524
 30
0.0
 10
182.452028
 20
179.214335
 30
0.0
 10
182.412110
 20
179.214231
 30
0.0
  0
LWPOLYLINE
  5
5e5
100
AcDbEntity
  8
0
 62
7
100
AcDbPolyline
 90
2
 70
0
 10
182.562500
 20
178.848997
 30
0.0
 10
182.562500
 20
179.063841
 30
0.0
  0
SPLINE
  5
5e6
100
AcDbEntity
  8
0
 62
7
100
AcDbSpline
 70
8
 71
3
 72
8
 73
4
 74
0
 40
0
 40
0
 40
0
 40
0
 40
1
 40
1
 40
1
 40
1
 10
182.447270
 20
178.995481
 30
0.0
 10
182.366912
 20
179.015399
 30
0.0
 10
182.285611
 20
178.966446
 30
0.0
 10
182.265620
 20
178.886106
 30
0.0
  0
LWPOLYLINE
  5
5e7
100
AcDbEntity
  8
0
 62
7
100
AcDbPolyline
 90
1
 70
1
 10
182.412110
 20
179.214231
 30
0.0
  0
SPLINE
  5
5e8
100
AcDbEntity
  8
0
 62
7
100
AcDbSpline
 70
8
 71
3
 72
8
 73
4
 74
0
 40
0
 40
0
 40
0
 40
0
 40
1
 40
1
 40
1
 40
1
 10
182.195320
 20
178.598997
 30
0.0
 10
182.175408
 20
178.518640
 30
0.0
 10
182.224362
 20
178.437344
 30
0.0
 10
182.304700
 20
178.417356
 30
0.0
  0
SPLINE
  5
5e9
100
AcDbEntity
  8
0
 62
7
100
AcDbSpline
 70
8
 71
3
 72
8
 73
4
 74
0
 40
0
 40
0
 40
0
 40
0
 40
1
 40
1
 40
1
 40
1
 10
182.304700
 20
178.417356
 30
0.0
 10
182.385055
 20
178.397444
 30
0.0
 10
182.466349
 20
178.446395
 30
0.0
 10
182.486340
 20
178.526731
 30
0.0
  0
LWPOLYLINE
  5
5ea
100
AcDbEntity
  8
0
 62
7
100
AcDbPolyline
 90
2
 70
0
 10
182.265620
 20
178.886106
 30
0.0
 10
182.195320
 20
178.598997
 30
0.0
  0
SPLINE
  5
5eb
100
AcDbEntity
  8
0
 62
7
100
AcDbSpline
 70
8
 71
3
 72
8
 73
4
 74
0
 40
0
 40
0
 40
0
 40
0
 40
1
 40
1
 40
1
 40
1
 10
182.556640
 20
178.811888
 30
0.0
 10
182.566794
 20
178.850752
 30
0.0
 10
182.560936
 20
178.892065
 30
0.0
 10
182.540378
 20
178.926574
 30
0.0
  0
SPLINE
  5
5ec
100
AcDbEntity
  8
0
 62
7
100
AcDbSpline
 70
8
 71
3
 72
8
 73
4
 74
0
 40
0
 40
0
 40
0
 40
0
 40
1
 40
1
 40
1
 40
1
 10
182.540378
 20
178.926574
 30
0.0
 10
182.519820
 20
178.961083
 30
0.0
 10
182.486280
 20
178.985905
 30
0.0
 10
182.447270
 20
178.995481
 30
0.0
  0
LWPOLYLINE
  5
5ed
100
AcDbEntity
  8
0
 62
7
100
AcDbPolyline
 90
2
 70
0
 10
182.486340
 20
178.526731
 30
0.0
 10
182.556640
 20
178.811888
 30
0.0
  0
SPLINE
  5
5ee
100
AcDbEntity
  8
0
 62
7
100
AcDbSpline
 70
8
 71
3
 72
8
 73
4
 74
0
 40
0
 40
0
 40
0
 40
0
 40
1
 40
1
 40
1
 40
1
 10
182.408200
 20
178.698606
 30
0.0
 10
182.372272
 20
178.716906
 30
0.0
 10
182.330489
 20
178.719971
 30
0.0
 10
182.292275
 20
178.707110
 30
0.0
  0
SPLINE
  5
5ef
100
AcDbEntity
  8
0
 62
7
100
AcDbSpline
 70
8
 71
3
 72
8
 73
4
 74
0
 40
0
 40
0
 40
0
 40
0
 40
1
 40
1
 40
1
 40
1
 10
182.292275
 20
178.707110
 30
0.0
 10
182.254060
 20
178.694249
 30
0.0
 10
182.222633
 20
178.666545
 30
0.0
 10
182.205080
 20
178.630246
 30
0.0
  0
LWPOLYLINE
  5
5f0
100
AcDbEntity
  8
0
 62
7
100
AcDbPolyline
 90
1
 70
1
 10
182.447270
 20
178.995481
 30
0.0
  0
SPLINE
  5
5f1
100
AcDbEntity
  8
0
 62
7
100
AcDbSpline
 70
8
 71
3
 72
8
 73
4
 74
0
 40
0
 40
0
 40
0
 40
0
 40
1
 40
1
 40
1
 40
1
 10
182.134780
 20
178.487668
 30
0.0
 10
182.097684
 20
178.413771
 30
0.0
 10
182.127383
 20
178.323791
 30
0.0
 10
182.201180
 20
178.286496
 30
0.0
  0
SPLINE
  5
5f2
100
AcDbEntity
  8
0
 62
7
100
AcDbSpline
 70
8
 71
3
 72
8
 73
4
 74
0
 40
0
 40
0
 40
0
 40
0
 40
1
 40
1
 40
1
 40
1
 10
182.201180
 20
178.286496
 30
0.0
 10
182.275079
 20
178.249402
 30
0.0
 10
182.365059
 20
178.279107
 30
0.0
 10
182.402350
 20
178.352906
 30
0.0
  0
LWPOLYLINE
  5
5f3
100
AcDbEntity
  8
0
 62
7
100
AcDbPolyline
 90
2
 70
0
 10
182.205080
 20
178.630246
 30
0.0
 10
182.134780
 20
178.487668
 30
0.0
  0
SPLINE
  5
5f4
100
AcDbEntity
  8
0
 62
7
100
AcDbSpline
 70
8
 71
3
 72
8
 73
4
 74
0
 40
0
 40
0
 40
0
 40
0
 40
1
 40
1
 40
1
 40
1
 10
182.474650
 20
178.495484
 30
0.0
 10
182.493088
 20
178.531171
 30
0.0
 10
182.496442
 20
178.572762
 30
0.0
 10
182.483961
 20
178.610943
 30
0.0
  0
SPLINE
  5
5f5
100
AcDbEntity
  8
0
 62
7
100
AcDbSpline
 70
8
 71
3
 72
8
 73
4
 74
0
 40
0
 40
0
 40
0
 40
0
 40
1
 40
1
 40
1
 40
1
 10
182.483961
 20
178.610943
 30
0.0
 10
182.471480
 20
178.649124
 30
0.0
 10
182.444207
 20
178.680703
 30
0.0
 10
182.408250
 20
178.698609
 30
0.0
  0
LWPOLYLINE
  5
5f6
100
AcDbEntity
  8
0
 62
7
100
AcDbPolyline
 90
2
 70
0
 10
182.402350
 20
178.352906
 30
0.0
 10
182.474650
 20
178.495484
 30
0.0
  0
LWPOLYLINE
  5
5f7
100
AcDbEntity
  8
0
 62
7
100
AcDbPolyline
 90
1
 70
1
 10
182.408250
 20
178.698609
 30
0.0
  0
SPLINE
  5
5f8
100
AcDbEntity
  8
0
 62
7
100
AcDbSpline
 70
8
 71
3
 72
8
 73
4
 74
0
 40
0
 40
0
 40
0
 40
0
 40
1
 40
1
 40
1
 40
1
 10
182.019530
 20
178.384153
 30
0.0
 10
181.991167
 20
178.355992
 30
0.0
 10
181.975216
 20
178.317677
 30
0.0
 10
181.975216
 20
178.277708
 30
0.0
  0
SPLINE
  5
5f9
100
AcDbEntity
  8
0
 62
7
100
AcDbSpline
 70
8
 71
3
 72
8
 73
4
 74
0
 40
0
 40
0
 40
0
 40
0
 40
1
 40
1
 40
1
 40
1
 10
181.975216
 20
178.277708
 30
0.0
 10
181.975216
 20
178.237739
 30
0.0
 10
181.991167
 20
178.199424
 30
0.0
 10
182.019530
 20
178.171263
 30
0.0
  0
SPLINE
  5
5fa
100
AcDbEntity
  8
0
 62
7
100
AcDbSpline
 70
8
 71
3
 72
8
 73
4
 74
0
 40
0
 40
0
 40
0
 40
0
 40
1
 40
1
 40
1
 40
1
 10
182.019530
 20
178.171263
 30
0.0
 10
182.047691
 20
178.142900
 30
0.0
 10
182.086006
 20
178.126949
 30
0.0
 10
182.125975
 20
178.126949
 30
0.0
  0
SPLINE
  5
5fb
100
AcDbEntity
  8
0
 62
7
100
AcDbSpline
 70
8
 71
3
 72
8
 73
4
 74
0
 40
0
 40
0
 40
0
 40
0
 40
1
 40
1
 40
1
 40
1
 10
182.125975
 20
178.126949
 30
0.0
 10
182.165944
 20
178.126949
 30
0.0
 10
182.204259
 20
178.142900
 30
0.0
 10
182.232420
 20
178.171263
 30
0.0
  0
LWPOLYLINE
  5
5fc
100
AcDbEntity
  8
0
 62
7
100
AcDbPolyline
 90
2
 70
0
 10
182.162110
 20
178.526731
 30
0.0
 10
182.019530
 20
178.384153
 30
0.0
  0
SPLINE
  5
5fd
100
AcDbEntity
  8
0
 62
7
100
AcDbSpline
 70
8
 71
3
 72
8
 73
4
 74
0
 40
0
 40
0
 40
0
 40
0
 40
1
 40
1
 40
1
 40
1
 10
182.375000
 20
178.313841
 30
0.0
 10
182.403363
 20
178.342002
 30
0.0
 10
182.419314
 20
178.380317
 30
0.0
 10
182.419314
 20
178.420286
 30
0.0
  0
SPLINE
  5
5fe
100
AcDbEntity
  8
0
 62
7
100
AcDbSpline
 70
8
 71
3
 72
8
 73
4
 74
0
 40
0
 40
0
 40
0
 40
0
 40
1
 40
1
 40
1
 40
1
 10
182.419314
 20
178.420286
 30
0.0
 10
182.419314
 20
178.460255
 30
0.0
 10
182.403363
 20
178.498570
 30
0.0
 10
182.375000
 20
178.526731
 30
0.0
  0
SPLINE
  5
5ff
100
AcDbEntity
  8
0
 62
7
100
AcDbSpline
 70
8
 71
3
 72
8
 73
4
 74
0
 40
0
 40
0
 40
0
 40
0
 40
1
 40
1
 40
1
 40
1
 10
182.375000
 20
178.526731
 30
0.0
 10
182.346839
 20
178.555094
 30
0.0
 10
182.308524
 20
178.571045
 30
0.0
 10
182.268555
 20
178.571045
 30
0.0
  0
SPLINE
  5
600
100
AcDbEntity
  8
0
 62
7
100
AcDbSpline
 70
8
 71
3
 72
8
 73
4
 74
0
 40
0
 40
0
 40
0
 40
0
 40
1
 40
1
 40
1
 40
1
 10
182.268555
 20
178.571045
 30
0.0
 10
182.228586
 20
178.571045
 30
0.0
 10
182.190271
 20
178.555094
 30
0.0
 10
182.162110
 20
178.526731
 30
0.0
  0
LWPOLYLINE
  5
601
100
AcDbEntity
  8
0
 62
7
100
AcDbPolyline
 90
2
 70
0
 10
182.232420
 20
178.171263
 30
0.0
 10
182.375000
 20
178.313841
 30
0.0
  0
LWPOLYLINE
  5
602
100
AcDbEntity
  8
0
 62
7
100
AcDbPolyline
 90
1
 70
1
 10
182.162110
 20
178.526731
 30
0.0
  0
SPLINE
  5
603
100
AcDbEntity
  8
0
 62
7
100
AcDbSpline
 70
8
 71
3
 72
8
 73
4
 74
0
 40
0
 40
0
 40
0
 40
0
 40
1
 40
1
 40
1
 40
1
 10
181.865230
 20
178.348999
 30
0.0
 10
181.827403
 20
178.336586
 30
0.0
 10
181.796062
 20
178.309644
 30
0.0
 10
181.778112
 20
178.274108
 30
0.0
  0
SPLINE
  5
604
100
AcDbEntity
  8
0
 62
7
100
AcDbSpline
 70
8
 71
3
 72
8
 73
4
 74
0
 40
0
 40
0
 40
0
 40
0
 40
1
 40
1
 40
1
 40
1
 10
181.778112
 20
178.274108
 30
0.0
 10
181.760161
 20
178.238573
 30
0.0
 10
181.757074
 20
178.197359
 30
0.0
 10
181.769530
 20
178.159546
 30
0.0
  0
SPLINE
  5
605
100
AcDbEntity
  8
0
 62
7
100
AcDbSpline
 70
8
 71
3
 72
8
 73
4
 74
0
 40
0
 40
0
 40
0
 40
0
 40
1
 40
1
 40
1
 40
1
 10
181.769530
 20
178.159546
 30
0.0
 10
181.781943
 20
178.121719
 30
0.0
 10
181.808885
 20
178.090379
 30
0.0
 10
181.844419
 20
178.072429
 30
0.0
  0
SPLINE
  5
606
100
AcDbEntity
  8
0
 62
7
100
AcDbSpline
 70
8
 71
3
 72
8
 73
4
 74
0
 40
0
 40
0
 40
0
 40
0
 40
1
 40
1
 40
1
 40
1
 10
181.844419
 20
178.072429
 30
0.0
 10
181.879954
 20
178.054479
 30
0.0
 10
181.921167
 20
178.051391
 30
0.0
 10
181.958980
 20
178.063846
 30
0.0
  0
LWPOLYLINE
  5
607
100
AcDbEntity
  8
0
 62
7
100
AcDbPolyline
 90
2
 70
0
 10
182.078120
 20
178.419309
 30
0.0
 10
181.865230
 20
178.348999
 30
0.0
  0
SPLINE
  5
608
100
AcDbEntity
  8
0
 62
7
100
AcDbSpline
 70
8
 71
3
 72
8
 73
4
 74
0
 40
0
 40
0
 40
0
 40
0
 40
1
 40
1
 40
1
 40
1
 10
182.173830
 20
178.136116
 30
0.0
 10
182.251806
 20
178.162802
 30
0.0
 10
182.293647
 20
178.247400
 30
0.0
 10
182.267530
 20
178.325569
 30
0.0
  0
SPLINE
  5
609
100
AcDbEntity
  8
0
 62
7
100
AcDbSpline
 70
8
 71
3
 72
8
 73
4
 74
0
 40
0
 40
0
 40
0
 40
0
 40
1
 40
1
 40
1
 40
1
 10
182.267530
 20
178.325569
 30
0.0
 10
182.240865
 20
178.403569
 30
0.0
 10
182.156255
 20
178.445436
 30
0.0
 10
182.078070
 20
178.419319
 30
0.0
  0
LWPOLYLINE
  5
60a
100
AcDbEntity
  8
0
 62
7
100
AcDbPolyline
 90
2
 70
0
 10
181.958980
 20
178.063846
 30
0.0
 10
182.173830
 20
178.136116
 30
0.0
  0
SPLINE
  5
60b
100
AcDbEntity
  8
0
 62
7
100
AcDbSpline
 70
8
 71
3
 72
8
 73
4
 74
0
 40
0
 40
0
 40
0
 40
0
 40
1
 40
1
 40
1
 40
1
 10
181.554690
 20
178.356809
 30
0.0
 10
181.514772
 20
178.356913
 30
0.0
 10
181.476460
 20
178.341102
 30
0.0
 10
181.448233
 20
178.312876
 30
0.0
  0
SPLINE
  5
60c
100
AcDbEntity
  8
0
 62
7
100
AcDbSpline
 70
8
 71
3
 72
8
 73
4
 74
0
 40
0
 40
0
 40
0
 40
0
 40
1
 40
1
 40
1
 40
1
 10
181.448233
 20
178.312876
 30
0.0
 10
181.420007
 20
178.284649
 30
0.0
 10
181.404196
 20
178.246337
 30
0.0
 10
181.404300
 20
178.206419
 30
0.0
  0
SPLINE
  5
60d
100
AcDbEntity
  8
0
 62
7
100
AcDbSpline
 70
8
 71
3
 72
8
 73
4
 74
0
 40
0
 40
0
 40
0
 40
0
 40
1
 40
1
 40
1
 40
1
 10
181.404300
 20
178.206419
 30
0.0
 10
181.404196
 20
178.166501
 30
0.0
 10
181.420007
 20
178.128188
 30
0.0
 10
181.448233
 20
178.099962
 30
0.0
  0
SPLINE
  5
60e
100
AcDbEntity
  8
0
 62
7
100
AcDbSpline
 70
8
 71
3
 72
8
 73
4
 74
0
 40
0
 40
0
 40
0
 40
0
 40
1
 40
1
 40
1
 40
1
 10
181.448233
 20
178.099962
 30
0.0
 10
181.476459
 20
178.071735
 30
0.0
 10
181.514772
 20
178.055924
 30
0.0
 10
181.554690
 20
178.056028
 30
0.0
  0
LWPOLYLINE
  5
60f
100
AcDbEntity
  8
0
 62
7
100
AcDbPolyline
 90
1
 70
1
 10
182.078070
 20
178.419319
 30
0.0
  0
SPLINE
  5
610
100
AcDbEntity
  8
0
 62
7
100
AcDbSpline
 70
8
 71
3
 72
8
 73
4
 74
0
 40
0
 40
0
 40
0
 40
0
 40
1
 40
1
 40
1
 40
1
 10
181.912110
 20
178.056028
 30
0.0
 10
181.952028
 20
178.055924
 30
0.0
 10
181.990341
 20
178.071735
 30
0.0
 10
182.018567
 20
178.099962
 30
0.0
  0
SPLINE
  5
611
100
AcDbEntity
  8
0
 62
7
100
AcDbSpline
 70
8
 71
3
 72
8
 73
4
 74
0
 40
0
 40
0
 40
0
 40
0
 40
1
 40
1
 40
1
 40
1
 10
182.018567
 20
178.099962
 30
0.0
 10
182.046793
 20
178.128188
 30
0.0
 10
182.062604
 20
178.166501
 30
0.0
 10
182.062500
 20
178.206419
 30
0.0
  0
SPLINE
  5
612
100
AcDbEntity
  8
0
 62
7
100
AcDbSpline
 70
8
 71
3
 72
8
 73
4
 74
0
 40
0
 40
0
 40
0
 40
0
 40
1
 40
1
 40
1
 40
1
 10
182.062500
 20
178.206419
 30
0.0
 10
182.062604
 20
178.246337
 30
0.0
 10
182.046793
 20
178.284649
 30
0.0
 10
182.018567
 20
178.312876
 30
0.0
  0
SPLINE
  5
613
100
AcDbEntity
  8
0
 62
7
100
AcDbSpline
 70
8
 71
3
 72
8
 73
4
 74
0
 40
0
 40
0
 40
0
 40
0
 40
1
 40
1
 40
1
 40
1
 10
182.018567
 20
178.312876
 30
0.0
 10
181.990340
 20
178.341102
 30
0.0
 10
181.952028
 20
178.356913
 30
0.0
 10
181.912110
 20
178.356809
 30
0.0
  0
LWPOLYLINE
  5
614
100
AcDbEntity
  8
0
 62
7
100
AcDbPolyline
 90
2
 70
0
 10
181.554690
 20
178.056028
 30
0.0
 10
181.912110
 20
178.056028
 30
0.0
  0
LWPOLYLINE
  5
615
100
AcDbEntity
  8
0
 62
7
100
AcDbPolyline
 90
2
 70
0
 10
181.912110
 20
178.356809
 30
0.0
 10
181.554690
 20
178.356809
 30
0.0
  0
SPLINE
  5
616
100
AcDbEntity
  8
0
 62
7
100
AcDbSpline
 70
8
 71
3
 72
8
 73
4
 74
0
 40
0
 40
0
 40
0
 40
0
 40
1
 40
1
 40
1
 40
1
 10
183.734340
 20
178.384156
 30
0.0
 10
183.705977
 20
178.355995
 30
0.0
 10
183.690026
 20
178.317680
 30
0.0
 10
183.690026
 20
178.277711
 30
0.0
  0
SPLINE
  5
617
100
AcDbEntity
  8
0
 62
7
100
AcDbSpline
 70
8
 71
3
 72
8
 73
4
 74
0
 40
0
 40
0
 40
0
 40
0
 40
1
 40
1
 40
1
 40
1
 10
183.690026
 20
178.277711
 30
0.0
 10
183.690026
 20
178.237742
 30
0.0
 10
183.705977
 20
178.199427
 30
0.0
 10
183.734340
 20
178.171266
 30
0.0
  0
SPLINE
  5
618
100
AcDbEntity
  8
0
 62
7
100
AcDbSpline
 70
8
 71
3
 72
8
 73
4
 74
0
 40
0
 40
0
 40
0
 40
0
 40
1
 40
1
 40
1
 40
1
 10
183.734340
 20
178.171266
 30
0.0
 10
183.792780
 20
178.113478
 30
0.0
 10
183.886840
 20
178.113478
 30
0.0
 10
183.945280
 20
178.171266
 30
0.0
  0
LWPOLYLINE
  5
619
100
AcDbEntity
  8
0
 62
7
100
AcDbPolyline
 90
2
 70
0
 10
183.806640
 20
178.454466
 30
0.0
 10
183.734340
 20
178.384156
 30
0.0
  0
SPLINE
  5
61a
100
AcDbEntity
  8
0
 62
7
100
AcDbSpline
 70
8
 71
3
 72
8
 73
4
 74
0
 40
0
 40
0
 40
0
 40
0
 40
1
 40
1
 40
1
 40
1
 10
184.017580
 20
178.243536
 30
0.0
 10
184.075367
 20
178.301975
 30
0.0
 10
184.075367
 20
178.396035
 30
0.0
 10
184.017580
 20
178.454474
 30
0.0
  0
SPLINE
  5
61b
100
AcDbEntity
  8
0
 62
7
100
AcDbSpline
 70
8
 71
3
 72
8
 73
4
 74
0
 40
0
 40
0
 40
0
 40
0
 40
1
 40
1
 40
1
 40
1
 10
184.017580
 20
178.454474
 30
0.0
 10
183.959140
 20
178.512262
 30
0.0
 10
183.865080
 20
178.512262
 30
0.0
 10
183.806640
 20
178.454474
 30
0.0
  0
LWPOLYLINE
  5
61c
100
AcDbEntity
  8
0
 62
7
100
AcDbPolyline
 90
2
 70
0
 10
183.945280
 20
178.171266
 30
0.0
 10
184.017580
 20
178.243536
 30
0.0
  0
LWPOLYLINE
  5
61d
100
AcDbEntity
  8
0
 62
7
100
AcDbPolyline
 90
1
 70
1
 10
183.806640
 20
178.454474
 30
0.0
  0
SPLINE
  5
61e
100
AcDbEntity
  8
0
 62
7
100
AcDbSpline
 70
8
 71
3
 72
8
 73
4
 74
0
 40
0
 40
0
 40
0
 40
0
 40
1
 40
1
 40
1
 40
1
 10
183.578120
 20
178.348999
 30
0.0
 10
183.500144
 20
178.322313
 30
0.0
 10
183.458303
 20
178.237715
 30
0.0
 10
183.484420
 20
178.159546
 30
0.0
  0
SPLINE
  5
61f
100
AcDbEntity
  8
0
 62
7
100
AcDbSpline
 70
8
 71
3
 72
8
 73
4
 74
0
 40
0
 40
0
 40
0
 40
0
 40
1
 40
1
 40
1
 40
1
 10
183.484420
 20
178.159546
 30
0.0
 10
183.496833
 20
178.121717
 30
0.0
 10
183.523776
 20
178.090375
 30
0.0
 10
183.559313
 20
178.072425
 30
0.0
  0
SPLINE
  5
620
100
AcDbEntity
  8
0
 62
7
100
AcDbSpline
 70
8
 71
3
 72
8
 73
4
 74
0
 40
0
 40
0
 40
0
 40
0
 40
1
 40
1
 40
1
 40
1
 10
183.559313
 20
178.072425
 30
0.0
 10
183.594850
 20
178.054474
 30
0.0
 10
183.636066
 20
178.051388
 30
0.0
 10
183.673880
 20
178.063846
 30
0.0
  0
LWPOLYLINE
  5
621
100
AcDbEntity
  8
0
 62
7
100
AcDbPolyline
 90
2
 70
0
 10
183.792970
 20
178.419309
 30
0.0
 10
183.578120
 20
178.348999
 30
0.0
  0
SPLINE
  5
622
100
AcDbEntity
  8
0
 62
7
100
AcDbSpline
 70
8
 71
3
 72
8
 73
4
 74
0
 40
0
 40
0
 40
0
 40
0
 40
1
 40
1
 40
1
 40
1
 10
183.886770
 20
178.136116
 30
0.0
 10
183.924597
 20
178.148529
 30
0.0
 10
183.955938
 20
178.175471
 30
0.0
 10
183.973888
 20
178.211007
 30
0.0
  0
SPLINE
  5
623
100
AcDbEntity
  8
0
 62
7
100
AcDbSpline
 70
8
 71
3
 72
8
 73
4
 74
0
 40
0
 40
0
 40
0
 40
0
 40
1
 40
1
 40
1
 40
1
 10
183.973888
 20
178.211007
 30
0.0
 10
183.991839
 20
178.246542
 30
0.0
 10
183.994926
 20
178.287756
 30
0.0
 10
183.982470
 20
178.325569
 30
0.0
  0
SPLINE
  5
624
100
AcDbEntity
  8
0
 62
7
100
AcDbSpline
 70
8
 71
3
 72
8
 73
4
 74
0
 40
0
 40
0
 40
0
 40
0
 40
1
 40
1
 40
1
 40
1
 10
183.982470
 20
178.325569
 30
0.0
 10
183.955805
 20
178.403564
 30
0.0
 10
183.871202
 20
178.445430
 30
0.0
 10
183.793020
 20
178.419319
 30
0.0
  0
LWPOLYLINE
  5
625
100
AcDbEntity
  8
0
 62
7
100
AcDbPolyline
 90
2
 70
0
 10
183.673880
 20
178.063846
 30
0.0
 10
183.886770
 20
178.136116
 30
0.0
  0
SPLINE
  5
626
100
AcDbEntity
  8
0
 62
7
100
AcDbSpline
 70
8
 71
3
 72
8
 73
4
 74
0
 40
0
 40
0
 40
0
 40
0
 40
1
 40
1
 40
1
 40
1
 10
183.482420
 20
178.356809
 30
0.0
 10
183.400035
 20
178.355952
 30
0.0
 10
183.333761
 20
178.288808
 30
0.0
 10
183.333980
 20
178.206419
 30
0.0
  0
SPLINE
  5
627
100
AcDbEntity
  8
0
 62
7
100
AcDbSpline
 70
8
 71
3
 72
8
 73
4
 74
0
 40
0
 40
0
 40
0
 40
0
 40
1
 40
1
 40
1
 40
1
 10
183.333980
 20
178.206419
 30
0.0
 10
183.333761
 20
178.124029
 30
0.0
 10
183.400035
 20
178.056885
 30
0.0
 10
183.482420
 20
178.056028
 30
0.0
  0
LWPOLYLINE
  5
628
100
AcDbEntity
  8
0
 62
7
100
AcDbPolyline
 90
1
 70
1
 10
183.793020
 20
178.419319
 30
0.0
  0
SPLINE
  5
629
100
AcDbEntity
  8
0
 62
7
100
AcDbSpline
 70
8
 71
3
 72
8
 73
4
 74
0
 40
0
 40
0
 40
0
 40
0
 40
1
 40
1
 40
1
 40
1
 10
183.625000
 20
178.056028
 30
0.0
 10
183.664918
 20
178.055924
 30
0.0
 10
183.703231
 20
178.071735
 30
0.0
 10
183.731457
 20
178.099962
 30
0.0
  0
SPLINE
  5
62a
100
AcDbEntity
  8
0
 62
7
100
AcDbSpline
 70
8
 71
3
 72
8
 73
4
 74
0
 40
0
 40
0
 40
0
 40
0
 40
1
 40
1
 40
1
 40
1
 10
183.731457
 20
178.099962
 30
0.0
 10
183.759683
 20
178.128188
 30
0.0
 10
183.775494
 20
178.166501
 30
0.0
 10
183.775390
 20
178.206419
 30
0.0
  0
SPLINE
  5
62b
100
AcDbEntity
  8
0
 62
7
100
AcDbSpline
 70
8
 71
3
 72
8
 73
4
 74
0
 40
0
 40
0
 40
0
 40
0
 40
1
 40
1
 40
1
 40
1
 10
183.775390
 20
178.206419
 30
0.0
 10
183.775494
 20
178.246337
 30
0.0
 10
183.759683
 20
178.284649
 30
0.0
 10
183.731457
 20
178.312876
 30
0.0
  0
SPLINE
  5
62c
100
AcDbEntity
  8
0
 62
7
100
AcDbSpline
 70
8
 71
3
 72
8
 73
4
 74
0
 40
0
 40
0
 40
0
 40
0
 40
1
 40
1
 40
1
 40
1
 10
183.731457
 20
178.312876
 30
0.0
 10
183.703230
 20
178.341102
 30
0.0
 10
183.664918
 20
178.356913
 30
0.0
 10
183.625000
 20
178.356809
 30
0.0
  0
LWPOLYLINE
  5
62d
100
AcDbEntity
  8
0
 62
7
100
AcDbPolyline
 90
2
 70
0
 10
183.482420
 20
178.056028
 30
0.0
 10
183.625000
 20
178.056028
 30
0.0
  0
SPLINE
  5
62e
100
AcDbEntity
  8
0
 62
7
100
AcDbSpline
 70
8
 71
3
 72
8
 73
4
 74
0
 40
0
 40
0
 40
0
 40
0
 40
1
 40
1
 40
1
 40
1
 10
183.316410
 20
178.419309
 30
0.0
 10
183.238225
 20
178.445426
 30
0.0
 10
183.153615
 20
178.403559
 30
0.0
 10
183.126950
 20
178.325559
 30
0.0
  0
SPLINE
  5
62f
100
AcDbEntity
  8
0
 62
7
100
AcDbSpline
 70
8
 71
3
 72
8
 73
4
 74
0
 40
0
 40
0
 40
0
 40
0
 40
1
 40
1
 40
1
 40
1
 10
183.126950
 20
178.325559
 30
0.0
 10
183.100833
 20
178.247390
 30
0.0
 10
183.142674
 20
178.162792
 30
0.0
 10
183.220650
 20
178.136106
 30
0.0
  0
LWPOLYLINE
  5
630
100
AcDbEntity
  8
0
 62
7
100
AcDbPolyline
 90
2
 70
0
 10
183.625000
 20
178.356809
 30
0.0
 10
183.482420
 20
178.356809
 30
0.0
  0
SPLINE
  5
631
100
AcDbEntity
  8
0
 62
7
100
AcDbSpline
 70
8
 71
3
 72
8
 73
4
 74
0
 40
0
 40
0
 40
0
 40
0
 40
1
 40
1
 40
1
 40
1
 10
183.435500
 20
178.063836
 30
0.0
 10
183.473313
 20
178.051381
 30
0.0
 10
183.514526
 20
178.054469
 30
0.0
 10
183.550061
 20
178.072419
 30
0.0
  0
SPLINE
  5
632
100
AcDbEntity
  8
0
 62
7
100
AcDbSpline
 70
8
 71
3
 72
8
 73
4
 74
0
 40
0
 40
0
 40
0
 40
0
 40
1
 40
1
 40
1
 40
1
 10
183.550061
 20
178.072419
 30
0.0
 10
183.585595
 20
178.090369
 30
0.0
 10
183.612537
 20
178.121709
 30
0.0
 10
183.624950
 20
178.159536
 30
0.0
  0
SPLINE
  5
633
100
AcDbEntity
  8
0
 62
7
100
AcDbSpline
 70
8
 71
3
 72
8
 73
4
 74
0
 40
0
 40
0
 40
0
 40
0
 40
1
 40
1
 40
1
 40
1
 10
183.624950
 20
178.159536
 30
0.0
 10
183.651067
 20
178.237705
 30
0.0
 10
183.609226
 20
178.322303
 30
0.0
 10
183.531250
 20
178.348989
 30
0.0
  0
LWPOLYLINE
  5
634
100
AcDbEntity
  8
0
 62
7
100
AcDbPolyline
 90
2
 70
0
 10
183.220650
 20
178.136106
 30
0.0
 10
183.435500
 20
178.063836
 30
0.0
  0
SPLINE
  5
635
100
AcDbEntity
  8
0
 62
7
100
AcDbSpline
 70
8
 71
3
 72
8
 73
4
 74
0
 40
0
 40
0
 40
0
 40
0
 40
1
 40
1
 40
1
 40
1
 10
183.019530
 20
178.526731
 30
0.0
 10
182.991167
 20
178.498570
 30
0.0
 10
182.975216
 20
178.460255
 30
0.0
 10
182.975216
 20
178.420286
 30
0.0
  0
SPLINE
  5
636
100
AcDbEntity
  8
0
 62
7
100
AcDbSpline
 70
8
 71
3
 72
8
 73
4
 74
0
 40
0
 40
0
 40
0
 40
0
 40
1
 40
1
 40
1
 40
1
 10
182.975216
 20
178.420286
 30
0.0
 10
182.975216
 20
178.380317
 30
0.0
 10
182.991167
 20
178.342002
 30
0.0
 10
183.019530
 20
178.313841
 30
0.0
  0
LWPOLYLINE
  5
637
100
AcDbEntity
  8
0
 62
7
100
AcDbPolyline
 90
2
 70
0
 10
183.531250
 20
178.348989
 30
0.0
 10
183.316410
 20
178.419309
 30
0.0
  0
SPLINE
  5
638
100
AcDbEntity
  8
0
 62
7
100
AcDbSpline
 70
8
 71
3
 72
8
 73
4
 74
0
 40
0
 40
0
 40
0
 40
0
 40
1
 40
1
 40
1
 40
1
 10
183.162110
 20
178.171263
 30
0.0
 10
183.190271
 20
178.142900
 30
0.0
 10
183.228586
 20
178.126949
 30
0.0
 10
183.268555
 20
178.126949
 30
0.0
  0
SPLINE
  5
639
100
AcDbEntity
  8
0
 62
7
100
AcDbSpline
 70
8
 71
3
 72
8
 73
4
 74
0
 40
0
 40
0
 40
0
 40
0
 40
1
 40
1
 40
1
 40
1
 10
183.268555
 20
178.126949
 30
0.0
 10
183.308524
 20
178.126949
 30
0.0
 10
183.346839
 20
178.142900
 30
0.0
 10
183.375000
 20
178.171263
 30
0.0
  0
SPLINE
  5
63a
100
AcDbEntity
  8
0
 62
7
100
AcDbSpline
 70
8
 71
3
 72
8
 73
4
 74
0
 40
0
 40
0
 40
0
 40
0
 40
1
 40
1
 40
1
 40
1
 10
183.375000
 20
178.171263
 30
0.0
 10
183.403363
 20
178.199424
 30
0.0
 10
183.419314
 20
178.237739
 30
0.0
 10
183.419314
 20
178.277708
 30
0.0
  0
SPLINE
  5
63b
100
AcDbEntity
  8
0
 62
7
100
AcDbSpline
 70
8
 71
3
 72
8
 73
4
 74
0
 40
0
 40
0
 40
0
 40
0
 40
1
 40
1
 40
1
 40
1
 10
183.419314
 20
178.277708
 30
0.0
 10
183.419314
 20
178.317677
 30
0.0
 10
183.403363
 20
178.355992
 30
0.0
 10
183.375000
 20
178.384153
 30
0.0
  0
LWPOLYLINE
  5
63c
100
AcDbEntity
  8
0
 62
7
100
AcDbPolyline
 90
2
 70
0
 10
183.019530
 20
178.313841
 30
0.0
 10
183.162110
 20
178.171263
 30
0.0
  0
SPLINE
  5
63d
100
AcDbEntity
  8
0
 62
7
100
AcDbSpline
 70
8
 71
3
 72
8
 73
4
 74
0
 40
0
 40
0
 40
0
 40
0
 40
1
 40
1
 40
1
 40
1
 10
183.232420
 20
178.526731
 30
0.0
 10
183.204259
 20
178.555094
 30
0.0
 10
183.165944
 20
178.571045
 30
0.0
 10
183.125975
 20
178.571045
 30
0.0
  0
SPLINE
  5
63e
100
AcDbEntity
  8
0
 62
7
100
AcDbSpline
 70
8
 71
3
 72
8
 73
4
 74
0
 40
0
 40
0
 40
0
 40
0
 40
1
 40
1
 40
1
 40
1
 10
183.125975
 20
178.571045
 30
0.0
 10
183.086006
 20
178.571045
 30
0.0
 10
183.047691
 20
178.555094
 30
0.0
 10
183.019530
 20
178.526731
 30
0.0
  0
LWPOLYLINE
  5
63f
100
AcDbEntity
  8
0
 62
7
100
AcDbPolyline
 90
2
 70
0
 10
183.375000
 20
178.384153
 30
0.0
 10
183.232420
 20
178.526731
 30
0.0
  0
SPLINE
  5
640
100
AcDbEntity
  8
0
 62
7
100
AcDbSpline
 70
8
 71
3
 72
8
 73
4
 74
0
 40
0
 40
0
 40
0
 40
0
 40
1
 40
1
 40
1
 40
1
 10
182.988280
 20
178.698606
 30
0.0
 10
182.951973
 20
178.681060
 30
0.0
 10
182.924259
 20
178.649635
 30
0.0
 10
182.911390
 20
178.611419
 30
0.0
  0
SPLINE
  5
641
100
AcDbEntity
  8
0
 62
7
100
AcDbSpline
 70
8
 71
3
 72
8
 73
4
 74
0
 40
0
 40
0
 40
0
 40
0
 40
1
 40
1
 40
1
 40
1
 10
182.911390
 20
178.611419
 30
0.0
 10
182.898521
 20
178.573203
 30
0.0
 10
182.901581
 20
178.531415
 30
0.0
 10
182.919880
 20
178.495481
 30
0.0
  0
LWPOLYLINE
  5
642
100
AcDbEntity
  8
0
 62
7
100
AcDbPolyline
 90
1
 70
1
 10
183.019530
 20
178.526731
 30
0.0
  0
SPLINE
  5
643
100
AcDbEntity
  8
0
 62
7
100
AcDbSpline
 70
8
 71
3
 72
8
 73
4
 74
0
 40
0
 40
0
 40
0
 40
0
 40
1
 40
1
 40
1
 40
1
 10
182.992180
 20
178.352903
 30
0.0
 10
183.029471
 20
178.279104
 30
0.0
 10
183.119451
 20
178.249399
 30
0.0
 10
183.193350
 20
178.286493
 30
0.0
  0
SPLINE
  5
644
100
AcDbEntity
  8
0
 62
7
100
AcDbSpline
 70
8
 71
3
 72
8
 73
4
 74
0
 40
0
 40
0
 40
0
 40
0
 40
1
 40
1
 40
1
 40
1
 10
183.193350
 20
178.286493
 30
0.0
 10
183.267147
 20
178.323788
 30
0.0
 10
183.296846
 20
178.413768
 30
0.0
 10
183.259750
 20
178.487665
 30
0.0
  0
LWPOLYLINE
  5
645
100
AcDbEntity
  8
0
 62
7
100
AcDbPolyline
 90
2
 70
0
 10
182.919880
 20
178.495481
 30
0.0
 10
182.992180
 20
178.352903
 30
0.0
  0
SPLINE
  5
646
100
AcDbEntity
  8
0
 62
7
100
AcDbSpline
 70
8
 71
3
 72
8
 73
4
 74
0
 40
0
 40
0
 40
0
 40
0
 40
1
 40
1
 40
1
 40
1
 10
183.189450
 20
178.630243
 30
0.0
 10
183.171886
 20
178.666030
 30
0.0
 10
183.140800
 20
178.693354
 30
0.0
 10
183.103055
 20
178.706180
 30
0.0
  0
SPLINE
  5
647
100
AcDbEntity
  8
0
 62
7
100
AcDbSpline
 70
8
 71
3
 72
8
 73
4
 74
0
 40
0
 40
0
 40
0
 40
0
 40
1
 40
1
 40
1
 40
1
 10
183.103055
 20
178.706180
 30
0.0
 10
183.065309
 20
178.719006
 30
0.0
 10
183.024011
 20
178.716280
 30
0.0
 10
182.988280
 20
178.698603
 30
0.0
  0
LWPOLYLINE
  5
648
100
AcDbEntity
  8
0
 62
7
100
AcDbPolyline
 90
2
 70
0
 10
183.259750
 20
178.487665
 30
0.0
 10
183.189450
 20
178.630243
 30
0.0
  0
SPLINE
  5
649
100
AcDbEntity
  8
0
 62
7
100
AcDbSpline
 70
8
 71
3
 72
8
 73
4
 74
0
 40
0
 40
0
 40
0
 40
0
 40
1
 40
1
 40
1
 40
1
 10
182.947270
 20
178.995481
 30
0.0
 10
182.908258
 20
178.985907
 30
0.0
 10
182.874715
 20
178.961086
 30
0.0
 10
182.854155
 20
178.926577
 30
0.0
  0
SPLINE
  5
64a
100
AcDbEntity
  8
0
 62
7
100
AcDbSpline
 70
8
 71
3
 72
8
 73
4
 74
0
 40
0
 40
0
 40
0
 40
0
 40
1
 40
1
 40
1
 40
1
 10
182.854155
 20
178.926577
 30
0.0
 10
182.833596
 20
178.892067
 30
0.0
 10
182.827736
 20
178.850753
 30
0.0
 10
182.837890
 20
178.811888
 30
0.0
  0
LWPOLYLINE
  5
64b
100
AcDbEntity
  8
0
 62
7
100
AcDbPolyline
 90
1
 70
1
 10
182.988280
 20
178.698603
 30
0.0
  0
SPLINE
  5
64c
100
AcDbEntity
  8
0
 62
7
100
AcDbSpline
 70
8
 71
3
 72
8
 73
4
 74
0
 40
0
 40
0
 40
0
 40
0
 40
1
 40
1
 40
1
 40
1
 10
182.908190
 20
178.526731
 30
0.0
 10
182.917765
 20
178.487718
 30
0.0
 10
182.942587
 20
178.454176
 30
0.0
 10
182.977098
 20
178.433617
 30
0.0
  0
SPLINE
  5
64d
100
AcDbEntity
  8
0
 62
7
100
AcDbSpline
 70
8
 71
3
 72
8
 73
4
 74
0
 40
0
 40
0
 40
0
 40
0
 40
1
 40
1
 40
1
 40
1
 10
182.977098
 20
178.433617
 30
0.0
 10
183.011609
 20
178.413058
 30
0.0
 10
183.052924
 20
178.407200
 30
0.0
 10
183.091790
 20
178.417356
 30
0.0
  0
SPLINE
  5
64e
100
AcDbEntity
  8
0
 62
7
100
AcDbSpline
 70
8
 71
3
 72
8
 73
4
 74
0
 40
0
 40
0
 40
0
 40
0
 40
1
 40
1
 40
1
 40
1
 10
183.091790
 20
178.417356
 30
0.0
 10
183.171334
 20
178.438221
 30
0.0
 10
183.219248
 20
178.519241
 30
0.0
 10
183.199210
 20
178.598997
 30
0.0
  0
LWPOLYLINE
  5
64f
100
AcDbEntity
  8
0
 62
7
100
AcDbPolyline
 90
2
 70
0
 10
182.837890
 20
178.811888
 30
0.0
 10
182.908190
 20
178.526731
 30
0.0
  0
SPLINE
  5
650
100
AcDbEntity
  8
0
 62
7
100
AcDbSpline
 70
8
 71
3
 72
8
 73
4
 74
0
 40
0
 40
0
 40
0
 40
0
 40
1
 40
1
 40
1
 40
1
 10
183.128910
 20
178.886106
 30
0.0
 10
183.108919
 20
178.966442
 30
0.0
 10
183.027625
 20
179.015393
 30
0.0
 10
182.947270
 20
178.995481
 30
0.0
  0
LWPOLYLINE
  5
651
100
AcDbEntity
  8
0
 62
7
100
AcDbPolyline
 90
2
 70
0
 10
183.199210
 20
178.598997
 30
0.0
 10
183.128910
 20
178.886106
 30
0.0
  0
SPLINE
  5
652
100
AcDbEntity
  8
0
 62
7
100
AcDbSpline
 70
8
 71
3
 72
8
 73
4
 74
0
 40
0
 40
0
 40
0
 40
0
 40
1
 40
1
 40
1
 40
1
 10
182.982420
 20
179.214231
 30
0.0
 10
182.900035
 20
179.213374
 30
0.0
 10
182.833761
 20
179.146230
 30
0.0
 10
182.833980
 20
179.063841
 30
0.0
  0
LWPOLYLINE
  5
653
100
AcDbEntity
  8
0
 62
7
100
AcDbPolyline
 90
1
 70
1
 10
182.947270
 20
178.995481
 30
0.0
  0
SPLINE
  5
654
100
AcDbEntity
  8
0
 62
7
100
AcDbSpline
 70
8
 71
3
 72
8
 73
4
 74
0
 40
0
 40
0
 40
0
 40
0
 40
1
 40
1
 40
1
 40
1
 10
182.833980
 20
178.848997
 30
0.0
 10
182.833761
 20
178.766607
 30
0.0
 10
182.900035
 20
178.699463
 30
0.0
 10
182.982420
 20
178.698606
 30
0.0
  0
SPLINE
  5
655
100
AcDbEntity
  8
0
 62
7
100
AcDbSpline
 70
8
 71
3
 72
8
 73
4
 74
0
 40
0
 40
0
 40
0
 40
0
 40
1
 40
1
 40
1
 40
1
 10
182.982420
 20
178.698606
 30
0.0
 10
183.022338
 20
178.698502
 30
0.0
 10
183.060651
 20
178.714313
 30
0.0
 10
183.088877
 20
178.742540
 30
0.0
  0
SPLINE
  5
656
100
AcDbEntity
  8
0
 62
7
100
AcDbSpline
 70
8
 71
3
 72
8
 73
4
 74
0
 40
0
 40
0
 40
0
 40
0
 40
1
 40
1
 40
1
 40
1
 10
183.088877
 20
178.742540
 30
0.0
 10
183.117103
 20
178.770766
 30
0.0
 10
183.132914
 20
178.809079
 30
0.0
 10
183.132810
 20
178.848997
 30
0.0
  0
LWPOLYLINE
  5
657
100
AcDbEntity
  8
0
 62
7
100
AcDbPolyline
 90
2
 70
0
 10
182.833980
 20
179.063841
 30
0.0
 10
182.833980
 20
178.848997
 30
0.0
  0
SPLINE
  5
658
100
AcDbEntity
  8
0
 62
7
100
AcDbSpline
 70
8
 71
3
 72
8
 73
4
 74
0
 40
0
 40
0
 40
0
 40
0
 40
1
 40
1
 40
1
 40
1
 10
183.132810
 20
179.063841
 30
0.0
 10
183.132914
 20
179.103759
 30
0.0
 10
183.117103
 20
179.142071
 30
0.0
 10
183.088877
 20
179.170298
 30
0.0
  0
SPLINE
  5
659
100
AcDbEntity
  8
0
 62
7
100
AcDbSpline
 70
8
 71
3
 72
8
 73
4
 74
0
 40
0
 40
0
 40
0
 40
0
 40
1
 40
1
 40
1
 40
1
 10
183.088877
 20
179.170298
 30
0.0
 10
183.060650
 20
179.198524
 30
0.0
 10
183.022338
 20
179.214335
 30
0.0
 10
182.982420
 20
179.214231
 30
0.0
  0
LWPOLYLINE
  5
65a
100
AcDbEntity
  8
0
 62
7
100
AcDbPolyline
 90
2
 70
0
 10
183.132810
 20
178.848997
 30
0.0
 10
183.132810
 20
179.063841
 30
0.0
  0
SPLINE
  5
65b
100
AcDbEntity
  8
0
 62
7
100
AcDbSpline
 70
8
 71
3
 72
8
 73
4
 74
0
 40
0
 40
0
 40
0
 40
0
 40
1
 40
1
 40
1
 40
1
 10
183.091800
 20
179.495481
 30
0.0
 10
183.052934
 20
179.505637
 30
0.0
 10
183.011619
 20
179.499779
 30
0.0
 10
182.977108
 20
179.479220
 30
0.0
  0
SPLINE
  5
65c
100
AcDbEntity
  8
0
 62
7
100
AcDbSpline
 70
8
 71
3
 72
8
 73
4
 74
0
 40
0
 40
0
 40
0
 40
0
 40
1
 40
1
 40
1
 40
1
 10
182.977108
 20
179.479220
 30
0.0
 10
182.942597
 20
179.458661
 30
0.0
 10
182.917775
 20
179.425119
 30
0.0
 10
182.908200
 20
179.386106
 30
0.0
  0
LWPOLYLINE
  5
65d
100
AcDbEntity
  8
0
 62
7
100
AcDbPolyline
 90
1
 70
1
 10
182.982420
 20
179.214231
 30
0.0
  0
SPLINE
  5
65e
100
AcDbEntity
  8
0
 62
7
100
AcDbSpline
 70
8
 71
3
 72
8
 73
4
 74
0
 40
0
 40
0
 40
0
 40
0
 40
1
 40
1
 40
1
 40
1
 10
182.837900
 20
179.098997
 30
0.0
 10
182.817988
 20
179.018640
 30
0.0
 10
182.866942
 20
178.937344
 30
0.0
 10
182.947280
 20
178.917356
 30
0.0
  0
SPLINE
  5
65f
100
AcDbEntity
  8
0
 62
7
100
AcDbSpline
 70
8
 71
3
 72
8
 73
4
 74
0
 40
0
 40
0
 40
0
 40
0
 40
1
 40
1
 40
1
 40
1
 10
182.947280
 20
178.917356
 30
0.0
 10
183.027635
 20
178.897444
 30
0.0
 10
183.108929
 20
178.946395
 30
0.0
 10
183.128920
 20
179.026731
 30
0.0
  0
LWPOLYLINE
  5
660
100
AcDbEntity
  8
0
 62
7
100
AcDbPolyline
 90
2
 70
0
 10
182.908200
 20
179.386106
 30
0.0
 10
182.837900
 20
179.098997
 30
0.0
  0
SPLINE
  5
661
100
AcDbEntity
  8
0
 62
7
100
AcDbSpline
 70
8
 71
3
 72
8
 73
4
 74
0
 40
0
 40
0
 40
0
 40
0
 40
1
 40
1
 40
1
 40
1
 10
183.199220
 20
179.311888
 30
0.0
 10
183.209435
 20
179.350483
 30
0.0
 10
183.203842
 20
179.391559
 30
0.0
 10
183.183680
 20
179.426018
 30
0.0
  0
SPLINE
  5
662
100
AcDbEntity
  8
0
 62
7
100
AcDbSpline
 70
8
 71
3
 72
8
 73
4
 74
0
 40
0
 40
0
 40
0
 40
0
 40
1
 40
1
 40
1
 40
1
 10
183.183680
 20
179.426018
 30
0.0
 10
183.163518
 20
179.460477
 30
0.0
 10
183.130450
 20
179.485477
 30
0.0
 10
183.091800
 20
179.495481
 30
0.0
  0
LWPOLYLINE
  5
663
100
AcDbEntity
  8
0
 62
7
100
AcDbPolyline
 90
2
 70
0
 10
183.128920
 20
179.026731
 30
0.0
 10
183.199220
 20
179.311888
 30
0.0
  0
SPLINE
  5
664
100
AcDbEntity
  8
0
 62
7
100
AcDbSpline
 70
8
 71
3
 72
8
 73
4
 74
0
 40
0
 40
0
 40
0
 40
0
 40
1
 40
1
 40
1
 40
1
 10
183.193360
 20
179.626341
 30
0.0
 10
183.119461
 20
179.663435
 30
0.0
 10
183.029481
 20
179.633730
 30
0.0
 10
182.992190
 20
179.559931
 30
0.0
  0
LWPOLYLINE
  5
665
100
AcDbEntity
  8
0
 62
7
100
AcDbPolyline
 90
1
 70
1
 10
183.091800
 20
179.495481
 30
0.0
  0
SPLINE
  5
666
100
AcDbEntity
  8
0
 62
7
100
AcDbSpline
 70
8
 71
3
 72
8
 73
4
 74
0
 40
0
 40
0
 40
0
 40
0
 40
1
 40
1
 40
1
 40
1
 10
182.919890
 20
179.415400
 30
0.0
 10
182.902215
 20
179.379664
 30
0.0
 10
182.899495
 20
179.338361
 30
0.0
 10
182.912329
 20
179.300615
 30
0.0
  0
SPLINE
  5
667
100
AcDbEntity
  8
0
 62
7
100
AcDbSpline
 70
8
 71
3
 72
8
 73
4
 74
0
 40
0
 40
0
 40
0
 40
0
 40
1
 40
1
 40
1
 40
1
 10
182.912329
 20
179.300615
 30
0.0
 10
182.925163
 20
179.262869
 30
0.0
 10
182.952495
 20
179.231784
 30
0.0
 10
182.988290
 20
179.214228
 30
0.0
  0
SPLINE
  5
668
100
AcDbEntity
  8
0
 62
7
100
AcDbSpline
 70
8
 71
3
 72
8
 73
4
 74
0
 40
0
 40
0
 40
0
 40
0
 40
1
 40
1
 40
1
 40
1
 10
182.988290
 20
179.214228
 30
0.0
 10
183.024021
 20
179.196551
 30
0.0
 10
183.065319
 20
179.193825
 30
0.0
 10
183.103065
 20
179.206651
 30
0.0
  0
SPLINE
  5
669
100
AcDbEntity
  8
0
 62
7
100
AcDbSpline
 70
8
 71
3
 72
8
 73
4
 74
0
 40
0
 40
0
 40
0
 40
0
 40
1
 40
1
 40
1
 40
1
 10
183.103065
 20
179.206651
 30
0.0
 10
183.140810
 20
179.219477
 30
0.0
 10
183.171896
 20
179.246801
 30
0.0
 10
183.189460
 20
179.282588
 30
0.0
  0
LWPOLYLINE
  5
66a
100
AcDbEntity
  8
0
 62
7
100
AcDbPolyline
 90
2
 70
0
 10
182.992190
 20
179.559931
 30
0.0
 10
182.919890
 20
179.415400
 30
0.0
  0
SPLINE
  5
66b
100
AcDbEntity
  8
0
 62
7
100
AcDbSpline
 70
8
 71
3
 72
8
 73
4
 74
0
 40
0
 40
0
 40
0
 40
0
 40
1
 40
1
 40
1
 40
1
 10
183.259760
 20
179.425166
 30
0.0
 10
183.296856
 20
179.499063
 30
0.0
 10
183.267157
 20
179.589043
 30
0.0
 10
183.193360
 20
179.626338
 30
0.0
  0
LWPOLYLINE
  5
66c
100
AcDbEntity
  8
0
 62
7
100
AcDbPolyline
 90
2
 70
0
 10
183.189460
 20
179.282588
 30
0.0
 10
183.259760
 20
179.425166
 30
0.0
  0
LWPOLYLINE
  5
66d
100
AcDbEntity
  8
0
 62
7
100
AcDbPolyline
 90
1
 70
1
 10
183.193360
 20
179.626338
 30
0.0
  0
SPLINE
  5
66e
100
AcDbEntity
  8
0
 62
7
100
AcDbSpline
 70
8
 71
3
 72
8
 73
4
 74
0
 40
0
 40
0
 40
0
 40
0
 40
1
 40
1
 40
1
 40
1
 10
183.019530
 20
179.598997
 30
0.0
 10
182.991167
 20
179.570836
 30
0.0
 10
182.975215
 20
179.532520
 30
0.0
 10
182.975215
 20
179.492552
 30
0.0
  0
SPLINE
  5
66f
100
AcDbEntity
  8
0
 62
7
100
AcDbSpline
 70
8
 71
3
 72
8
 73
4
 74
0
 40
0
 40
0
 40
0
 40
0
 40
1
 40
1
 40
1
 40
1
 10
182.975215
 20
179.492552
 30
0.0
 10
182.975215
 20
179.452583
 30
0.0
 10
182.991167
 20
179.414267
 30
0.0
 10
183.019530
 20
179.386106
 30
0.0
  0
SPLINE
  5
670
100
AcDbEntity
  8
0
 62
7
100
AcDbSpline
 70
8
 71
3
 72
8
 73
4
 74
0
 40
0
 40
0
 40
0
 40
0
 40
1
 40
1
 40
1
 40
1
 10
183.019530
 20
179.386106
 30
0.0
 10
183.047691
 20
179.357743
 30
0.0
 10
183.086006
 20
179.341792
 30
0.0
 10
183.125975
 20
179.341792
 30
0.0
  0
SPLINE
  5
671
100
AcDbEntity
  8
0
 62
7
100
AcDbSpline
 70
8
 71
3
 72
8
 73
4
 74
0
 40
0
 40
0
 40
0
 40
0
 40
1
 40
1
 40
1
 40
1
 10
183.125975
 20
179.341792
 30
0.0
 10
183.165944
 20
179.341792
 30
0.0
 10
183.204259
 20
179.357743
 30
0.0
 10
183.232420
 20
179.386106
 30
0.0
  0
LWPOLYLINE
  5
672
100
AcDbEntity
  8
0
 62
7
100
AcDbPolyline
 90
2
 70
0
 10
183.162110
 20
179.741575
 30
0.0
 10
183.019530
 20
179.598997
 30
0.0
  0
SPLINE
  5
673
100
AcDbEntity
  8
0
 62
7
100
AcDbSpline
 70
8
 71
3
 72
8
 73
4
 74
0
 40
0
 40
0
 40
0
 40
0
 40
1
 40
1
 40
1
 40
1
 10
183.375000
 20
179.528684
 30
0.0
 10
183.403363
 20
179.556845
 30
0.0
 10
183.419315
 20
179.595161
 30
0.0
 10
183.419315
 20
179.635130
 30
0.0
  0
SPLINE
  5
674
100
AcDbEntity
  8
0
 62
7
100
AcDbSpline
 70
8
 71
3
 72
8
 73
4
 74
0
 40
0
 40
0
 40
0
 40
0
 40
1
 40
1
 40
1
 40
1
 10
183.419315
 20
179.635130
 30
0.0
 10
183.419315
 20
179.675098
 30
0.0
 10
183.403363
 20
179.713414
 30
0.0
 10
183.375000
 20
179.741575
 30
0.0
  0
SPLINE
  5
675
100
AcDbEntity
  8
0
 62
7
100
AcDbSpline
 70
8
 71
3
 72
8
 73
4
 74
0
 40
0
 40
0
 40
0
 40
0
 40
1
 40
1
 40
1
 40
1
 10
183.375000
 20
179.741575
 30
0.0
 10
183.346839
 20
179.769938
 30
0.0
 10
183.308524
 20
179.785889
 30
0.0
 10
183.268555
 20
179.785889
 30
0.0
  0
SPLINE
  5
676
100
AcDbEntity
  8
0
 62
7
100
AcDbSpline
 70
8
 71
3
 72
8
 73
4
 74
0
 40
0
 40
0
 40
0
 40
0
 40
1
 40
1
 40
1
 40
1
 10
183.268555
 20
179.785889
 30
0.0
 10
183.228586
 20
179.785889
 30
0.0
 10
183.190271
 20
179.769938
 30
0.0
 10
183.162110
 20
179.741575
 30
0.0
  0
LWPOLYLINE
  5
677
100
AcDbEntity
  8
0
 62
7
100
AcDbPolyline
 90
2
 70
0
 10
183.232420
 20
179.386106
 30
0.0
 10
183.375000
 20
179.528684
 30
0.0
  0
LWPOLYLINE
  5
678
100
AcDbEntity
  8
0
 62
7
100
AcDbPolyline
 90
1
 70
1
 10
183.162110
 20
179.741575
 30
0.0
  0
SPLINE
  5
679
100
AcDbEntity
  8
0
 62
7
100
AcDbSpline
 70
8
 71
3
 72
8
 73
4
 74
0
 40
0
 40
0
 40
0
 40
0
 40
1
 40
1
 40
1
 40
1
 10
183.220700
 20
179.776727
 30
0.0
 10
183.142724
 20
179.750041
 30
0.0
 10
183.100883
 20
179.665443
 30
0.0
 10
183.127000
 20
179.587274
 30
0.0
  0
SPLINE
  5
67a
100
AcDbEntity
  8
0
 62
7
100
AcDbSpline
 70
8
 71
3
 72
8
 73
4
 74
0
 40
0
 40
0
 40
0
 40
0
 40
1
 40
1
 40
1
 40
1
 10
183.127000
 20
179.587274
 30
0.0
 10
183.153665
 20
179.509274
 30
0.0
 10
183.238275
 20
179.467407
 30
0.0
 10
183.316460
 20
179.493524
 30
0.0
  0
LWPOLYLINE
  5
67b
100
AcDbEntity
  8
0
 62
7
100
AcDbPolyline
 90
2
 70
0
 10
183.435550
 20
179.848997
 30
0.0
 10
183.220700
 20
179.776727
 30
0.0
  0
SPLINE
  5
67c
100
AcDbEntity
  8
0
 62
7
100
AcDbSpline
 70
8
 71
3
 72
8
 73
4
 74
0
 40
0
 40
0
 40
0
 40
0
 40
1
 40
1
 40
1
 40
1
 10
183.531300
 20
179.563834
 30
0.0
 10
183.609276
 20
179.590520
 30
0.0
 10
183.651117
 20
179.675118
 30
0.0
 10
183.625000
 20
179.753287
 30
0.0
  0
SPLINE
  5
67d
100
AcDbEntity
  8
0
 62
7
100
AcDbSpline
 70
8
 71
3
 72
8
 73
4
 74
0
 40
0
 40
0
 40
0
 40
0
 40
1
 40
1
 40
1
 40
1
 10
183.625000
 20
179.753287
 30
0.0
 10
183.612587
 20
179.791114
 30
0.0
 10
183.585645
 20
179.822454
 30
0.0
 10
183.550111
 20
179.840404
 30
0.0
  0
SPLINE
  5
67e
100
AcDbEntity
  8
0
 62
7
100
AcDbSpline
 70
8
 71
3
 72
8
 73
4
 74
0
 40
0
 40
0
 40
0
 40
0
 40
1
 40
1
 40
1
 40
1
 10
183.550111
 20
179.840404
 30
0.0
 10
183.514576
 20
179.858354
 30
0.0
 10
183.473363
 20
179.861442
 30
0.0
 10
183.435550
 20
179.848987
 30
0.0
  0
LWPOLYLINE
  5
67f
100
AcDbEntity
  8
0
 62
7
100
AcDbPolyline
 90
2
 70
0
 10
183.316460
 20
179.493524
 30
0.0
 10
183.531300
 20
179.563834
 30
0.0
  0
SPLINE
  5
680
100
AcDbEntity
  8
0
 62
7
100
AcDbSpline
 70
8
 71
3
 72
8
 73
4
 74
0
 40
0
 40
0
 40
0
 40
0
 40
1
 40
1
 40
1
 40
1
 10
183.482420
 20
179.856809
 30
0.0
 10
183.400035
 20
179.855952
 30
0.0
 10
183.333761
 20
179.788808
 30
0.0
 10
183.333980
 20
179.706419
 30
0.0
  0
SPLINE
  5
681
100
AcDbEntity
  8
0
 62
7
100
AcDbSpline
 70
8
 71
3
 72
8
 73
4
 74
0
 40
0
 40
0
 40
0
 40
0
 40
1
 40
1
 40
1
 40
1
 10
183.333980
 20
179.706419
 30
0.0
 10
183.333761
 20
179.624029
 30
0.0
 10
183.400035
 20
179.556885
 30
0.0
 10
183.482420
 20
179.556028
 30
0.0
  0
LWPOLYLINE
  5
682
100
AcDbEntity
  8
0
 62
7
100
AcDbPolyline
 90
1
 70
1
 10
183.435550
 20
179.848987
 30
0.0
  0
SPLINE
  5
683
100
AcDbEntity
  8
0
 62
7
100
AcDbSpline
 70
8
 71
3
 72
8
 73
4
 74
0
 40
0
 40
0
 40
0
 40
0
 40
1
 40
1
 40
1
 40
1
 10
183.625000
 20
179.556028
 30
0.0
 10
183.664918
 20
179.555924
 30
0.0
 10
183.703231
 20
179.571735
 30
0.0
 10
183.731457
 20
179.599962
 30
0.0
  0
SPLINE
  5
684
100
AcDbEntity
  8
0
 62
7
100
AcDbSpline
 70
8
 71
3
 72
8
 73
4
 74
0
 40
0
 40
0
 40
0
 40
0
 40
1
 40
1
 40
1
 40
1
 10
183.731457
 20
179.599962
 30
0.0
 10
183.759683
 20
179.628188
 30
0.0
 10
183.775494
 20
179.666501
 30
0.0
 10
183.775390
 20
179.706419
 30
0.0
  0
SPLINE
  5
685
100
AcDbEntity
  8
0
 62
7
100
AcDbSpline
 70
8
 71
3
 72
8
 73
4
 74
0
 40
0
 40
0
 40
0
 40
0
 40
1
 40
1
 40
1
 40
1
 10
183.775390
 20
179.706419
 30
0.0
 10
183.775494
 20
179.746337
 30
0.0
 10
183.759683
 20
179.784649
 30
0.0
 10
183.731457
 20
179.812876
 30
0.0
  0
SPLINE
  5
686
100
AcDbEntity
  8
0
 62
7
100
AcDbSpline
 70
8
 71
3
 72
8
 73
4
 74
0
 40
0
 40
0
 40
0
 40
0
 40
1
 40
1
 40
1
 40
1
 10
183.731457
 20
179.812876
 30
0.0
 10
183.703230
 20
179.841102
 30
0.0
 10
183.664918
 20
179.856913
 30
0.0
 10
183.625000
 20
179.856809
 30
0.0
  0
LWPOLYLINE
  5
687
100
AcDbEntity
  8
0
 62
7
100
AcDbPolyline
 90
2
 70
0
 10
183.482420
 20
179.556028
 30
0.0
 10
183.625000
 20
179.556028
 30
0.0
  0
SPLINE
  5
688
100
AcDbEntity
  8
0
 62
7
100
AcDbSpline
 70
8
 71
3
 72
8
 73
4
 74
0
 40
0
 40
0
 40
0
 40
0
 40
1
 40
1
 40
1
 40
1
 10
183.673830
 20
179.848997
 30
0.0
 10
183.636016
 20
179.861455
 30
0.0
 10
183.594800
 20
179.858369
 30
0.0
 10
183.559263
 20
179.840418
 30
0.0
  0
SPLINE
  5
689
100
AcDbEntity
  8
0
 62
7
100
AcDbSpline
 70
8
 71
3
 72
8
 73
4
 74
0
 40
0
 40
0
 40
0
 40
0
 40
1
 40
1
 40
1
 40
1
 10
183.559263
 20
179.840418
 30
0.0
 10
183.523726
 20
179.822468
 30
0.0
 10
183.496783
 20
179.791126
 30
0.0
 10
183.484370
 20
179.753297
 30
0.0
  0
SPLINE
  5
68a
100
AcDbEntity
  8
0
 62
7
100
AcDbSpline
 70
8
 71
3
 72
8
 73
4
 74
0
 40
0
 40
0
 40
0
 40
0
 40
1
 40
1
 40
1
 40
1
 10
183.484370
 20
179.753297
 30
0.0
 10
183.458253
 20
179.675128
 30
0.0
 10
183.500094
 20
179.590530
 30
0.0
 10
183.578070
 20
179.563844
 30
0.0
  0
LWPOLYLINE
  5
68b
100
AcDbEntity
  8
0
 62
7
100
AcDbPolyline
 90
2
 70
0
 10
183.625000
 20
179.856809
 30
0.0
 10
183.482420
 20
179.856809
 30
0.0
  0
SPLINE
  5
68c
100
AcDbEntity
  8
0
 62
7
100
AcDbSpline
 70
8
 71
3
 72
8
 73
4
 74
0
 40
0
 40
0
 40
0
 40
0
 40
1
 40
1
 40
1
 40
1
 10
183.792920
 20
179.493534
 30
0.0
 10
183.871102
 20
179.467423
 30
0.0
 10
183.955705
 20
179.509289
 30
0.0
 10
183.982370
 20
179.587284
 30
0.0
  0
SPLINE
  5
68d
100
AcDbEntity
  8
0
 62
7
100
AcDbSpline
 70
8
 71
3
 72
8
 73
4
 74
0
 40
0
 40
0
 40
0
 40
0
 40
1
 40
1
 40
1
 40
1
 10
183.982370
 20
179.587284
 30
0.0
 10
183.994826
 20
179.625097
 30
0.0
 10
183.991739
 20
179.666311
 30
0.0
 10
183.973788
 20
179.701846
 30
0.0
  0
SPLINE
  5
68e
100
AcDbEntity
  8
0
 62
7
100
AcDbSpline
 70
8
 71
3
 72
8
 73
4
 74
0
 40
0
 40
0
 40
0
 40
0
 40
1
 40
1
 40
1
 40
1
 10
183.973788
 20
179.701846
 30
0.0
 10
183.955838
 20
179.737382
 30
0.0
 10
183.924497
 20
179.764324
 30
0.0
 10
183.886670
 20
179.776737
 30
0.0
  0
LWPOLYLINE
  5
68f
100
AcDbEntity
  8
0
 62
7
100
AcDbPolyline
 90
2
 70
0
 10
183.578070
 20
179.563844
 30
0.0
 10
183.792920
 20
179.493534
 30
0.0
  0
SPLINE
  5
690
100
AcDbEntity
  8
0
 62
7
100
AcDbSpline
 70
8
 71
3
 72
8
 73
4
 74
0
 40
0
 40
0
 40
0
 40
0
 40
1
 40
1
 40
1
 40
1
 10
183.734370
 20
179.741575
 30
0.0
 10
183.706007
 20
179.713414
 30
0.0
 10
183.690055
 20
179.675098
 30
0.0
 10
183.690055
 20
179.635130
 30
0.0
  0
SPLINE
  5
691
100
AcDbEntity
  8
0
 62
7
100
AcDbSpline
 70
8
 71
3
 72
8
 73
4
 74
0
 40
0
 40
0
 40
0
 40
0
 40
1
 40
1
 40
1
 40
1
 10
183.690055
 20
179.635130
 30
0.0
 10
183.690055
 20
179.595161
 30
0.0
 10
183.706007
 20
179.556845
 30
0.0
 10
183.734370
 20
179.528684
 30
0.0
  0
LWPOLYLINE
  5
692
100
AcDbEntity
  8
0
 62
7
100
AcDbPolyline
 90
2
 70
0
 10
183.886670
 20
179.776737
 30
0.0
 10
183.673830
 20
179.848997
 30
0.0
  0
SPLINE
  5
693
100
AcDbEntity
  8
0
 62
7
100
AcDbSpline
 70
8
 71
3
 72
8
 73
4
 74
0
 40
0
 40
0
 40
0
 40
0
 40
1
 40
1
 40
1
 40
1
 10
183.806670
 20
179.456414
 30
0.0
 10
183.865656
 20
179.399176
 30
0.0
 10
183.959720
 20
179.400068
 30
0.0
 10
184.017610
 20
179.458414
 30
0.0
  0
SPLINE
  5
694
100
AcDbEntity
  8
0
 62
7
100
AcDbSpline
 70
8
 71
3
 72
8
 73
4
 74
0
 40
0
 40
0
 40
0
 40
0
 40
1
 40
1
 40
1
 40
1
 10
184.017610
 20
179.458414
 30
0.0
 10
184.075396
 20
179.516853
 30
0.0
 10
184.075396
 20
179.610912
 30
0.0
 10
184.017610
 20
179.669351
 30
0.0
  0
LWPOLYLINE
  5
695
100
AcDbEntity
  8
0
 62
7
100
AcDbPolyline
 90
2
 70
0
 10
183.734370
 20
179.528684
 30
0.0
 10
183.806670
 20
179.456414
 30
0.0
  0
SPLINE
  5
696
100
AcDbEntity
  8
0
 62
7
100
AcDbSpline
 70
8
 71
3
 72
8
 73
4
 74
0
 40
0
 40
0
 40
0
 40
0
 40
1
 40
1
 40
1
 40
1
 10
183.945310
 20
179.741621
 30
0.0
 10
183.886870
 20
179.799409
 30
0.0
 10
183.792810
 20
179.799409
 30
0.0
 10
183.734370
 20
179.741621
 30
0.0
  0
LWPOLYLINE
  5
697
100
AcDbEntity
  8
0
 62
7
100
AcDbPolyline
 90
2
 70
0
 10
184.017610
 20
179.669351
 30
0.0
 10
183.945310
 20
179.741621
 30
0.0
  0
SPLINE
  5
698
100
AcDbEntity
  8
0
 62
7
100
AcDbSpline
 70
8
 71
3
 72
8
 73
4
 74
0
 40
0
 40
0
 40
0
 40
0
 40
1
 40
1
 40
1
 40
1
 10
185.697270
 20
179.856809
 30
0.0
 10
185.657351
 20
179.856916
 30
0.0
 10
185.619035
 20
179.841106
 30
0.0
 10
185.590807
 20
179.812879
 30
0.0
  0
SPLINE
  5
699
100
AcDbEntity
  8
0
 62
7
100
AcDbSpline
 70
8
 71
3
 72
8
 73
4
 74
0
 40
0
 40
0
 40
0
 40
0
 40
1
 40
1
 40
1
 40
1
 10
185.590807
 20
179.812879
 30
0.0
 10
185.562579
 20
179.784653
 30
0.0
 10
185.546766
 20
179.746338
 30
0.0
 10
185.546870
 20
179.706419
 30
0.0
  0
LWPOLYLINE
  5
69a
100
AcDbEntity
  8
0
 62
7
100
AcDbPolyline
 90
1
 70
1
 10
183.734370
 20
179.741621
 30
0.0
  0
SPLINE
  5
69b
100
AcDbEntity
  8
0
 62
7
100
AcDbSpline
 70
8
 71
3
 72
8
 73
4
 74
0
 40
0
 40
0
 40
0
 40
0
 40
1
 40
1
 40
1
 40
1
 10
185.546870
 20
178.206419
 30
0.0
 10
185.546766
 20
178.166499
 30
0.0
 10
185.562578
 20
178.128185
 30
0.0
 10
185.590807
 20
178.099958
 30
0.0
  0
SPLINE
  5
69c
100
AcDbEntity
  8
0
 62
7
100
AcDbSpline
 70
8
 71
3
 72
8
 73
4
 74
0
 40
0
 40
0
 40
0
 40
0
 40
1
 40
1
 40
1
 40
1
 10
185.590807
 20
178.099958
 30
0.0
 10
185.619035
 20
178.071732
 30
0.0
 10
185.657350
 20
178.055921
 30
0.0
 10
185.697270
 20
178.056028
 30
0.0
  0
SPLINE
  5
69d
100
AcDbEntity
  8
0
 62
7
100
AcDbSpline
 70
8
 71
3
 72
8
 73
4
 74
0
 40
0
 40
0
 40
0
 40
0
 40
1
 40
1
 40
1
 40
1
 10
185.697270
 20
178.056028
 30
0.0
 10
185.737188
 20
178.055924
 30
0.0
 10
185.775501
 20
178.071735
 30
0.0
 10
185.803727
 20
178.099962
 30
0.0
  0
SPLINE
  5
69e
100
AcDbEntity
  8
0
 62
7
100
AcDbSpline
 70
8
 71
3
 72
8
 73
4
 74
0
 40
0
 40
0
 40
0
 40
0
 40
1
 40
1
 40
1
 40
1
 10
185.803727
 20
178.099962
 30
0.0
 10
185.831953
 20
178.128188
 30
0.0
 10
185.847764
 20
178.166501
 30
0.0
 10
185.847660
 20
178.206419
 30
0.0
  0
LWPOLYLINE
  5
69f
100
AcDbEntity
  8
0
 62
7
100
AcDbPolyline
 90
2
 70
0
 10
185.546870
 20
179.706419
 30
0.0
 10
185.546870
 20
178.206419
 30
0.0
  0
SPLINE
  5
6a0
100
AcDbEntity
  8
0
 62
7
100
AcDbSpline
 70
8
 71
3
 72
8
 73
4
 74
0
 40
0
 40
0
 40
0
 40
0
 40
1
 40
1
 40
1
 40
1
 10
185.847660
 20
179.706419
 30
0.0
 10
185.847764
 20
179.746337
 30
0.0
 10
185.831953
 20
179.784649
 30
0.0
 10
185.803727
 20
179.812876
 30
0.0
  0
SPLINE
  5
6a1
100
AcDbEntity
  8
0
 62
7
100
AcDbSpline
 70
8
 71
3
 72
8
 73
4
 74
0
 40
0
 40
0
 40
0
 40
0
 40
1
 40
1
 40
1
 40
1
 10
185.803727
 20
179.812876
 30
0.0
 10
185.775500
 20
179.841102
 30
0.0
 10
185.737188
 20
179.856913
 30
0.0
 10
185.697270
 20
179.856809
 30
0.0
  0
LWPOLYLINE
  5
6a2
100
AcDbEntity
  8
0
 62
7
100
AcDbPolyline
 90
2
 70
0
 10
185.847660
 20
178.206419
 30
0.0
 10
185.847660
 20
179.706419
 30
0.0
  0
SPLINE
  5
6a3
100
AcDbEntity
  8
0
 62
7
100
AcDbSpline
 70
8
 71
3
 72
8
 73
4
 74
0
 40
0
 40
0
 40
0
 40
0
 40
1
 40
1
 40
1
 40
1
 10
185.697270
 20
179.856809
 30
0.0
 10
185.657351
 20
179.856916
 30
0.0
 10
185.619035
 20
179.841106
 30
0.0
 10
185.590807
 20
179.812879
 30
0.0
  0
SPLINE
  5
6a4
100
AcDbEntity
  8
0
 62
7
100
AcDbSpline
 70
8
 71
3
 72
8
 73
4
 74
0
 40
0
 40
0
 40
0
 40
0
 40
1
 40
1
 40
1
 40
1
 10
185.590807
 20
179.812879
 30
0.0
 10
185.562579
 20
179.784653
 30
0.0
 10
185.546766
 20
179.746338
 30
0.0
 10
185.546870
 20
179.706419
 30
0.0
  0
SPLINE
  5
6a5
100
AcDbEntity
  8
0
 62
7
100
AcDbSpline
 70
8
 71
3
 72
8
 73
4
 74
0
 40
0
 40
0
 40
0
 40
0
 40
1
 40
1
 40
1
 40
1
 10
185.546870
 20
179.706419
 30
0.0
 10
185.546766
 20
179.666499
 30
0.0
 10
185.562578
 20
179.628185
 30
0.0
 10
185.590807
 20
179.599958
 30
0.0
  0
SPLINE
  5
6a6
100
AcDbEntity
  8
0
 62
7
100
AcDbSpline
 70
8
 71
3
 72
8
 73
4
 74
0
 40
0
 40
0
 40
0
 40
0
 40
1
 40
1
 40
1
 40
1
 10
185.590807
 20
179.599958
 30
0.0
 10
185.619035
 20
179.571732
 30
0.0
 10
185.657350
 20
179.555921
 30
0.0
 10
185.697270
 20
179.556028
 30
0.0
  0
LWPOLYLINE
  5
6a7
100
AcDbEntity
  8
0
 62
7
100
AcDbPolyline
 90
1
 70
1
 10
185.697270
 20
179.856809
 30
0.0
  0
SPLINE
  5
6a8
100
AcDbEntity
  8
0
 62
7
100
AcDbSpline
 70
8
 71
3
 72
8
 73
4
 74
0
 40
0
 40
0
 40
0
 40
0
 40
1
 40
1
 40
1
 40
1
 10
186.054690
 20
179.556028
 30
0.0
 10
186.094608
 20
179.555924
 30
0.0
 10
186.132921
 20
179.571735
 30
0.0
 10
186.161147
 20
179.599962
 30
0.0
  0
SPLINE
  5
6a9
100
AcDbEntity
  8
0
 62
7
100
AcDbSpline
 70
8
 71
3
 72
8
 73
4
 74
0
 40
0
 40
0
 40
0
 40
0
 40
1
 40
1
 40
1
 40
1
 10
186.161147
 20
179.599962
 30
0.0
 10
186.189373
 20
179.628188
 30
0.0
 10
186.205184
 20
179.666501
 30
0.0
 10
186.205080
 20
179.706419
 30
0.0
  0
SPLINE
  5
6aa
100
AcDbEntity
  8
0
 62
7
100
AcDbSpline
 70
8
 71
3
 72
8
 73
4
 74
0
 40
0
 40
0
 40
0
 40
0
 40
1
 40
1
 40
1
 40
1
 10
186.205080
 20
179.706419
 30
0.0
 10
186.205184
 20
179.746337
 30
0.0
 10
186.189373
 20
179.784649
 30
0.0
 10
186.161147
 20
179.812876
 30
0.0
  0
SPLINE
  5
6ab
100
AcDbEntity
  8
0
 62
7
100
AcDbSpline
 70
8
 71
3
 72
8
 73
4
 74
0
 40
0
 40
0
 40
0
 40
0
 40
1
 40
1
 40
1
 40
1
 10
186.161147
 20
179.812876
 30
0.0
 10
186.132920
 20
179.841102
 30
0.0
 10
186.094608
 20
179.856913
 30
0.0
 10
186.054690
 20
179.856809
 30
0.0
  0
LWPOLYLINE
  5
6ac
100
AcDbEntity
  8
0
 62
7
100
AcDbPolyline
 90
2
 70
0
 10
185.697270
 20
179.556028
 30
0.0
 10
186.054690
 20
179.556028
 30
0.0
  0
SPLINE
  5
6ad
100
AcDbEntity
  8
0
 62
7
100
AcDbSpline
 70
8
 71
3
 72
8
 73
4
 74
0
 40
0
 40
0
 40
0
 40
0
 40
1
 40
1
 40
1
 40
1
 10
186.101560
 20
179.848997
 30
0.0
 10
186.063747
 20
179.861452
 30
0.0
 10
186.022534
 20
179.858364
 30
0.0
 10
185.986999
 20
179.840414
 30
0.0
  0
SPLINE
  5
6ae
100
AcDbEntity
  8
0
 62
7
100
AcDbSpline
 70
8
 71
3
 72
8
 73
4
 74
0
 40
0
 40
0
 40
0
 40
0
 40
1
 40
1
 40
1
 40
1
 10
185.986999
 20
179.840414
 30
0.0
 10
185.951465
 20
179.822464
 30
0.0
 10
185.924523
 20
179.791124
 30
0.0
 10
185.912110
 20
179.753297
 30
0.0
  0
SPLINE
  5
6af
100
AcDbEntity
  8
0
 62
7
100
AcDbSpline
 70
8
 71
3
 72
8
 73
4
 74
0
 40
0
 40
0
 40
0
 40
0
 40
1
 40
1
 40
1
 40
1
 10
185.912110
 20
179.753297
 30
0.0
 10
185.899654
 20
179.715484
 30
0.0
 10
185.902741
 20
179.674270
 30
0.0
 10
185.920692
 20
179.638735
 30
0.0
  0
SPLINE
  5
6b0
100
AcDbEntity
  8
0
 62
7
100
AcDbSpline
 70
8
 71
3
 72
8
 73
4
 74
0
 40
0
 40
0
 40
0
 40
0
 40
1
 40
1
 40
1
 40
1
 10
185.920692
 20
179.638735
 30
0.0
 10
185.938642
 20
179.603199
 30
0.0
 10
185.969983
 20
179.576257
 30
0.0
 10
186.007810
 20
179.563844
 30
0.0
  0
LWPOLYLINE
  5
6b1
100
AcDbEntity
  8
0
 62
7
100
AcDbPolyline
 90
2
 70
0
 10
186.054690
 20
179.856809
 30
0.0
 10
185.697270
 20
179.856809
 30
0.0
  0
SPLINE
  5
6b2
100
AcDbEntity
  8
0
 62
7
100
AcDbSpline
 70
8
 71
3
 72
8
 73
4
 74
0
 40
0
 40
0
 40
0
 40
0
 40
1
 40
1
 40
1
 40
1
 10
186.220700
 20
179.493534
 30
0.0
 10
186.298885
 20
179.467417
 30
0.0
 10
186.383495
 20
179.509284
 30
0.0
 10
186.410160
 20
179.587284
 30
0.0
  0
SPLINE
  5
6b3
100
AcDbEntity
  8
0
 62
7
100
AcDbSpline
 70
8
 71
3
 72
8
 73
4
 74
0
 40
0
 40
0
 40
0
 40
0
 40
1
 40
1
 40
1
 40
1
 10
186.410160
 20
179.587284
 30
0.0
 10
186.436277
 20
179.665453
 30
0.0
 10
186.394436
 20
179.750051
 30
0.0
 10
186.316460
 20
179.776737
 30
0.0
  0
LWPOLYLINE
  5
6b4
100
AcDbEntity
  8
0
 62
7
100
AcDbPolyline
 90
2
 70
0
 10
186.007810
 20
179.563844
 30
0.0
 10
186.220700
 20
179.493534
 30
0.0
  0
SPLINE
  5
6b5
100
AcDbEntity
  8
0
 62
7
100
AcDbSpline
 70
8
 71
3
 72
8
 73
4
 74
0
 40
0
 40
0
 40
0
 40
0
 40
1
 40
1
 40
1
 40
1
 10
186.162110
 20
179.741575
 30
0.0
 10
186.133747
 20
179.713414
 30
0.0
 10
186.117795
 20
179.675098
 30
0.0
 10
186.117795
 20
179.635130
 30
0.0
  0
SPLINE
  5
6b6
100
AcDbEntity
  8
0
 62
7
100
AcDbSpline
 70
8
 71
3
 72
8
 73
4
 74
0
 40
0
 40
0
 40
0
 40
0
 40
1
 40
1
 40
1
 40
1
 10
186.117795
 20
179.635130
 30
0.0
 10
186.117795
 20
179.595161
 30
0.0
 10
186.133747
 20
179.556845
 30
0.0
 10
186.162110
 20
179.528684
 30
0.0
  0
LWPOLYLINE
  5
6b7
100
AcDbEntity
  8
0
 62
7
100
AcDbPolyline
 90
2
 70
0
 10
186.316460
 20
179.776737
 30
0.0
 10
186.101560
 20
179.848997
 30
0.0
  0
SPLINE
  5
6b8
100
AcDbEntity
  8
0
 62
7
100
AcDbSpline
 70
8
 71
3
 72
8
 73
4
 74
0
 40
0
 40
0
 40
0
 40
0
 40
1
 40
1
 40
1
 40
1
 10
186.306640
 20
179.386106
 30
0.0
 10
186.365080
 20
179.328318
 30
0.0
 10
186.459140
 20
179.328318
 30
0.0
 10
186.517580
 20
179.386106
 30
0.0
  0
SPLINE
  5
6b9
100
AcDbEntity
  8
0
 62
7
100
AcDbSpline
 70
8
 71
3
 72
8
 73
4
 74
0
 40
0
 40
0
 40
0
 40
0
 40
1
 40
1
 40
1
 40
1
 10
186.517580
 20
179.386106
 30
0.0
 10
186.545943
 20
179.414267
 30
0.0
 10
186.561895
 20
179.452583
 30
0.0
 10
186.561895
 20
179.492552
 30
0.0
  0
SPLINE
  5
6ba
100
AcDbEntity
  8
0
 62
7
100
AcDbSpline
 70
8
 71
3
 72
8
 73
4
 74
0
 40
0
 40
0
 40
0
 40
0
 40
1
 40
1
 40
1
 40
1
 10
186.561895
 20
179.492552
 30
0.0
 10
186.561895
 20
179.532520
 30
0.0
 10
186.545943
 20
179.570836
 30
0.0
 10
186.517580
 20
179.598997
 30
0.0
  0
LWPOLYLINE
  5
6bb
100
AcDbEntity
  8
0
 62
7
100
AcDbPolyline
 90
2
 70
0
 10
186.162110
 20
179.528684
 30
0.0
 10
186.306640
 20
179.386106
 30
0.0
  0
SPLINE
  5
6bc
100
AcDbEntity
  8
0
 62
7
100
AcDbSpline
 70
8
 71
3
 72
8
 73
4
 74
0
 40
0
 40
0
 40
0
 40
0
 40
1
 40
1
 40
1
 40
1
 10
186.375000
 20
179.741575
 30
0.0
 10
186.346839
 20
179.769938
 30
0.0
 10
186.308524
 20
179.785889
 30
0.0
 10
186.268555
 20
179.785889
 30
0.0
  0
SPLINE
  5
6bd
100
AcDbEntity
  8
0
 62
7
100
AcDbSpline
 70
8
 71
3
 72
8
 73
4
 74
0
 40
0
 40
0
 40
0
 40
0
 40
1
 40
1
 40
1
 40
1
 10
186.268555
 20
179.785889
 30
0.0
 10
186.228586
 20
179.785889
 30
0.0
 10
186.190271
 20
179.769938
 30
0.0
 10
186.162110
 20
179.741575
 30
0.0
  0
LWPOLYLINE
  5
6be
100
AcDbEntity
  8
0
 62
7
100
AcDbPolyline
 90
2
 70
0
 10
186.517580
 20
179.598997
 30
0.0
 10
186.375000
 20
179.741575
 30
0.0
  0
SPLINE
  5
6bf
100
AcDbEntity
  8
0
 62
7
100
AcDbSpline
 70
8
 71
3
 72
8
 73
4
 74
0
 40
0
 40
0
 40
0
 40
0
 40
1
 40
1
 40
1
 40
1
 10
186.343750
 20
179.626341
 30
0.0
 10
186.269953
 20
179.589046
 30
0.0
 10
186.240254
 20
179.499066
 30
0.0
 10
186.277350
 20
179.425169
 30
0.0
  0
LWPOLYLINE
  5
6c0
100
AcDbEntity
  8
0
 62
7
100
AcDbPolyline
 90
1
 70
1
 10
186.162110
 20
179.741575
 30
0.0
  0
SPLINE
  5
6c1
100
AcDbEntity
  8
0
 62
7
100
AcDbSpline
 70
8
 71
3
 72
8
 73
4
 74
0
 40
0
 40
0
 40
0
 40
0
 40
1
 40
1
 40
1
 40
1
 10
186.349650
 20
179.282591
 30
0.0
 10
186.367214
 20
179.246804
 30
0.0
 10
186.398300
 20
179.219480
 30
0.0
 10
186.436045
 20
179.206654
 30
0.0
  0
SPLINE
  5
6c2
100
AcDbEntity
  8
0
 62
7
100
AcDbSpline
 70
8
 71
3
 72
8
 73
4
 74
0
 40
0
 40
0
 40
0
 40
0
 40
1
 40
1
 40
1
 40
1
 10
186.436045
 20
179.206654
 30
0.0
 10
186.473791
 20
179.193828
 30
0.0
 10
186.515089
 20
179.196554
 30
0.0
 10
186.550820
 20
179.214231
 30
0.0
  0
SPLINE
  5
6c3
100
AcDbEntity
  8
0
 62
7
100
AcDbSpline
 70
8
 71
3
 72
8
 73
4
 74
0
 40
0
 40
0
 40
0
 40
0
 40
1
 40
1
 40
1
 40
1
 10
186.550820
 20
179.214231
 30
0.0
 10
186.624617
 20
179.251526
 30
0.0
 10
186.654316
 20
179.341506
 30
0.0
 10
186.617220
 20
179.415403
 30
0.0
  0
LWPOLYLINE
  5
6c4
100
AcDbEntity
  8
0
 62
7
100
AcDbPolyline
 90
2
 70
0
 10
186.277350
 20
179.425169
 30
0.0
 10
186.349650
 20
179.282591
 30
0.0
  0
SPLINE
  5
6c5
100
AcDbEntity
  8
0
 62
7
100
AcDbSpline
 70
8
 71
3
 72
8
 73
4
 74
0
 40
0
 40
0
 40
0
 40
0
 40
1
 40
1
 40
1
 40
1
 10
186.544920
 20
179.559934
 30
0.0
 10
186.507629
 20
179.633733
 30
0.0
 10
186.417649
 20
179.663438
 30
0.0
 10
186.343750
 20
179.626344
 30
0.0
  0
LWPOLYLINE
  5
6c6
100
AcDbEntity
  8
0
 62
7
100
AcDbPolyline
 90
2
 70
0
 10
186.617220
 20
179.415403
 30
0.0
 10
186.544920
 20
179.559934
 30
0.0
  0
SPLINE
  5
6c7
100
AcDbEntity
  8
0
 62
7
100
AcDbSpline
 70
8
 71
3
 72
8
 73
4
 74
0
 40
0
 40
0
 40
0
 40
0
 40
1
 40
1
 40
1
 40
1
 10
186.447270
 20
179.495481
 30
0.0
 10
186.408258
 20
179.485907
 30
0.0
 10
186.374715
 20
179.461086
 30
0.0
 10
186.354155
 20
179.426577
 30
0.0
  0
SPLINE
  5
6c8
100
AcDbEntity
  8
0
 62
7
100
AcDbSpline
 70
8
 71
3
 72
8
 73
4
 74
0
 40
0
 40
0
 40
0
 40
0
 40
1
 40
1
 40
1
 40
1
 10
186.354155
 20
179.426577
 30
0.0
 10
186.333596
 20
179.392067
 30
0.0
 10
186.327736
 20
179.350753
 30
0.0
 10
186.337890
 20
179.311888
 30
0.0
  0
LWPOLYLINE
  5
6c9
100
AcDbEntity
  8
0
 62
7
100
AcDbPolyline
 90
1
 70
1
 10
186.343750
 20
179.626344
 30
0.0
  0
SPLINE
  5
6ca
100
AcDbEntity
  8
0
 62
7
100
AcDbSpline
 70
8
 71
3
 72
8
 73
4
 74
0
 40
0
 40
0
 40
0
 40
0
 40
1
 40
1
 40
1
 40
1
 10
186.408190
 20
179.026731
 30
0.0
 10
186.417765
 20
178.987718
 30
0.0
 10
186.442587
 20
178.954176
 30
0.0
 10
186.477098
 20
178.933617
 30
0.0
  0
SPLINE
  5
6cb
100
AcDbEntity
  8
0
 62
7
100
AcDbSpline
 70
8
 71
3
 72
8
 73
4
 74
0
 40
0
 40
0
 40
0
 40
0
 40
1
 40
1
 40
1
 40
1
 10
186.477098
 20
178.933617
 30
0.0
 10
186.511609
 20
178.913058
 30
0.0
 10
186.552924
 20
178.907200
 30
0.0
 10
186.591790
 20
178.917356
 30
0.0
  0
SPLINE
  5
6cc
100
AcDbEntity
  8
0
 62
7
100
AcDbSpline
 70
8
 71
3
 72
8
 73
4
 74
0
 40
0
 40
0
 40
0
 40
0
 40
1
 40
1
 40
1
 40
1
 10
186.591790
 20
178.917356
 30
0.0
 10
186.671334
 20
178.938221
 30
0.0
 10
186.719248
 20
179.019241
 30
0.0
 10
186.699210
 20
179.098997
 30
0.0
  0
LWPOLYLINE
  5
6cd
100
AcDbEntity
  8
0
 62
7
100
AcDbPolyline
 90
2
 70
0
 10
186.337890
 20
179.311888
 30
0.0
 10
186.408190
 20
179.026731
 30
0.0
  0
SPLINE
  5
6ce
100
AcDbEntity
  8
0
 62
7
100
AcDbSpline
 70
8
 71
3
 72
8
 73
4
 74
0
 40
0
 40
0
 40
0
 40
0
 40
1
 40
1
 40
1
 40
1
 10
186.628910
 20
179.386106
 30
0.0
 10
186.608919
 20
179.466442
 30
0.0
 10
186.527625
 20
179.515393
 30
0.0
 10
186.447270
 20
179.495481
 30
0.0
  0
LWPOLYLINE
  5
6cf
100
AcDbEntity
  8
0
 62
7
100
AcDbPolyline
 90
2
 70
0
 10
186.699210
 20
179.098997
 30
0.0
 10
186.628910
 20
179.386106
 30
0.0
  0
SPLINE
  5
6d0
100
AcDbEntity
  8
0
 62
7
100
AcDbSpline
 70
8
 71
3
 72
8
 73
4
 74
0
 40
0
 40
0
 40
0
 40
0
 40
1
 40
1
 40
1
 40
1
 10
186.554690
 20
179.214231
 30
0.0
 10
186.514772
 20
179.214335
 30
0.0
 10
186.476460
 20
179.198524
 30
0.0
 10
186.448233
 20
179.170298
 30
0.0
  0
SPLINE
  5
6d1
100
AcDbEntity
  8
0
 62
7
100
AcDbSpline
 70
8
 71
3
 72
8
 73
4
 74
0
 40
0
 40
0
 40
0
 40
0
 40
1
 40
1
 40
1
 40
1
 10
186.448233
 20
179.170298
 30
0.0
 10
186.420007
 20
179.142071
 30
0.0
 10
186.404196
 20
179.103759
 30
0.0
 10
186.404300
 20
179.063841
 30
0.0
  0
LWPOLYLINE
  5
6d2
100
AcDbEntity
  8
0
 62
7
100
AcDbPolyline
 90
1
 70
1
 10
186.447270
 20
179.495481
 30
0.0
  0
SPLINE
  5
6d3
100
AcDbEntity
  8
0
 62
7
100
AcDbSpline
 70
8
 71
3
 72
8
 73
4
 74
0
 40
0
 40
0
 40
0
 40
0
 40
1
 40
1
 40
1
 40
1
 10
186.404300
 20
178.848997
 30
0.0
 10
186.404196
 20
178.809079
 30
0.0
 10
186.420007
 20
178.770766
 30
0.0
 10
186.448233
 20
178.742540
 30
0.0
  0
SPLINE
  5
6d4
100
AcDbEntity
  8
0
 62
7
100
AcDbSpline
 70
8
 71
3
 72
8
 73
4
 74
0
 40
0
 40
0
 40
0
 40
0
 40
1
 40
1
 40
1
 40
1
 10
186.448233
 20
178.742540
 30
0.0
 10
186.476459
 20
178.714313
 30
0.0
 10
186.514772
 20
178.698502
 30
0.0
 10
186.554690
 20
178.698606
 30
0.0
  0
SPLINE
  5
6d5
100
AcDbEntity
  8
0
 62
7
100
AcDbSpline
 70
8
 71
3
 72
8
 73
4
 74
0
 40
0
 40
0
 40
0
 40
0
 40
1
 40
1
 40
1
 40
1
 10
186.554690
 20
178.698606
 30
0.0
 10
186.594608
 20
178.698502
 30
0.0
 10
186.632921
 20
178.714313
 30
0.0
 10
186.661147
 20
178.742540
 30
0.0
  0
SPLINE
  5
6d6
100
AcDbEntity
  8
0
 62
7
100
AcDbSpline
 70
8
 71
3
 72
8
 73
4
 74
0
 40
0
 40
0
 40
0
 40
0
 40
1
 40
1
 40
1
 40
1
 10
186.661147
 20
178.742540
 30
0.0
 10
186.689373
 20
178.770766
 30
0.0
 10
186.705184
 20
178.809079
 30
0.0
 10
186.705080
 20
178.848997
 30
0.0
  0
LWPOLYLINE
  5
6d7
100
AcDbEntity
  8
0
 62
7
100
AcDbPolyline
 90
2
 70
0
 10
186.404300
 20
179.063841
 30
0.0
 10
186.404300
 20
178.848997
 30
0.0
  0
SPLINE
  5
6d8
100
AcDbEntity
  8
0
 62
7
100
AcDbSpline
 70
8
 71
3
 72
8
 73
4
 74
0
 40
0
 40
0
 40
0
 40
0
 40
1
 40
1
 40
1
 40
1
 10
186.705080
 20
179.063841
 30
0.0
 10
186.705184
 20
179.103759
 30
0.0
 10
186.689373
 20
179.142071
 30
0.0
 10
186.661147
 20
179.170298
 30
0.0
  0
SPLINE
  5
6d9
100
AcDbEntity
  8
0
 62
7
100
AcDbSpline
 70
8
 71
3
 72
8
 73
4
 74
0
 40
0
 40
0
 40
0
 40
0
 40
1
 40
1
 40
1
 40
1
 10
186.661147
 20
179.170298
 30
0.0
 10
186.632920
 20
179.198524
 30
0.0
 10
186.594608
 20
179.214335
 30
0.0
 10
186.554690
 20
179.214231
 30
0.0
  0
LWPOLYLINE
  5
6da
100
AcDbEntity
  8
0
 62
7
100
AcDbPolyline
 90
2
 70
0
 10
186.705080
 20
178.848997
 30
0.0
 10
186.705080
 20
179.063841
 30
0.0
  0
SPLINE
  5
6db
100
AcDbEntity
  8
0
 62
7
100
AcDbSpline
 70
8
 71
3
 72
8
 73
4
 74
0
 40
0
 40
0
 40
0
 40
0
 40
1
 40
1
 40
1
 40
1
 10
186.591800
 20
178.995481
 30
0.0
 10
186.552934
 20
179.005637
 30
0.0
 10
186.511619
 20
178.999779
 30
0.0
 10
186.477108
 20
178.979220
 30
0.0
  0
SPLINE
  5
6dc
100
AcDbEntity
  8
0
 62
7
100
AcDbSpline
 70
8
 71
3
 72
8
 73
4
 74
0
 40
0
 40
0
 40
0
 40
0
 40
1
 40
1
 40
1
 40
1
 10
186.477108
 20
178.979220
 30
0.0
 10
186.442597
 20
178.958661
 30
0.0
 10
186.417775
 20
178.925119
 30
0.0
 10
186.408200
 20
178.886106
 30
0.0
  0
LWPOLYLINE
  5
6dd
100
AcDbEntity
  8
0
 62
7
100
AcDbPolyline
 90
1
 70
1
 10
186.554690
 20
179.214231
 30
0.0
  0
SPLINE
  5
6de
100
AcDbEntity
  8
0
 62
7
100
AcDbSpline
 70
8
 71
3
 72
8
 73
4
 74
0
 40
0
 40
0
 40
0
 40
0
 40
1
 40
1
 40
1
 40
1
 10
186.337900
 20
178.598997
 30
0.0
 10
186.317988
 20
178.518640
 30
0.0
 10
186.366942
 20
178.437344
 30
0.0
 10
186.447280
 20
178.417356
 30
0.0
  0
SPLINE
  5
6df
100
AcDbEntity
  8
0
 62
7
100
AcDbSpline
 70
8
 71
3
 72
8
 73
4
 74
0
 40
0
 40
0
 40
0
 40
0
 40
1
 40
1
 40
1
 40
1
 10
186.447280
 20
178.417356
 30
0.0
 10
186.527635
 20
178.397444
 30
0.0
 10
186.608929
 20
178.446395
 30
0.0
 10
186.628920
 20
178.526731
 30
0.0
  0
LWPOLYLINE
  5
6e0
100
AcDbEntity
  8
0
 62
7
100
AcDbPolyline
 90
2
 70
0
 10
186.408200
 20
178.886106
 30
0.0
 10
186.337900
 20
178.598997
 30
0.0
  0
SPLINE
  5
6e1
100
AcDbEntity
  8
0
 62
7
100
AcDbSpline
 70
8
 71
3
 72
8
 73
4
 74
0
 40
0
 40
0
 40
0
 40
0
 40
1
 40
1
 40
1
 40
1
 10
186.699220
 20
178.811888
 30
0.0
 10
186.709435
 20
178.850483
 30
0.0
 10
186.703842
 20
178.891559
 30
0.0
 10
186.683680
 20
178.926018
 30
0.0
  0
SPLINE
  5
6e2
100
AcDbEntity
  8
0
 62
7
100
AcDbSpline
 70
8
 71
3
 72
8
 73
4
 74
0
 40
0
 40
0
 40
0
 40
0
 40
1
 40
1
 40
1
 40
1
 10
186.683680
 20
178.926018
 30
0.0
 10
186.663518
 20
178.960477
 30
0.0
 10
186.630450
 20
178.985477
 30
0.0
 10
186.591800
 20
178.995481
 30
0.0
  0
LWPOLYLINE
  5
6e3
100
AcDbEntity
  8
0
 62
7
100
AcDbPolyline
 90
2
 70
0
 10
186.628920
 20
178.526731
 30
0.0
 10
186.699220
 20
178.811888
 30
0.0
  0
SPLINE
  5
6e4
100
AcDbEntity
  8
0
 62
7
100
AcDbSpline
 70
8
 71
3
 72
8
 73
4
 74
0
 40
0
 40
0
 40
0
 40
0
 40
1
 40
1
 40
1
 40
1
 10
186.550780
 20
178.698606
 30
0.0
 10
186.515049
 20
178.716283
 30
0.0
 10
186.473751
 20
178.719009
 30
0.0
 10
186.436005
 20
178.706183
 30
0.0
  0
SPLINE
  5
6e5
100
AcDbEntity
  8
0
 62
7
100
AcDbSpline
 70
8
 71
3
 72
8
 73
4
 74
0
 40
0
 40
0
 40
0
 40
0
 40
1
 40
1
 40
1
 40
1
 10
186.436005
 20
178.706183
 30
0.0
 10
186.398260
 20
178.693357
 30
0.0
 10
186.367174
 20
178.666033
 30
0.0
 10
186.349610
 20
178.630246
 30
0.0
  0
LWPOLYLINE
  5
6e6
100
AcDbEntity
  8
0
 62
7
100
AcDbPolyline
 90
1
 70
1
 10
186.591800
 20
178.995481
 30
0.0
  0
SPLINE
  5
6e7
100
AcDbEntity
  8
0
 62
7
100
AcDbSpline
 70
8
 71
3
 72
8
 73
4
 74
0
 40
0
 40
0
 40
0
 40
0
 40
1
 40
1
 40
1
 40
1
 10
186.277310
 20
178.487668
 30
0.0
 10
186.240214
 20
178.413771
 30
0.0
 10
186.269913
 20
178.323791
 30
0.0
 10
186.343710
 20
178.286496
 30
0.0
  0
SPLINE
  5
6e8
100
AcDbEntity
  8
0
 62
7
100
AcDbSpline
 70
8
 71
3
 72
8
 73
4
 74
0
 40
0
 40
0
 40
0
 40
0
 40
1
 40
1
 40
1
 40
1
 10
186.343710
 20
178.286496
 30
0.0
 10
186.417609
 20
178.249402
 30
0.0
 10
186.507589
 20
178.279107
 30
0.0
 10
186.544880
 20
178.352906
 30
0.0
  0
LWPOLYLINE
  5
6e9
100
AcDbEntity
  8
0
 62
7
100
AcDbPolyline
 90
2
 70
0
 10
186.349610
 20
178.630246
 30
0.0
 10
186.277310
 20
178.487668
 30
0.0
  0
SPLINE
  5
6ea
100
AcDbEntity
  8
0
 62
7
100
AcDbSpline
 70
8
 71
3
 72
8
 73
4
 74
0
 40
0
 40
0
 40
0
 40
0
 40
1
 40
1
 40
1
 40
1
 10
186.617180
 20
178.495484
 30
0.0
 10
186.635618
 20
178.531171
 30
0.0
 10
186.638972
 20
178.572762
 30
0.0
 10
186.626491
 20
178.610943
 30
0.0
  0
SPLINE
  5
6eb
100
AcDbEntity
  8
0
 62
7
100
AcDbSpline
 70
8
 71
3
 72
8
 73
4
 74
0
 40
0
 40
0
 40
0
 40
0
 40
1
 40
1
 40
1
 40
1
 10
186.626491
 20
178.610943
 30
0.0
 10
186.614010
 20
178.649124
 30
0.0
 10
186.586737
 20
178.680703
 30
0.0
 10
186.550780
 20
178.698609
 30
0.0
  0
LWPOLYLINE
  5
6ec
100
AcDbEntity
  8
0
 62
7
100
AcDbPolyline
 90
2
 70
0
 10
186.544880
 20
178.352906
 30
0.0
 10
186.617180
 20
178.495484
 30
0.0
  0
LWPOLYLINE
  5
6ed
100
AcDbEntity
  8
0
 62
7
100
AcDbPolyline
 90
1
 70
1
 10
186.550780
 20
178.698609
 30
0.0
  0
SPLINE
  5
6ee
100
AcDbEntity
  8
0
 62
7
100
AcDbSpline
 70
8
 71
3
 72
8
 73
4
 74
0
 40
0
 40
0
 40
0
 40
0
 40
1
 40
1
 40
1
 40
1
 10
186.162110
 20
178.384153
 30
0.0
 10
186.133747
 20
178.355992
 30
0.0
 10
186.117796
 20
178.317677
 30
0.0
 10
186.117796
 20
178.277708
 30
0.0
  0
SPLINE
  5
6ef
100
AcDbEntity
  8
0
 62
7
100
AcDbSpline
 70
8
 71
3
 72
8
 73
4
 74
0
 40
0
 40
0
 40
0
 40
0
 40
1
 40
1
 40
1
 40
1
 10
186.117796
 20
178.277708
 30
0.0
 10
186.117796
 20
178.237739
 30
0.0
 10
186.133747
 20
178.199424
 30
0.0
 10
186.162110
 20
178.171263
 30
0.0
  0
SPLINE
  5
6f0
100
AcDbEntity
  8
0
 62
7
100
AcDbSpline
 70
8
 71
3
 72
8
 73
4
 74
0
 40
0
 40
0
 40
0
 40
0
 40
1
 40
1
 40
1
 40
1
 10
186.162110
 20
178.171263
 30
0.0
 10
186.190271
 20
178.142900
 30
0.0
 10
186.228586
 20
178.126949
 30
0.0
 10
186.268555
 20
178.126949
 30
0.0
  0
SPLINE
  5
6f1
100
AcDbEntity
  8
0
 62
7
100
AcDbSpline
 70
8
 71
3
 72
8
 73
4
 74
0
 40
0
 40
0
 40
0
 40
0
 40
1
 40
1
 40
1
 40
1
 10
186.268555
 20
178.126949
 30
0.0
 10
186.308524
 20
178.126949
 30
0.0
 10
186.346839
 20
178.142900
 30
0.0
 10
186.375000
 20
178.171263
 30
0.0
  0
LWPOLYLINE
  5
6f2
100
AcDbEntity
  8
0
 62
7
100
AcDbPolyline
 90
2
 70
0
 10
186.304690
 20
178.526731
 30
0.0
 10
186.162110
 20
178.384153
 30
0.0
  0
SPLINE
  5
6f3
100
AcDbEntity
  8
0
 62
7
100
AcDbSpline
 70
8
 71
3
 72
8
 73
4
 74
0
 40
0
 40
0
 40
0
 40
0
 40
1
 40
1
 40
1
 40
1
 10
186.517580
 20
178.313841
 30
0.0
 10
186.545943
 20
178.342002
 30
0.0
 10
186.561894
 20
178.380317
 30
0.0
 10
186.561894
 20
178.420286
 30
0.0
  0
SPLINE
  5
6f4
100
AcDbEntity
  8
0
 62
7
100
AcDbSpline
 70
8
 71
3
 72
8
 73
4
 74
0
 40
0
 40
0
 40
0
 40
0
 40
1
 40
1
 40
1
 40
1
 10
186.561894
 20
178.420286
 30
0.0
 10
186.561894
 20
178.460255
 30
0.0
 10
186.545943
 20
178.498570
 30
0.0
 10
186.517580
 20
178.526731
 30
0.0
  0
SPLINE
  5
6f5
100
AcDbEntity
  8
0
 62
7
100
AcDbSpline
 70
8
 71
3
 72
8
 73
4
 74
0
 40
0
 40
0
 40
0
 40
0
 40
1
 40
1
 40
1
 40
1
 10
186.517580
 20
178.526731
 30
0.0
 10
186.489419
 20
178.555094
 30
0.0
 10
186.451104
 20
178.571045
 30
0.0
 10
186.411135
 20
178.571045
 30
0.0
  0
SPLINE
  5
6f6
100
AcDbEntity
  8
0
 62
7
100
AcDbSpline
 70
8
 71
3
 72
8
 73
4
 74
0
 40
0
 40
0
 40
0
 40
0
 40
1
 40
1
 40
1
 40
1
 10
186.411135
 20
178.571045
 30
0.0
 10
186.371166
 20
178.571045
 30
0.0
 10
186.332851
 20
178.555094
 30
0.0
 10
186.304690
 20
178.526731
 30
0.0
  0
LWPOLYLINE
  5
6f7
100
AcDbEntity
  8
0
 62
7
100
AcDbPolyline
 90
2
 70
0
 10
186.375000
 20
178.171263
 30
0.0
 10
186.517580
 20
178.313841
 30
0.0
  0
LWPOLYLINE
  5
6f8
100
AcDbEntity
  8
0
 62
7
100
AcDbPolyline
 90
1
 70
1
 10
186.304690
 20
178.526731
 30
0.0
  0
SPLINE
  5
6f9
100
AcDbEntity
  8
0
 62
7
100
AcDbSpline
 70
8
 71
3
 72
8
 73
4
 74
0
 40
0
 40
0
 40
0
 40
0
 40
1
 40
1
 40
1
 40
1
 10
186.007810
 20
178.348999
 30
0.0
 10
185.969983
 20
178.336586
 30
0.0
 10
185.938642
 20
178.309644
 30
0.0
 10
185.920692
 20
178.274108
 30
0.0
  0
SPLINE
  5
6fa
100
AcDbEntity
  8
0
 62
7
100
AcDbSpline
 70
8
 71
3
 72
8
 73
4
 74
0
 40
0
 40
0
 40
0
 40
0
 40
1
 40
1
 40
1
 40
1
 10
185.920692
 20
178.274108
 30
0.0
 10
185.902741
 20
178.238573
 30
0.0
 10
185.899654
 20
178.197359
 30
0.0
 10
185.912110
 20
178.159546
 30
0.0
  0
SPLINE
  5
6fb
100
AcDbEntity
  8
0
 62
7
100
AcDbSpline
 70
8
 71
3
 72
8
 73
4
 74
0
 40
0
 40
0
 40
0
 40
0
 40
1
 40
1
 40
1
 40
1
 10
185.912110
 20
178.159546
 30
0.0
 10
185.924523
 20
178.121719
 30
0.0
 10
185.951465
 20
178.090379
 30
0.0
 10
185.986999
 20
178.072429
 30
0.0
  0
SPLINE
  5
6fc
100
AcDbEntity
  8
0
 62
7
100
AcDbSpline
 70
8
 71
3
 72
8
 73
4
 74
0
 40
0
 40
0
 40
0
 40
0
 40
1
 40
1
 40
1
 40
1
 10
185.986999
 20
178.072429
 30
0.0
 10
186.022534
 20
178.054479
 30
0.0
 10
186.063747
 20
178.051391
 30
0.0
 10
186.101560
 20
178.063846
 30
0.0
  0
LWPOLYLINE
  5
6fd
100
AcDbEntity
  8
0
 62
7
100
AcDbPolyline
 90
2
 70
0
 10
186.220700
 20
178.419309
 30
0.0
 10
186.007810
 20
178.348999
 30
0.0
  0
SPLINE
  5
6fe
100
AcDbEntity
  8
0
 62
7
100
AcDbSpline
 70
8
 71
3
 72
8
 73
4
 74
0
 40
0
 40
0
 40
0
 40
0
 40
1
 40
1
 40
1
 40
1
 10
186.316410
 20
178.136116
 30
0.0
 10
186.394386
 20
178.162802
 30
0.0
 10
186.436227
 20
178.247400
 30
0.0
 10
186.410110
 20
178.325569
 30
0.0
  0
SPLINE
  5
6ff
100
AcDbEntity
  8
0
 62
7
100
AcDbSpline
 70
8
 71
3
 72
8
 73
4
 74
0
 40
0
 40
0
 40
0
 40
0
 40
1
 40
1
 40
1
 40
1
 10
186.410110
 20
178.325569
 30
0.0
 10
186.383445
 20
178.403569
 30
0.0
 10
186.298835
 20
178.445436
 30
0.0
 10
186.220650
 20
178.419319
 30
0.0
  0
LWPOLYLINE
  5
700
100
AcDbEntity
  8
0
 62
7
100
AcDbPolyline
 90
2
 70
0
 10
186.101560
 20
178.063846
 30
0.0
 10
186.316410
 20
178.136116
 30
0.0
  0
SPLINE
  5
701
100
AcDbEntity
  8
0
 62
7
100
AcDbSpline
 70
8
 71
3
 72
8
 73
4
 74
0
 40
0
 40
0
 40
0
 40
0
 40
1
 40
1
 40
1
 40
1
 10
185.697270
 20
178.356809
 30
0.0
 10
185.657351
 20
178.356916
 30
0.0
 10
185.619035
 20
178.341106
 30
0.0
 10
185.590807
 20
178.312879
 30
0.0
  0
SPLINE
  5
702
100
AcDbEntity
  8
0
 62
7
100
AcDbSpline
 70
8
 71
3
 72
8
 73
4
 74
0
 40
0
 40
0
 40
0
 40
0
 40
1
 40
1
 40
1
 40
1
 10
185.590807
 20
178.312879
 30
0.0
 10
185.562579
 20
178.284653
 30
0.0
 10
185.546766
 20
178.246338
 30
0.0
 10
185.546870
 20
178.206419
 30
0.0
  0
SPLINE
  5
703
100
AcDbEntity
  8
0
 62
7
100
AcDbSpline
 70
8
 71
3
 72
8
 73
4
 74
0
 40
0
 40
0
 40
0
 40
0
 40
1
 40
1
 40
1
 40
1
 10
185.546870
 20
178.206419
 30
0.0
 10
185.546766
 20
178.166499
 30
0.0
 10
185.562578
 20
178.128185
 30
0.0
 10
185.590807
 20
178.099958
 30
0.0
  0
SPLINE
  5
704
100
AcDbEntity
  8
0
 62
7
100
AcDbSpline
 70
8
 71
3
 72
8
 73
4
 74
0
 40
0
 40
0
 40
0
 40
0
 40
1
 40
1
 40
1
 40
1
 10
185.590807
 20
178.099958
 30
0.0
 10
185.619035
 20
178.071732
 30
0.0
 10
185.657350
 20
178.055921
 30
0.0
 10
185.697270
 20
178.056028
 30
0.0
  0
LWPOLYLINE
  5
705
100
AcDbEntity
  8
0
 62
7
100
AcDbPolyline
 90
1
 70
1
 10
186.220650
 20
178.419319
 30
0.0
  0
SPLINE
  5
706
100
AcDbEntity
  8
0
 62
7
100
AcDbSpline
 70
8
 71
3
 72
8
 73
4
 74
0
 40
0
 40
0
 40
0
 40
0
 40
1
 40
1
 40
1
 40
1
 10
186.054690
 20
178.056028
 30
0.0
 10
186.094608
 20
178.055924
 30
0.0
 10
186.132921
 20
178.071735
 30
0.0
 10
186.161147
 20
178.099962
 30
0.0
  0
SPLINE
  5
707
100
AcDbEntity
  8
0
 62
7
100
AcDbSpline
 70
8
 71
3
 72
8
 73
4
 74
0
 40
0
 40
0
 40
0
 40
0
 40
1
 40
1
 40
1
 40
1
 10
186.161147
 20
178.099962
 30
0.0
 10
186.189373
 20
178.128188
 30
0.0
 10
186.205184
 20
178.166501
 30
0.0
 10
186.205080
 20
178.206419
 30
0.0
  0
SPLINE
  5
708
100
AcDbEntity
  8
0
 62
7
100
AcDbSpline
 70
8
 71
3
 72
8
 73
4
 74
0
 40
0
 40
0
 40
0
 40
0
 40
1
 40
1
 40
1
 40
1
 10
186.205080
 20
178.206419
 30
0.0
 10
186.205184
 20
178.246337
 30
0.0
 10
186.189373
 20
178.284649
 30
0.0
 10
186.161147
 20
178.312876
 30
0.0
  0
SPLINE
  5
709
100
AcDbEntity
  8
0
 62
7
100
AcDbSpline
 70
8
 71
3
 72
8
 73
4
 74
0
 40
0
 40
0
 40
0
 40
0
 40
1
 40
1
 40
1
 40
1
 10
186.161147
 20
178.312876
 30
0.0
 10
186.132920
 20
178.341102
 30
0.0
 10
186.094608
 20
178.356913
 30
0.0
 10
186.054690
 20
178.356809
 30
0.0
  0
LWPOLYLINE
  5
70a
100
AcDbEntity
  8
0
 62
7
100
AcDbPolyline
 90
2
 70
0
 10
185.697270
 20
178.056028
 30
0.0
 10
186.054690
 20
178.056028
 30
0.0
  0
SPLINE
  5
70b
100
AcDbEntity
  8
0
 62
7
100
AcDbSpline
 70
8
 71
3
 72
8
 73
4
 74
0
 40
0
 40
0
 40
0
 40
0
 40
1
 40
1
 40
1
 40
1
 10
187.468750
 20
179.044309
 30
0.0
 10
187.436099
 20
179.021530
 30
0.0
 10
187.413842
 20
178.986706
 30
0.0
 10
187.406883
 20
178.947507
 30
0.0
  0
SPLINE
  5
70c
100
AcDbEntity
  8
0
 62
7
100
AcDbSpline
 70
8
 71
3
 72
8
 73
4
 74
0
 40
0
 40
0
 40
0
 40
0
 40
1
 40
1
 40
1
 40
1
 10
187.406883
 20
178.947507
 30
0.0
 10
187.399925
 20
178.908308
 30
0.0
 10
187.408834
 20
178.867951
 30
0.0
 10
187.431650
 20
178.835325
 30
0.0
  0
LWPOLYLINE
  5
70d
100
AcDbEntity
  8
0
 62
7
100
AcDbPolyline
 90
2
 70
0
 10
186.054690
 20
178.356809
 30
0.0
 10
185.697270
 20
178.356809
 30
0.0
  0
SPLINE
  5
70e
100
AcDbEntity
  8
0
 62
7
100
AcDbSpline
 70
8
 71
3
 72
8
 73
4
 74
0
 40
0
 40
0
 40
0
 40
0
 40
1
 40
1
 40
1
 40
1
 10
187.931650
 20
178.120481
 30
0.0
 10
187.954427
 20
178.087829
 30
0.0
 10
187.989250
 20
178.065572
 30
0.0
 10
188.028448
 20
178.058611
 30
0.0
  0
SPLINE
  5
70f
100
AcDbEntity
  8
0
 62
7
100
AcDbSpline
 70
8
 71
3
 72
8
 73
4
 74
0
 40
0
 40
0
 40
0
 40
0
 40
1
 40
1
 40
1
 40
1
 10
188.028448
 20
178.058611
 30
0.0
 10
188.067646
 20
178.051650
 30
0.0
 10
188.108004
 20
178.060558
 30
0.0
 10
188.140630
 20
178.083371
 30
0.0
  0
SPLINE
  5
710
100
AcDbEntity
  8
0
 62
7
100
AcDbSpline
 70
8
 71
3
 72
8
 73
4
 74
0
 40
0
 40
0
 40
0
 40
0
 40
1
 40
1
 40
1
 40
1
 10
188.140630
 20
178.083371
 30
0.0
 10
188.173281
 20
178.106150
 30
0.0
 10
188.195538
 20
178.140974
 30
0.0
 10
188.202497
 20
178.180173
 30
0.0
  0
SPLINE
  5
711
100
AcDbEntity
  8
0
 62
7
100
AcDbSpline
 70
8
 71
3
 72
8
 73
4
 74
0
 40
0
 40
0
 40
0
 40
0
 40
1
 40
1
 40
1
 40
1
 10
188.202497
 20
178.180173
 30
0.0
 10
188.209455
 20
178.219372
 30
0.0
 10
188.200546
 20
178.259729
 30
0.0
 10
188.177730
 20
178.292355
 30
0.0
  0
LWPOLYLINE
  5
712
100
AcDbEntity
  8
0
 62
7
100
AcDbPolyline
 90
2
 70
0
 10
187.431650
 20
178.835325
 30
0.0
 10
187.931650
 20
178.120481
 30
0.0
  0
SPLINE
  5
713
100
AcDbEntity
  8
0
 62
7
100
AcDbSpline
 70
8
 71
3
 72
8
 73
4
 74
0
 40
0
 40
0
 40
0
 40
0
 40
1
 40
1
 40
1
 40
1
 10
187.677730
 20
179.007200
 30
0.0
 10
187.654953
 20
179.039852
 30
0.0
 10
187.620130
 20
179.062109
 30
0.0
 10
187.580932
 20
179.069070
 30
0.0
  0
SPLINE
  5
714
100
AcDbEntity
  8
0
 62
7
100
AcDbSpline
 70
8
 71
3
 72
8
 73
4
 74
0
 40
0
 40
0
 40
0
 40
0
 40
1
 40
1
 40
1
 40
1
 10
187.580932
 20
179.069070
 30
0.0
 10
187.541734
 20
179.076031
 30
0.0
 10
187.501376
 20
179.067123
 30
0.0
 10
187.468750
 20
179.044310
 30
0.0
  0
LWPOLYLINE
  5
715
100
AcDbEntity
  8
0
 62
7
100
AcDbPolyline
 90
2
 70
0
 10
188.177730
 20
178.292355
 30
0.0
 10
187.677730
 20
179.007200
 30
0.0
  0
SPLINE
  5
716
100
AcDbEntity
  8
0
 62
7
100
AcDbSpline
 70
8
 71
3
 72
8
 73
4
 74
0
 40
0
 40
0
 40
0
 40
0
 40
1
 40
1
 40
1
 40
1
 10
187.197270
 20
179.856809
 30
0.0
 10
187.157351
 20
179.856916
 30
0.0
 10
187.119035
 20
179.841106
 30
0.0
 10
187.090807
 20
179.812879
 30
0.0
  0
SPLINE
  5
717
100
AcDbEntity
  8
0
 62
7
100
AcDbSpline
 70
8
 71
3
 72
8
 73
4
 74
0
 40
0
 40
0
 40
0
 40
0
 40
1
 40
1
 40
1
 40
1
 10
187.090807
 20
179.812879
 30
0.0
 10
187.062579
 20
179.784653
 30
0.0
 10
187.046766
 20
179.746338
 30
0.0
 10
187.046870
 20
179.706419
 30
0.0
  0
LWPOLYLINE
  5
718
100
AcDbEntity
  8
0
 62
7
100
AcDbPolyline
 90
1
 70
1
 10
187.468750
 20
179.044310
 30
0.0
  0
SPLINE
  5
719
100
AcDbEntity
  8
0
 62
7
100
AcDbSpline
 70
8
 71
3
 72
8
 73
4
 74
0
 40
0
 40
0
 40
0
 40
0
 40
1
 40
1
 40
1
 40
1
 10
187.046870
 20
178.206419
 30
0.0
 10
187.046766
 20
178.166499
 30
0.0
 10
187.062578
 20
178.128185
 30
0.0
 10
187.090807
 20
178.099958
 30
0.0
  0
SPLINE
  5
71a
100
AcDbEntity
  8
0
 62
7
100
AcDbSpline
 70
8
 71
3
 72
8
 73
4
 74
0
 40
0
 40
0
 40
0
 40
0
 40
1
 40
1
 40
1
 40
1
 10
187.090807
 20
178.099958
 30
0.0
 10
187.119035
 20
178.071732
 30
0.0
 10
187.157350
 20
178.055921
 30
0.0
 10
187.197270
 20
178.056028
 30
0.0
  0
SPLINE
  5
71b
100
AcDbEntity
  8
0
 62
7
100
AcDbSpline
 70
8
 71
3
 72
8
 73
4
 74
0
 40
0
 40
0
 40
0
 40
0
 40
1
 40
1
 40
1
 40
1
 10
187.197270
 20
178.056028
 30
0.0
 10
187.237188
 20
178.055924
 30
0.0
 10
187.275501
 20
178.071735
 30
0.0
 10
187.303727
 20
178.099962
 30
0.0
  0
SPLINE
  5
71c
100
AcDbEntity
  8
0
 62
7
100
AcDbSpline
 70
8
 71
3
 72
8
 73
4
 74
0
 40
0
 40
0
 40
0
 40
0
 40
1
 40
1
 40
1
 40
1
 10
187.303727
 20
178.099962
 30
0.0
 10
187.331953
 20
178.128188
 30
0.0
 10
187.347764
 20
178.166501
 30
0.0
 10
187.347660
 20
178.206419
 30
0.0
  0
LWPOLYLINE
  5
71d
100
AcDbEntity
  8
0
 62
7
100
AcDbPolyline
 90
2
 70
0
 10
187.046870
 20
179.706419
 30
0.0
 10
187.046870
 20
178.206419
 30
0.0
  0
SPLINE
  5
71e
100
AcDbEntity
  8
0
 62
7
100
AcDbSpline
 70
8
 71
3
 72
8
 73
4
 74
0
 40
0
 40
0
 40
0
 40
0
 40
1
 40
1
 40
1
 40
1
 10
187.347660
 20
179.706419
 30
0.0
 10
187.347764
 20
179.746337
 30
0.0
 10
187.331953
 20
179.784649
 30
0.0
 10
187.303727
 20
179.812876
 30
0.0
  0
SPLINE
  5
71f
100
AcDbEntity
  8
0
 62
7
100
AcDbSpline
 70
8
 71
3
 72
8
 73
4
 74
0
 40
0
 40
0
 40
0
 40
0
 40
1
 40
1
 40
1
 40
1
 10
187.303727
 20
179.812876
 30
0.0
 10
187.275500
 20
179.841102
 30
0.0
 10
187.237188
 20
179.856913
 30
0.0
 10
187.197270
 20
179.856809
 30
0.0
  0
LWPOLYLINE
  5
720
100
AcDbEntity
  8
0
 62
7
100
AcDbPolyline
 90
2
 70
0
 10
187.347660
 20
178.206419
 30
0.0
 10
187.347660
 20
179.706419
 30
0.0
  0
SPLINE
  5
721
100
AcDbEntity
  8
0
 62
7
100
AcDbSpline
 70
8
 71
3
 72
8
 73
4
 74
0
 40
0
 40
0
 40
0
 40
0
 40
1
 40
1
 40
1
 40
1
 10
187.197270
 20
179.856809
 30
0.0
 10
187.157351
 20
179.856916
 30
0.0
 10
187.119035
 20
179.841106
 30
0.0
 10
187.090807
 20
179.812879
 30
0.0
  0
SPLINE
  5
722
100
AcDbEntity
  8
0
 62
7
100
AcDbSpline
 70
8
 71
3
 72
8
 73
4
 74
0
 40
0
 40
0
 40
0
 40
0
 40
1
 40
1
 40
1
 40
1
 10
187.090807
 20
179.812879
 30
0.0
 10
187.062579
 20
179.784653
 30
0.0
 10
187.046766
 20
179.746338
 30
0.0
 10
187.046870
 20
179.706419
 30
0.0
  0
SPLINE
  5
723
100
AcDbEntity
  8
0
 62
7
100
AcDbSpline
 70
8
 71
3
 72
8
 73
4
 74
0
 40
0
 40
0
 40
0
 40
0
 40
1
 40
1
 40
1
 40
1
 10
187.046870
 20
179.706419
 30
0.0
 10
187.046766
 20
179.666499
 30
0.0
 10
187.062578
 20
179.628185
 30
0.0
 10
187.090807
 20
179.599958
 30
0.0
  0
SPLINE
  5
724
100
AcDbEntity
  8
0
 62
7
100
AcDbSpline
 70
8
 71
3
 72
8
 73
4
 74
0
 40
0
 40
0
 40
0
 40
0
 40
1
 40
1
 40
1
 40
1
 10
187.090807
 20
179.599958
 30
0.0
 10
187.119035
 20
179.571732
 30
0.0
 10
187.157350
 20
179.555921
 30
0.0
 10
187.197270
 20
179.556028
 30
0.0
  0
LWPOLYLINE
  5
725
100
AcDbEntity
  8
0
 62
7
100
AcDbPolyline
 90
1
 70
1
 10
187.197270
 20
179.856809
 30
0.0
  0
SPLINE
  5
726
100
AcDbEntity
  8
0
 62
7
100
AcDbSpline
 70
8
 71
3
 72
8
 73
4
 74
0
 40
0
 40
0
 40
0
 40
0
 40
1
 40
1
 40
1
 40
1
 10
187.769530
 20
179.556028
 30
0.0
 10
187.851915
 20
179.556885
 30
0.0
 10
187.918189
 20
179.624029
 30
0.0
 10
187.917970
 20
179.706419
 30
0.0
  0
SPLINE
  5
727
100
AcDbEntity
  8
0
 62
7
100
AcDbSpline
 70
8
 71
3
 72
8
 73
4
 74
0
 40
0
 40
0
 40
0
 40
0
 40
1
 40
1
 40
1
 40
1
 10
187.917970
 20
179.706419
 30
0.0
 10
187.918189
 20
179.788808
 30
0.0
 10
187.851915
 20
179.855952
 30
0.0
 10
187.769530
 20
179.856809
 30
0.0
  0
LWPOLYLINE
  5
728
100
AcDbEntity
  8
0
 62
7
100
AcDbPolyline
 90
2
 70
0
 10
187.197270
 20
179.556028
 30
0.0
 10
187.769530
 20
179.556028
 30
0.0
  0
SPLINE
  5
729
100
AcDbEntity
  8
0
 62
7
100
AcDbSpline
 70
8
 71
3
 72
8
 73
4
 74
0
 40
0
 40
0
 40
0
 40
0
 40
1
 40
1
 40
1
 40
1
 10
187.835940
 20
179.841184
 30
0.0
 10
187.800209
 20
179.858861
 30
0.0
 10
187.758911
 20
179.861587
 30
0.0
 10
187.721165
 20
179.848761
 30
0.0
  0
SPLINE
  5
72a
100
AcDbEntity
  8
0
 62
7
100
AcDbSpline
 70
8
 71
3
 72
8
 73
4
 74
0
 40
0
 40
0
 40
0
 40
0
 40
1
 40
1
 40
1
 40
1
 10
187.721165
 20
179.848761
 30
0.0
 10
187.683420
 20
179.835935
 30
0.0
 10
187.652334
 20
179.808611
 30
0.0
 10
187.634770
 20
179.772824
 30
0.0
  0
SPLINE
  5
72b
100
AcDbEntity
  8
0
 62
7
100
AcDbSpline
 70
8
 71
3
 72
8
 73
4
 74
0
 40
0
 40
0
 40
0
 40
0
 40
1
 40
1
 40
1
 40
1
 10
187.634770
 20
179.772824
 30
0.0
 10
187.597674
 20
179.698927
 30
0.0
 10
187.627373
 20
179.608947
 30
0.0
 10
187.701170
 20
179.571652
 30
0.0
  0
LWPOLYLINE
  5
72c
100
AcDbEntity
  8
0
 62
7
100
AcDbPolyline
 90
2
 70
0
 10
187.769530
 20
179.856809
 30
0.0
 10
187.197270
 20
179.856809
 30
0.0
  0
SPLINE
  5
72d
100
AcDbEntity
  8
0
 62
7
100
AcDbSpline
 70
8
 71
3
 72
8
 73
4
 74
0
 40
0
 40
0
 40
0
 40
0
 40
1
 40
1
 40
1
 40
1
 10
187.843750
 20
179.501342
 30
0.0
 10
187.917649
 20
179.464248
 30
0.0
 10
188.007629
 20
179.493953
 30
0.0
 10
188.044920
 20
179.567752
 30
0.0
  0
SPLINE
  5
72e
100
AcDbEntity
  8
0
 62
7
100
AcDbSpline
 70
8
 71
3
 72
8
 73
4
 74
0
 40
0
 40
0
 40
0
 40
0
 40
1
 40
1
 40
1
 40
1
 10
188.044920
 20
179.567752
 30
0.0
 10
188.082016
 20
179.641649
 30
0.0
 10
188.052317
 20
179.731629
 30
0.0
 10
187.978520
 20
179.768924
 30
0.0
  0
LWPOLYLINE
  5
72f
100
AcDbEntity
  8
0
 62
7
100
AcDbPolyline
 90
2
 70
0
 10
187.701170
 20
179.571652
 30
0.0
 10
187.843750
 20
179.501342
 30
0.0
  0
SPLINE
  5
730
100
AcDbEntity
  8
0
 62
7
100
AcDbSpline
 70
8
 71
3
 72
8
 73
4
 74
0
 40
0
 40
0
 40
0
 40
0
 40
1
 40
1
 40
1
 40
1
 10
187.804690
 20
179.741575
 30
0.0
 10
187.776327
 20
179.713414
 30
0.0
 10
187.760375
 20
179.675098
 30
0.0
 10
187.760375
 20
179.635130
 30
0.0
  0
SPLINE
  5
731
100
AcDbEntity
  8
0
 62
7
100
AcDbSpline
 70
8
 71
3
 72
8
 73
4
 74
0
 40
0
 40
0
 40
0
 40
0
 40
1
 40
1
 40
1
 40
1
 10
187.760375
 20
179.635130
 30
0.0
 10
187.760375
 20
179.595161
 30
0.0
 10
187.776327
 20
179.556845
 30
0.0
 10
187.804690
 20
179.528684
 30
0.0
  0
LWPOLYLINE
  5
732
100
AcDbEntity
  8
0
 62
7
100
AcDbPolyline
 90
2
 70
0
 10
187.978520
 20
179.768924
 30
0.0
 10
187.835940
 20
179.841184
 30
0.0
  0
SPLINE
  5
733
100
AcDbEntity
  8
0
 62
7
100
AcDbSpline
 70
8
 71
3
 72
8
 73
4
 74
0
 40
0
 40
0
 40
0
 40
0
 40
1
 40
1
 40
1
 40
1
 10
187.876990
 20
179.458374
 30
0.0
 10
187.905151
 20
179.430011
 30
0.0
 10
187.943466
 20
179.414060
 30
0.0
 10
187.983435
 20
179.414060
 30
0.0
  0
SPLINE
  5
734
100
AcDbEntity
  8
0
 62
7
100
AcDbSpline
 70
8
 71
3
 72
8
 73
4
 74
0
 40
0
 40
0
 40
0
 40
0
 40
1
 40
1
 40
1
 40
1
 10
187.983435
 20
179.414060
 30
0.0
 10
188.023404
 20
179.414060
 30
0.0
 10
188.061719
 20
179.430011
 30
0.0
 10
188.089880
 20
179.458374
 30
0.0
  0
SPLINE
  5
735
100
AcDbEntity
  8
0
 62
7
100
AcDbSpline
 70
8
 71
3
 72
8
 73
4
 74
0
 40
0
 40
0
 40
0
 40
0
 40
1
 40
1
 40
1
 40
1
 10
188.089880
 20
179.458374
 30
0.0
 10
188.147666
 20
179.516813
 30
0.0
 10
188.147666
 20
179.610872
 30
0.0
 10
188.089880
 20
179.669311
 30
0.0
  0
LWPOLYLINE
  5
736
100
AcDbEntity
  8
0
 62
7
100
AcDbPolyline
 90
2
 70
0
 10
187.804690
 20
179.528684
 30
0.0
 10
187.876990
 20
179.458374
 30
0.0
  0
SPLINE
  5
737
100
AcDbEntity
  8
0
 62
7
100
AcDbSpline
 70
8
 71
3
 72
8
 73
4
 74
0
 40
0
 40
0
 40
0
 40
0
 40
1
 40
1
 40
1
 40
1
 10
188.017580
 20
179.741581
 30
0.0
 10
187.989419
 20
179.769944
 30
0.0
 10
187.951104
 20
179.785895
 30
0.0
 10
187.911135
 20
179.785895
 30
0.0
  0
SPLINE
  5
738
100
AcDbEntity
  8
0
 62
7
100
AcDbSpline
 70
8
 71
3
 72
8
 73
4
 74
0
 40
0
 40
0
 40
0
 40
0
 40
1
 40
1
 40
1
 40
1
 10
187.911135
 20
179.785895
 30
0.0
 10
187.871166
 20
179.785895
 30
0.0
 10
187.832851
 20
179.769944
 30
0.0
 10
187.804690
 20
179.741581
 30
0.0
  0
LWPOLYLINE
  5
739
100
AcDbEntity
  8
0
 62
7
100
AcDbPolyline
 90
2
 70
0
 10
188.089880
 20
179.669311
 30
0.0
 10
188.017580
 20
179.741581
 30
0.0
  0
SPLINE
  5
73a
100
AcDbEntity
  8
0
 62
7
100
AcDbSpline
 70
8
 71
3
 72
8
 73
4
 74
0
 40
0
 40
0
 40
0
 40
0
 40
1
 40
1
 40
1
 40
1
 10
187.916020
 20
179.698606
 30
0.0
 10
187.880063
 20
179.680700
 30
0.0
 10
187.852790
 20
179.649121
 30
0.0
 10
187.840309
 20
179.610940
 30
0.0
  0
SPLINE
  5
73b
100
AcDbEntity
  8
0
 62
7
100
AcDbSpline
 70
8
 71
3
 72
8
 73
4
 74
0
 40
0
 40
0
 40
0
 40
0
 40
1
 40
1
 40
1
 40
1
 10
187.840309
 20
179.610940
 30
0.0
 10
187.827828
 20
179.572759
 30
0.0
 10
187.831182
 20
179.531168
 30
0.0
 10
187.849620
 20
179.495481
 30
0.0
  0
LWPOLYLINE
  5
73c
100
AcDbEntity
  8
0
 62
7
100
AcDbPolyline
 90
1
 70
1
 10
187.804690
 20
179.741581
 30
0.0
  0
SPLINE
  5
73d
100
AcDbEntity
  8
0
 62
7
100
AcDbSpline
 70
8
 71
3
 72
8
 73
4
 74
0
 40
0
 40
0
 40
0
 40
0
 40
1
 40
1
 40
1
 40
1
 10
187.919920
 20
179.352903
 30
0.0
 10
187.957211
 20
179.279104
 30
0.0
 10
188.047191
 20
179.249399
 30
0.0
 10
188.121090
 20
179.286493
 30
0.0
  0
SPLINE
  5
73e
100
AcDbEntity
  8
0
 62
7
100
AcDbSpline
 70
8
 71
3
 72
8
 73
4
 74
0
 40
0
 40
0
 40
0
 40
0
 40
1
 40
1
 40
1
 40
1
 10
188.121090
 20
179.286493
 30
0.0
 10
188.156885
 20
179.304049
 30
0.0
 10
188.184217
 20
179.335134
 30
0.0
 10
188.197051
 20
179.372880
 30
0.0
  0
SPLINE
  5
73f
100
AcDbEntity
  8
0
 62
7
100
AcDbSpline
 70
8
 71
3
 72
8
 73
4
 74
0
 40
0
 40
0
 40
0
 40
0
 40
1
 40
1
 40
1
 40
1
 10
188.197051
 20
179.372880
 30
0.0
 10
188.209885
 20
179.410626
 30
0.0
 10
188.207165
 20
179.451929
 30
0.0
 10
188.189490
 20
179.487665
 30
0.0
  0
LWPOLYLINE
  5
740
100
AcDbEntity
  8
0
 62
7
100
AcDbPolyline
 90
2
 70
0
 10
187.849620
 20
179.495481
 30
0.0
 10
187.919920
 20
179.352903
 30
0.0
  0
SPLINE
  5
741
100
AcDbEntity
  8
0
 62
7
100
AcDbSpline
 70
8
 71
3
 72
8
 73
4
 74
0
 40
0
 40
0
 40
0
 40
0
 40
1
 40
1
 40
1
 40
1
 10
188.117190
 20
179.630243
 30
0.0
 10
188.099626
 20
179.666030
 30
0.0
 10
188.068540
 20
179.693354
 30
0.0
 10
188.030795
 20
179.706180
 30
0.0
  0
SPLINE
  5
742
100
AcDbEntity
  8
0
 62
7
100
AcDbSpline
 70
8
 71
3
 72
8
 73
4
 74
0
 40
0
 40
0
 40
0
 40
0
 40
1
 40
1
 40
1
 40
1
 10
188.030795
 20
179.706180
 30
0.0
 10
187.993049
 20
179.719006
 30
0.0
 10
187.951751
 20
179.716280
 30
0.0
 10
187.916020
 20
179.698603
 30
0.0
  0
LWPOLYLINE
  5
743
100
AcDbEntity
  8
0
 62
7
100
AcDbPolyline
 90
2
 70
0
 10
188.189490
 20
179.487665
 30
0.0
 10
188.117190
 20
179.630243
 30
0.0
  0
SPLINE
  5
744
100
AcDbEntity
  8
0
 62
7
100
AcDbSpline
 70
8
 71
3
 72
8
 73
4
 74
0
 40
0
 40
0
 40
0
 40
0
 40
1
 40
1
 40
1
 40
1
 10
188.054690
 20
179.571653
 30
0.0
 10
188.014772
 20
179.571757
 30
0.0
 10
187.976460
 20
179.555946
 30
0.0
 10
187.948233
 20
179.527720
 30
0.0
  0
SPLINE
  5
745
100
AcDbEntity
  8
0
 62
7
100
AcDbSpline
 70
8
 71
3
 72
8
 73
4
 74
0
 40
0
 40
0
 40
0
 40
0
 40
1
 40
1
 40
1
 40
1
 10
187.948233
 20
179.527720
 30
0.0
 10
187.920007
 20
179.499493
 30
0.0
 10
187.904196
 20
179.461181
 30
0.0
 10
187.904300
 20
179.421263
 30
0.0
  0
LWPOLYLINE
  5
746
100
AcDbEntity
  8
0
 62
7
100
AcDbPolyline
 90
1
 70
1
 10
187.916020
 20
179.698603
 30
0.0
  0
SPLINE
  5
747
100
AcDbEntity
  8
0
 62
7
100
AcDbSpline
 70
8
 71
3
 72
8
 73
4
 74
0
 40
0
 40
0
 40
0
 40
0
 40
1
 40
1
 40
1
 40
1
 10
187.904300
 20
179.206419
 30
0.0
 10
187.904196
 20
179.166501
 30
0.0
 10
187.920007
 20
179.128188
 30
0.0
 10
187.948233
 20
179.099962
 30
0.0
  0
SPLINE
  5
748
100
AcDbEntity
  8
0
 62
7
100
AcDbSpline
 70
8
 71
3
 72
8
 73
4
 74
0
 40
0
 40
0
 40
0
 40
0
 40
1
 40
1
 40
1
 40
1
 10
187.948233
 20
179.099962
 30
0.0
 10
187.976459
 20
179.071735
 30
0.0
 10
188.014772
 20
179.055924
 30
0.0
 10
188.054690
 20
179.056028
 30
0.0
  0
SPLINE
  5
749
100
AcDbEntity
  8
0
 62
7
100
AcDbSpline
 70
8
 71
3
 72
8
 73
4
 74
0
 40
0
 40
0
 40
0
 40
0
 40
1
 40
1
 40
1
 40
1
 10
188.054690
 20
179.056028
 30
0.0
 10
188.094608
 20
179.055924
 30
0.0
 10
188.132921
 20
179.071735
 30
0.0
 10
188.161147
 20
179.099962
 30
0.0
  0
SPLINE
  5
74a
100
AcDbEntity
  8
0
 62
7
100
AcDbSpline
 70
8
 71
3
 72
8
 73
4
 74
0
 40
0
 40
0
 40
0
 40
0
 40
1
 40
1
 40
1
 40
1
 10
188.161147
 20
179.099962
 30
0.0
 10
188.189373
 20
179.128188
 30
0.0
 10
188.205184
 20
179.166501
 30
0.0
 10
188.205080
 20
179.206419
 30
0.0
  0
LWPOLYLINE
  5
74b
100
AcDbEntity
  8
0
 62
7
100
AcDbPolyline
 90
2
 70
0
 10
187.904300
 20
179.421263
 30
0.0
 10
187.904300
 20
179.206419
 30
0.0
  0
SPLINE
  5
74c
100
AcDbEntity
  8
0
 62
7
100
AcDbSpline
 70
8
 71
3
 72
8
 73
4
 74
0
 40
0
 40
0
 40
0
 40
0
 40
1
 40
1
 40
1
 40
1
 10
188.205080
 20
179.421263
 30
0.0
 10
188.205184
 20
179.461181
 30
0.0
 10
188.189373
 20
179.499493
 30
0.0
 10
188.161147
 20
179.527720
 30
0.0
  0
SPLINE
  5
74d
100
AcDbEntity
  8
0
 62
7
100
AcDbSpline
 70
8
 71
3
 72
8
 73
4
 74
0
 40
0
 40
0
 40
0
 40
0
 40
1
 40
1
 40
1
 40
1
 10
188.161147
 20
179.527720
 30
0.0
 10
188.132920
 20
179.555946
 30
0.0
 10
188.094608
 20
179.571757
 30
0.0
 10
188.054690
 20
179.571653
 30
0.0
  0
LWPOLYLINE
  5
74e
100
AcDbEntity
  8
0
 62
7
100
AcDbPolyline
 90
2
 70
0
 10
188.205080
 20
179.206419
 30
0.0
 10
188.205080
 20
179.421263
 30
0.0
  0
SPLINE
  5
74f
100
AcDbEntity
  8
0
 62
7
100
AcDbSpline
 70
8
 71
3
 72
8
 73
4
 74
0
 40
0
 40
0
 40
0
 40
0
 40
1
 40
1
 40
1
 40
1
 10
188.121090
 20
179.341184
 30
0.0
 10
188.085359
 20
179.358861
 30
0.0
 10
188.044061
 20
179.361587
 30
0.0
 10
188.006315
 20
179.348761
 30
0.0
  0
SPLINE
  5
750
100
AcDbEntity
  8
0
 62
7
100
AcDbSpline
 70
8
 71
3
 72
8
 73
4
 74
0
 40
0
 40
0
 40
0
 40
0
 40
1
 40
1
 40
1
 40
1
 10
188.006315
 20
179.348761
 30
0.0
 10
187.968570
 20
179.335935
 30
0.0
 10
187.937484
 20
179.308611
 30
0.0
 10
187.919920
 20
179.272824
 30
0.0
  0
LWPOLYLINE
  5
751
100
AcDbEntity
  8
0
 62
7
100
AcDbPolyline
 90
1
 70
1
 10
188.054690
 20
179.571653
 30
0.0
  0
SPLINE
  5
752
100
AcDbEntity
  8
0
 62
7
100
AcDbSpline
 70
8
 71
3
 72
8
 73
4
 74
0
 40
0
 40
0
 40
0
 40
0
 40
1
 40
1
 40
1
 40
1
 10
187.849620
 20
179.130246
 30
0.0
 10
187.812524
 20
179.056349
 30
0.0
 10
187.842223
 20
178.966369
 30
0.0
 10
187.916020
 20
178.929074
 30
0.0
  0
SPLINE
  5
753
100
AcDbEntity
  8
0
 62
7
100
AcDbSpline
 70
8
 71
3
 72
8
 73
4
 74
0
 40
0
 40
0
 40
0
 40
0
 40
1
 40
1
 40
1
 40
1
 10
187.916020
 20
178.929074
 30
0.0
 10
187.989919
 20
178.891980
 30
0.0
 10
188.079899
 20
178.921685
 30
0.0
 10
188.117190
 20
178.995484
 30
0.0
  0
LWPOLYLINE
  5
754
100
AcDbEntity
  8
0
 62
7
100
AcDbPolyline
 90
2
 70
0
 10
187.919920
 20
179.272824
 30
0.0
 10
187.849620
 20
179.130246
 30
0.0
  0
SPLINE
  5
755
100
AcDbEntity
  8
0
 62
7
100
AcDbSpline
 70
8
 71
3
 72
8
 73
4
 74
0
 40
0
 40
0
 40
0
 40
0
 40
1
 40
1
 40
1
 40
1
 10
188.189490
 20
179.140016
 30
0.0
 10
188.207164
 20
179.175752
 30
0.0
 10
188.209885
 20
179.217055
 30
0.0
 10
188.197051
 20
179.254801
 30
0.0
  0
SPLINE
  5
756
100
AcDbEntity
  8
0
 62
7
100
AcDbSpline
 70
8
 71
3
 72
8
 73
4
 74
0
 40
0
 40
0
 40
0
 40
0
 40
1
 40
1
 40
1
 40
1
 10
188.197051
 20
179.254801
 30
0.0
 10
188.184217
 20
179.292547
 30
0.0
 10
188.156884
 20
179.323631
 30
0.0
 10
188.121090
 20
179.341187
 30
0.0
  0
LWPOLYLINE
  5
757
100
AcDbEntity
  8
0
 62
7
100
AcDbPolyline
 90
2
 70
0
 10
188.117190
 20
178.995484
 30
0.0
 10
188.189490
 20
179.140016
 30
0.0
  0
LWPOLYLINE
  5
758
100
AcDbEntity
  8
0
 62
7
100
AcDbPolyline
 90
1
 70
1
 10
188.121090
 20
179.341187
 30
0.0
  0
SPLINE
  5
759
100
AcDbEntity
  8
0
 62
7
100
AcDbSpline
 70
8
 71
3
 72
8
 73
4
 74
0
 40
0
 40
0
 40
0
 40
0
 40
1
 40
1
 40
1
 40
1
 10
187.804650
 20
179.098999
 30
0.0
 10
187.776287
 20
179.070838
 30
0.0
 10
187.760335
 20
179.032522
 30
0.0
 10
187.760335
 20
178.992554
 30
0.0
  0
SPLINE
  5
75a
100
AcDbEntity
  8
0
 62
7
100
AcDbSpline
 70
8
 71
3
 72
8
 73
4
 74
0
 40
0
 40
0
 40
0
 40
0
 40
1
 40
1
 40
1
 40
1
 10
187.760335
 20
178.992554
 30
0.0
 10
187.760335
 20
178.952585
 30
0.0
 10
187.776287
 20
178.914269
 30
0.0
 10
187.804650
 20
178.886108
 30
0.0
  0
SPLINE
  5
75b
100
AcDbEntity
  8
0
 62
7
100
AcDbSpline
 70
8
 71
3
 72
8
 73
4
 74
0
 40
0
 40
0
 40
0
 40
0
 40
1
 40
1
 40
1
 40
1
 10
187.804650
 20
178.886108
 30
0.0
 10
187.832811
 20
178.857745
 30
0.0
 10
187.871126
 20
178.841794
 30
0.0
 10
187.911095
 20
178.841794
 30
0.0
  0
SPLINE
  5
75c
100
AcDbEntity
  8
0
 62
7
100
AcDbSpline
 70
8
 71
3
 72
8
 73
4
 74
0
 40
0
 40
0
 40
0
 40
0
 40
1
 40
1
 40
1
 40
1
 10
187.911095
 20
178.841794
 30
0.0
 10
187.951064
 20
178.841794
 30
0.0
 10
187.989379
 20
178.857745
 30
0.0
 10
188.017540
 20
178.886108
 30
0.0
  0
LWPOLYLINE
  5
75d
100
AcDbEntity
  8
0
 62
7
100
AcDbPolyline
 90
2
 70
0
 10
187.876950
 20
179.169309
 30
0.0
 10
187.804650
 20
179.098999
 30
0.0
  0
SPLINE
  5
75e
100
AcDbEntity
  8
0
 62
7
100
AcDbSpline
 70
8
 71
3
 72
8
 73
4
 74
0
 40
0
 40
0
 40
0
 40
0
 40
1
 40
1
 40
1
 40
1
 10
188.089840
 20
178.958378
 30
0.0
 10
188.147626
 20
179.016817
 30
0.0
 10
188.147626
 20
179.110876
 30
0.0
 10
188.089840
 20
179.169315
 30
0.0
  0
SPLINE
  5
75f
100
AcDbEntity
  8
0
 62
7
100
AcDbSpline
 70
8
 71
3
 72
8
 73
4
 74
0
 40
0
 40
0
 40
0
 40
0
 40
1
 40
1
 40
1
 40
1
 10
188.089840
 20
179.169315
 30
0.0
 10
188.061679
 20
179.197678
 30
0.0
 10
188.023364
 20
179.213629
 30
0.0
 10
187.983395
 20
179.213629
 30
0.0
  0
SPLINE
  5
760
100
AcDbEntity
  8
0
 62
7
100
AcDbSpline
 70
8
 71
3
 72
8
 73
4
 74
0
 40
0
 40
0
 40
0
 40
0
 40
1
 40
1
 40
1
 40
1
 10
187.983395
 20
179.213629
 30
0.0
 10
187.943426
 20
179.213629
 30
0.0
 10
187.905111
 20
179.197678
 30
0.0
 10
187.876950
 20
179.169315
 30
0.0
  0
LWPOLYLINE
  5
761
100
AcDbEntity
  8
0
 62
7
100
AcDbPolyline
 90
2
 70
0
 10
188.017540
 20
178.886108
 30
0.0
 10
188.089840
 20
178.958378
 30
0.0
  0
LWPOLYLINE
  5
762
100
AcDbEntity
  8
0
 62
7
100
AcDbPolyline
 90
1
 70
1
 10
187.876950
 20
179.169315
 30
0.0
  0
SPLINE
  5
763
100
AcDbEntity
  8
0
 62
7
100
AcDbSpline
 70
8
 71
3
 72
8
 73
4
 74
0
 40
0
 40
0
 40
0
 40
0
 40
1
 40
1
 40
1
 40
1
 10
187.701170
 20
179.054071
 30
0.0
 10
187.627373
 20
179.016776
 30
0.0
 10
187.597674
 20
178.926796
 30
0.0
 10
187.634770
 20
178.852899
 30
0.0
  0
SPLINE
  5
764
100
AcDbEntity
  8
0
 62
7
100
AcDbSpline
 70
8
 71
3
 72
8
 73
4
 74
0
 40
0
 40
0
 40
0
 40
0
 40
1
 40
1
 40
1
 40
1
 10
187.634770
 20
178.852899
 30
0.0
 10
187.672061
 20
178.779100
 30
0.0
 10
187.762041
 20
178.749395
 30
0.0
 10
187.835940
 20
178.786489
 30
0.0
  0
LWPOLYLINE
  5
765
100
AcDbEntity
  8
0
 62
7
100
AcDbPolyline
 90
2
 70
0
 10
187.843750
 20
179.126341
 30
0.0
 10
187.701170
 20
179.054071
 30
0.0
  0
SPLINE
  5
766
100
AcDbEntity
  8
0
 62
7
100
AcDbSpline
 70
8
 71
3
 72
8
 73
4
 74
0
 40
0
 40
0
 40
0
 40
0
 40
1
 40
1
 40
1
 40
1
 10
187.978520
 20
178.858759
 30
0.0
 10
188.052316
 20
178.896054
 30
0.0
 10
188.082016
 20
178.986033
 30
0.0
 10
188.044920
 20
179.059930
 30
0.0
  0
SPLINE
  5
767
100
AcDbEntity
  8
0
 62
7
100
AcDbSpline
 70
8
 71
3
 72
8
 73
4
 74
0
 40
0
 40
0
 40
0
 40
0
 40
1
 40
1
 40
1
 40
1
 10
188.044920
 20
179.059930
 30
0.0
 10
188.007629
 20
179.133729
 30
0.0
 10
187.917649
 20
179.163434
 30
0.0
 10
187.843750
 20
179.126340
 30
0.0
  0
LWPOLYLINE
  5
768
100
AcDbEntity
  8
0
 62
7
100
AcDbPolyline
 90
2
 70
0
 10
187.835940
 20
178.786489
 30
0.0
 10
187.978520
 20
178.858759
 30
0.0
  0
SPLINE
  5
769
100
AcDbEntity
  8
0
 62
7
100
AcDbSpline
 70
8
 71
3
 72
8
 73
4
 74
0
 40
0
 40
0
 40
0
 40
0
 40
1
 40
1
 40
1
 40
1
 10
187.197270
 20
179.071653
 30
0.0
 10
187.157351
 20
179.071760
 30
0.0
 10
187.119035
 20
179.055950
 30
0.0
 10
187.090807
 20
179.027723
 30
0.0
  0
SPLINE
  5
76a
100
AcDbEntity
  8
0
 62
7
100
AcDbSpline
 70
8
 71
3
 72
8
 73
4
 74
0
 40
0
 40
0
 40
0
 40
0
 40
1
 40
1
 40
1
 40
1
 10
187.090807
 20
179.027723
 30
0.0
 10
187.062579
 20
178.999497
 30
0.0
 10
187.046766
 20
178.961182
 30
0.0
 10
187.046870
 20
178.921263
 30
0.0
  0
SPLINE
  5
76b
100
AcDbEntity
  8
0
 62
7
100
AcDbSpline
 70
8
 71
3
 72
8
 73
4
 74
0
 40
0
 40
0
 40
0
 40
0
 40
1
 40
1
 40
1
 40
1
 10
187.046870
 20
178.921263
 30
0.0
 10
187.046766
 20
178.881343
 30
0.0
 10
187.062578
 20
178.843029
 30
0.0
 10
187.090807
 20
178.814802
 30
0.0
  0
SPLINE
  5
76c
100
AcDbEntity
  8
0
 62
7
100
AcDbSpline
 70
8
 71
3
 72
8
 73
4
 74
0
 40
0
 40
0
 40
0
 40
0
 40
1
 40
1
 40
1
 40
1
 10
187.090807
 20
178.814802
 30
0.0
 10
187.119035
 20
178.786576
 30
0.0
 10
187.157350
 20
178.770765
 30
0.0
 10
187.197270
 20
178.770872
 30
0.0
  0
LWPOLYLINE
  5
76d
100
AcDbEntity
  8
0
 62
7
100
AcDbPolyline
 90
1
 70
1
 10
187.843750
 20
179.126340
 30
0.0
  0
SPLINE
  5
76e
100
AcDbEntity
  8
0
 62
7
100
AcDbSpline
 70
8
 71
3
 72
8
 73
4
 74
0
 40
0
 40
0
 40
0
 40
0
 40
1
 40
1
 40
1
 40
1
 10
187.769530
 20
178.770872
 30
0.0
 10
187.851915
 20
178.771729
 30
0.0
 10
187.918189
 20
178.838873
 30
0.0
 10
187.917970
 20
178.921263
 30
0.0
  0
SPLINE
  5
76f
100
AcDbEntity
  8
0
 62
7
100
AcDbSpline
 70
8
 71
3
 72
8
 73
4
 74
0
 40
0
 40
0
 40
0
 40
0
 40
1
 40
1
 40
1
 40
1
 10
187.917970
 20
178.921263
 30
0.0
 10
187.918189
 20
179.003652
 30
0.0
 10
187.851915
 20
179.070796
 30
0.0
 10
187.769530
 20
179.071653
 30
0.0
  0
LWPOLYLINE
  5
770
100
AcDbEntity
  8
0
 62
7
100
AcDbPolyline
 90
2
 70
0
 10
187.197270
 20
178.770872
 30
0.0
 10
187.769530
 20
178.770872
 30
0.0
  0
SPLINE
  5
771
100
AcDbEntity
  8
0
 62
7
100
AcDbSpline
 70
8
 71
3
 72
8
 73
4
 74
0
 40
0
 40
0
 40
0
 40
0
 40
1
 40
1
 40
1
 40
1
 10
188.697270
 20
179.856809
 30
0.0
 10
188.657351
 20
179.856916
 30
0.0
 10
188.619035
 20
179.841106
 30
0.0
 10
188.590807
 20
179.812879
 30
0.0
  0
SPLINE
  5
772
100
AcDbEntity
  8
0
 62
7
100
AcDbSpline
 70
8
 71
3
 72
8
 73
4
 74
0
 40
0
 40
0
 40
0
 40
0
 40
1
 40
1
 40
1
 40
1
 10
188.590807
 20
179.812879
 30
0.0
 10
188.562579
 20
179.784653
 30
0.0
 10
188.546766
 20
179.746338
 30
0.0
 10
188.546870
 20
179.706419
 30
0.0
  0
LWPOLYLINE
  5
773
100
AcDbEntity
  8
0
 62
7
100
AcDbPolyline
 90
2
 70
0
 10
187.769530
 20
179.071653
 30
0.0
 10
187.197270
 20
179.071653
 30
0.0
  0
SPLINE
  5
774
100
AcDbEntity
  8
0
 62
7
100
AcDbSpline
 70
8
 71
3
 72
8
 73
4
 74
0
 40
0
 40
0
 40
0
 40
0
 40
1
 40
1
 40
1
 40
1
 10
188.546870
 20
178.206419
 30
0.0
 10
188.546766
 20
178.166499
 30
0.0
 10
188.562578
 20
178.128185
 30
0.0
 10
188.590807
 20
178.099958
 30
0.0
  0
SPLINE
  5
775
100
AcDbEntity
  8
0
 62
7
100
AcDbSpline
 70
8
 71
3
 72
8
 73
4
 74
0
 40
0
 40
0
 40
0
 40
0
 40
1
 40
1
 40
1
 40
1
 10
188.590807
 20
178.099958
 30
0.0
 10
188.619035
 20
178.071732
 30
0.0
 10
188.657350
 20
178.055921
 30
0.0
 10
188.697270
 20
178.056028
 30
0.0
  0
SPLINE
  5
776
100
AcDbEntity
  8
0
 62
7
100
AcDbSpline
 70
8
 71
3
 72
8
 73
4
 74
0
 40
0
 40
0
 40
0
 40
0
 40
1
 40
1
 40
1
 40
1
 10
188.697270
 20
178.056028
 30
0.0
 10
188.737188
 20
178.055924
 30
0.0
 10
188.775501
 20
178.071735
 30
0.0
 10
188.803727
 20
178.099962
 30
0.0
  0
SPLINE
  5
777
100
AcDbEntity
  8
0
 62
7
100
AcDbSpline
 70
8
 71
3
 72
8
 73
4
 74
0
 40
0
 40
0
 40
0
 40
0
 40
1
 40
1
 40
1
 40
1
 10
188.803727
 20
178.099962
 30
0.0
 10
188.831953
 20
178.128188
 30
0.0
 10
188.847764
 20
178.166501
 30
0.0
 10
188.847660
 20
178.206419
 30
0.0
  0
LWPOLYLINE
  5
778
100
AcDbEntity
  8
0
 62
7
100
AcDbPolyline
 90
2
 70
0
 10
188.546870
 20
179.706419
 30
0.0
 10
188.546870
 20
178.206419
 30
0.0
  0
SPLINE
  5
779
100
AcDbEntity
  8
0
 62
7
100
AcDbSpline
 70
8
 71
3
 72
8
 73
4
 74
0
 40
0
 40
0
 40
0
 40
0
 40
1
 40
1
 40
1
 40
1
 10
188.847660
 20
179.706419
 30
0.0
 10
188.847764
 20
179.746337
 30
0.0
 10
188.831953
 20
179.784649
 30
0.0
 10
188.803727
 20
179.812876
 30
0.0
  0
SPLINE
  5
77a
100
AcDbEntity
  8
0
 62
7
100
AcDbSpline
 70
8
 71
3
 72
8
 73
4
 74
0
 40
0
 40
0
 40
0
 40
0
 40
1
 40
1
 40
1
 40
1
 10
188.803727
 20
179.812876
 30
0.0
 10
188.775500
 20
179.841102
 30
0.0
 10
188.737188
 20
179.856913
 30
0.0
 10
188.697270
 20
179.856809
 30
0.0
  0
LWPOLYLINE
  5
77b
100
AcDbEntity
  8
0
 62
7
100
AcDbPolyline
 90
2
 70
0
 10
188.847660
 20
178.206419
 30
0.0
 10
188.847660
 20
179.706419
 30
0.0
  0
SPLINE
  5
77c
100
AcDbEntity
  8
0
 62
7
100
AcDbSpline
 70
8
 71
3
 72
8
 73
4
 74
0
 40
0
 40
0
 40
0
 40
0
 40
1
 40
1
 40
1
 40
1
 10
189.150390
 20
179.848997
 30
0.0
 10
189.112563
 20
179.836584
 30
0.0
 10
189.081222
 20
179.809642
 30
0.0
 10
189.063272
 20
179.774106
 30
0.0
  0
SPLINE
  5
77d
100
AcDbEntity
  8
0
 62
7
100
AcDbSpline
 70
8
 71
3
 72
8
 73
4
 74
0
 40
0
 40
0
 40
0
 40
0
 40
1
 40
1
 40
1
 40
1
 10
189.063272
 20
179.774106
 30
0.0
 10
189.045321
 20
179.738571
 30
0.0
 10
189.042234
 20
179.697357
 30
0.0
 10
189.054690
 20
179.659544
 30
0.0
  0
LWPOLYLINE
  5
77e
100
AcDbEntity
  8
0
 62
7
100
AcDbPolyline
 90
1
 70
1
 10
188.697270
 20
179.856809
 30
0.0
  0
SPLINE
  5
77f
100
AcDbEntity
  8
0
 62
7
100
AcDbSpline
 70
8
 71
3
 72
8
 73
4
 74
0
 40
0
 40
0
 40
0
 40
0
 40
1
 40
1
 40
1
 40
1
 10
189.554690
 20
178.159544
 30
0.0
 10
189.567103
 20
178.121717
 30
0.0
 10
189.594045
 20
178.090377
 30
0.0
 10
189.629579
 20
178.072427
 30
0.0
  0
SPLINE
  5
780
100
AcDbEntity
  8
0
 62
7
100
AcDbSpline
 70
8
 71
3
 72
8
 73
4
 74
0
 40
0
 40
0
 40
0
 40
0
 40
1
 40
1
 40
1
 40
1
 10
189.629579
 20
178.072427
 30
0.0
 10
189.665114
 20
178.054477
 30
0.0
 10
189.706327
 20
178.051389
 30
0.0
 10
189.744140
 20
178.063844
 30
0.0
  0
SPLINE
  5
781
100
AcDbEntity
  8
0
 62
7
100
AcDbSpline
 70
8
 71
3
 72
8
 73
4
 74
0
 40
0
 40
0
 40
0
 40
0
 40
1
 40
1
 40
1
 40
1
 10
189.744140
 20
178.063844
 30
0.0
 10
189.781967
 20
178.076257
 30
0.0
 10
189.813308
 20
178.103199
 30
0.0
 10
189.831258
 20
178.138735
 30
0.0
  0
SPLINE
  5
782
100
AcDbEntity
  8
0
 62
7
100
AcDbSpline
 70
8
 71
3
 72
8
 73
4
 74
0
 40
0
 40
0
 40
0
 40
0
 40
1
 40
1
 40
1
 40
1
 10
189.831258
 20
178.138735
 30
0.0
 10
189.849209
 20
178.174270
 30
0.0
 10
189.852296
 20
178.215484
 30
0.0
 10
189.839840
 20
178.253297
 30
0.0
  0
LWPOLYLINE
  5
783
100
AcDbEntity
  8
0
 62
7
100
AcDbPolyline
 90
2
 70
0
 10
189.054690
 20
179.659544
 30
0.0
 10
189.554690
 20
178.159544
 30
0.0
  0
SPLINE
  5
784
100
AcDbEntity
  8
0
 62
7
100
AcDbSpline
 70
8
 71
3
 72
8
 73
4
 74
0
 40
0
 40
0
 40
0
 40
0
 40
1
 40
1
 40
1
 40
1
 10
189.339840
 20
179.753297
 30
0.0
 10
189.327427
 20
179.791124
 30
0.0
 10
189.300485
 20
179.822464
 30
0.0
 10
189.264951
 20
179.840414
 30
0.0
  0
SPLINE
  5
785
100
AcDbEntity
  8
0
 62
7
100
AcDbSpline
 70
8
 71
3
 72
8
 73
4
 74
0
 40
0
 40
0
 40
0
 40
0
 40
1
 40
1
 40
1
 40
1
 10
189.264951
 20
179.840414
 30
0.0
 10
189.229416
 20
179.858364
 30
0.0
 10
189.188203
 20
179.861452
 30
0.0
 10
189.150390
 20
179.848997
 30
0.0
  0
LWPOLYLINE
  5
786
100
AcDbEntity
  8
0
 62
7
100
AcDbPolyline
 90
2
 70
0
 10
189.839840
 20
178.253297
 30
0.0
 10
189.339840
 20
179.753297
 30
0.0
  0
SPLINE
  5
787
100
AcDbEntity
  8
0
 62
7
100
AcDbSpline
 70
8
 71
3
 72
8
 73
4
 74
0
 40
0
 40
0
 40
0
 40
0
 40
1
 40
1
 40
1
 40
1
 10
190.244140
 20
179.848997
 30
0.0
 10
190.206327
 20
179.861452
 30
0.0
 10
190.165114
 20
179.858364
 30
0.0
 10
190.129579
 20
179.840414
 30
0.0
  0
SPLINE
  5
788
100
AcDbEntity
  8
0
 62
7
100
AcDbSpline
 70
8
 71
3
 72
8
 73
4
 74
0
 40
0
 40
0
 40
0
 40
0
 40
1
 40
1
 40
1
 40
1
 10
190.129579
 20
179.840414
 30
0.0
 10
190.094045
 20
179.822464
 30
0.0
 10
190.067103
 20
179.791124
 30
0.0
 10
190.054690
 20
179.753297
 30
0.0
  0
LWPOLYLINE
  5
789
100
AcDbEntity
  8
0
 62
7
100
AcDbPolyline
 90
1
 70
1
 10
189.150390
 20
179.848997
 30
0.0
  0
SPLINE
  5
78a
100
AcDbEntity
  8
0
 62
7
100
AcDbSpline
 70
8
 71
3
 72
8
 73
4
 74
0
 40
0
 40
0
 40
0
 40
0
 40
1
 40
1
 40
1
 40
1
 10
189.554690
 20
178.253297
 30
0.0
 10
189.542234
 20
178.215484
 30
0.0
 10
189.545321
 20
178.174270
 30
0.0
 10
189.563272
 20
178.138735
 30
0.0
  0
SPLINE
  5
78b
100
AcDbEntity
  8
0
 62
7
100
AcDbSpline
 70
8
 71
3
 72
8
 73
4
 74
0
 40
0
 40
0
 40
0
 40
0
 40
1
 40
1
 40
1
 40
1
 10
189.563272
 20
178.138735
 30
0.0
 10
189.581222
 20
178.103199
 30
0.0
 10
189.612563
 20
178.076257
 30
0.0
 10
189.650390
 20
178.063844
 30
0.0
  0
SPLINE
  5
78c
100
AcDbEntity
  8
0
 62
7
100
AcDbSpline
 70
8
 71
3
 72
8
 73
4
 74
0
 40
0
 40
0
 40
0
 40
0
 40
1
 40
1
 40
1
 40
1
 10
189.650390
 20
178.063844
 30
0.0
 10
189.688203
 20
178.051389
 30
0.0
 10
189.729416
 20
178.054477
 30
0.0
 10
189.764951
 20
178.072427
 30
0.0
  0
SPLINE
  5
78d
100
AcDbEntity
  8
0
 62
7
100
AcDbSpline
 70
8
 71
3
 72
8
 73
4
 74
0
 40
0
 40
0
 40
0
 40
0
 40
1
 40
1
 40
1
 40
1
 10
189.764951
 20
178.072427
 30
0.0
 10
189.800485
 20
178.090377
 30
0.0
 10
189.827427
 20
178.121717
 30
0.0
 10
189.839840
 20
178.159544
 30
0.0
  0
LWPOLYLINE
  5
78e
100
AcDbEntity
  8
0
 62
7
100
AcDbPolyline
 90
2
 70
0
 10
190.054690
 20
179.753297
 30
0.0
 10
189.554690
 20
178.253297
 30
0.0
  0
SPLINE
  5
78f
100
AcDbEntity
  8
0
 62
7
100
AcDbSpline
 70
8
 71
3
 72
8
 73
4
 74
0
 40
0
 40
0
 40
0
 40
0
 40
1
 40
1
 40
1
 40
1
 10
190.339840
 20
179.659544
 30
0.0
 10
190.352296
 20
179.697357
 30
0.0
 10
190.349209
 20
179.738571
 30
0.0
 10
190.331258
 20
179.774106
 30
0.0
  0
SPLINE
  5
790
100
AcDbEntity
  8
0
 62
7
100
AcDbSpline
 70
8
 71
3
 72
8
 73
4
 74
0
 40
0
 40
0
 40
0
 40
0
 40
1
 40
1
 40
1
 40
1
 10
190.331258
 20
179.774106
 30
0.0
 10
190.313308
 20
179.809642
 30
0.0
 10
190.281967
 20
179.836584
 30
0.0
 10
190.244140
 20
179.848997
 30
0.0
  0
LWPOLYLINE
  5
791
100
AcDbEntity
  8
0
 62
7
100
AcDbPolyline
 90
2
 70
0
 10
189.839840
 20
178.159544
 30
0.0
 10
190.339840
 20
179.659544
 30
0.0
  0
SPLINE
  5
792
100
AcDbEntity
  8
0
 62
7
100
AcDbSpline
 70
8
 71
3
 72
8
 73
4
 74
0
 40
0
 40
0
 40
0
 40
0
 40
1
 40
1
 40
1
 40
1
 10
190.697270
 20
179.141966
 30
0.0
 10
190.657350
 20
179.142073
 30
0.0
 10
190.619035
 20
179.126262
 30
0.0
 10
190.590807
 20
179.098036
 30
0.0
  0
SPLINE
  5
793
100
AcDbEntity
  8
0
 62
7
100
AcDbSpline
 70
8
 71
3
 72
8
 73
4
 74
0
 40
0
 40
0
 40
0
 40
0
 40
1
 40
1
 40
1
 40
1
 10
190.590807
 20
179.098036
 30
0.0
 10
190.562578
 20
179.069809
 30
0.0
 10
190.546766
 20
179.031495
 30
0.0
 10
190.546870
 20
178.991575
 30
0.0
  0
SPLINE
  5
794
100
AcDbEntity
  8
0
 62
7
100
AcDbSpline
 70
8
 71
3
 72
8
 73
4
 74
0
 40
0
 40
0
 40
0
 40
0
 40
1
 40
1
 40
1
 40
1
 10
190.546870
 20
178.991575
 30
0.0
 10
190.546766
 20
178.951655
 30
0.0
 10
190.562578
 20
178.913341
 30
0.0
 10
190.590807
 20
178.885114
 30
0.0
  0
SPLINE
  5
795
100
AcDbEntity
  8
0
 62
7
100
AcDbSpline
 70
8
 71
3
 72
8
 73
4
 74
0
 40
0
 40
0
 40
0
 40
0
 40
1
 40
1
 40
1
 40
1
 10
190.590807
 20
178.885114
 30
0.0
 10
190.619035
 20
178.856888
 30
0.0
 10
190.657350
 20
178.841077
 30
0.0
 10
190.697270
 20
178.841184
 30
0.0
  0
LWPOLYLINE
  5
796
100
AcDbEntity
  8
0
 62
7
100
AcDbPolyline
 90
1
 70
1
 10
190.244140
 20
179.848997
 30
0.0
  0
SPLINE
  5
797
100
AcDbEntity
  8
0
 62
7
100
AcDbSpline
 70
8
 71
3
 72
8
 73
4
 74
0
 40
0
 40
0
 40
0
 40
0
 40
1
 40
1
 40
1
 40
1
 10
191.197270
 20
178.841184
 30
0.0
 10
191.237188
 20
178.841080
 30
0.0
 10
191.275501
 20
178.856891
 30
0.0
 10
191.303727
 20
178.885118
 30
0.0
  0
SPLINE
  5
798
100
AcDbEntity
  8
0
 62
7
100
AcDbSpline
 70
8
 71
3
 72
8
 73
4
 74
0
 40
0
 40
0
 40
0
 40
0
 40
1
 40
1
 40
1
 40
1
 10
191.303727
 20
178.885118
 30
0.0
 10
191.331953
 20
178.913344
 30
0.0
 10
191.347764
 20
178.951657
 30
0.0
 10
191.347660
 20
178.991575
 30
0.0
  0
SPLINE
  5
799
100
AcDbEntity
  8
0
 62
7
100
AcDbSpline
 70
8
 71
3
 72
8
 73
4
 74
0
 40
0
 40
0
 40
0
 40
0
 40
1
 40
1
 40
1
 40
1
 10
191.347660
 20
178.991575
 30
0.0
 10
191.347764
 20
179.031493
 30
0.0
 10
191.331953
 20
179.069806
 30
0.0
 10
191.303727
 20
179.098032
 30
0.0
  0
SPLINE
  5
79a
100
AcDbEntity
  8
0
 62
7
100
AcDbSpline
 70
8
 71
3
 72
8
 73
4
 74
0
 40
0
 40
0
 40
0
 40
0
 40
1
 40
1
 40
1
 40
1
 10
191.303727
 20
179.098032
 30
0.0
 10
191.275501
 20
179.126259
 30
0.0
 10
191.237188
 20
179.142070
 30
0.0
 10
191.197270
 20
179.141966
 30
0.0
  0
LWPOLYLINE
  5
79b
100
AcDbEntity
  8
0
 62
7
100
AcDbPolyline
 90
2
 70
0
 10
190.697270
 20
178.841184
 30
0.0
 10
191.197270
 20
178.841184
 30
0.0
  0
SPLINE
  5
79c
100
AcDbEntity
  8
0
 62
7
100
AcDbSpline
 70
8
 71
3
 72
8
 73
4
 74
0
 40
0
 40
0
 40
0
 40
0
 40
1
 40
1
 40
1
 40
1
 10
190.697270
 20
178.356809
 30
0.0
 10
190.657351
 20
178.356916
 30
0.0
 10
190.619035
 20
178.341106
 30
0.0
 10
190.590807
 20
178.312879
 30
0.0
  0
SPLINE
  5
79d
100
AcDbEntity
  8
0
 62
7
100
AcDbSpline
 70
8
 71
3
 72
8
 73
4
 74
0
 40
0
 40
0
 40
0
 40
0
 40
1
 40
1
 40
1
 40
1
 10
190.590807
 20
178.312879
 30
0.0
 10
190.562579
 20
178.284653
 30
0.0
 10
190.546766
 20
178.246338
 30
0.0
 10
190.546870
 20
178.206419
 30
0.0
  0
SPLINE
  5
79e
100
AcDbEntity
  8
0
 62
7
100
AcDbSpline
 70
8
 71
3
 72
8
 73
4
 74
0
 40
0
 40
0
 40
0
 40
0
 40
1
 40
1
 40
1
 40
1
 10
190.546870
 20
178.206419
 30
0.0
 10
190.546766
 20
178.166499
 30
0.0
 10
190.562578
 20
178.128185
 30
0.0
 10
190.590807
 20
178.099958
 30
0.0
  0
SPLINE
  5
79f
100
AcDbEntity
  8
0
 62
7
100
AcDbSpline
 70
8
 71
3
 72
8
 73
4
 74
0
 40
0
 40
0
 40
0
 40
0
 40
1
 40
1
 40
1
 40
1
 10
190.590807
 20
178.099958
 30
0.0
 10
190.619035
 20
178.071732
 30
0.0
 10
190.657350
 20
178.055921
 30
0.0
 10
190.697270
 20
178.056028
 30
0.0
  0
LWPOLYLINE
  5
7a0
100
AcDbEntity
  8
0
 62
7
100
AcDbPolyline
 90
2
 70
0
 10
191.197270
 20
179.141966
 30
0.0
 10
190.697270
 20
179.141966
 30
0.0
  0
SPLINE
  5
7a1
100
AcDbEntity
  8
0
 62
7
100
AcDbSpline
 70
8
 71
3
 72
8
 73
4
 74
0
 40
0
 40
0
 40
0
 40
0
 40
1
 40
1
 40
1
 40
1
 10
191.412110
 20
178.056028
 30
0.0
 10
191.452028
 20
178.055924
 30
0.0
 10
191.490341
 20
178.071735
 30
0.0
 10
191.518567
 20
178.099962
 30
0.0
  0
SPLINE
  5
7a2
100
AcDbEntity
  8
0
 62
7
100
AcDbSpline
 70
8
 71
3
 72
8
 73
4
 74
0
 40
0
 40
0
 40
0
 40
0
 40
1
 40
1
 40
1
 40
1
 10
191.518567
 20
178.099962
 30
0.0
 10
191.546793
 20
178.128188
 30
0.0
 10
191.562604
 20
178.166501
 30
0.0
 10
191.562500
 20
178.206419
 30
0.0
  0
SPLINE
  5
7a3
100
AcDbEntity
  8
0
 62
7
100
AcDbSpline
 70
8
 71
3
 72
8
 73
4
 74
0
 40
0
 40
0
 40
0
 40
0
 40
1
 40
1
 40
1
 40
1
 10
191.562500
 20
178.206419
 30
0.0
 10
191.562604
 20
178.246337
 30
0.0
 10
191.546793
 20
178.284649
 30
0.0
 10
191.518567
 20
178.312876
 30
0.0
  0
SPLINE
  5
7a4
100
AcDbEntity
  8
0
 62
7
100
AcDbSpline
 70
8
 71
3
 72
8
 73
4
 74
0
 40
0
 40
0
 40
0
 40
0
 40
1
 40
1
 40
1
 40
1
 10
191.518567
 20
178.312876
 30
0.0
 10
191.490340
 20
178.341102
 30
0.0
 10
191.452028
 20
178.356913
 30
0.0
 10
191.412110
 20
178.356809
 30
0.0
  0
LWPOLYLINE
  5
7a5
100
AcDbEntity
  8
0
 62
7
100
AcDbPolyline
 90
2
 70
0
 10
190.697270
 20
178.056028
 30
0.0
 10
191.412110
 20
178.056028
 30
0.0
  0
SPLINE
  5
7a6
100
AcDbEntity
  8
0
 62
7
100
AcDbSpline
 70
8
 71
3
 72
8
 73
4
 74
0
 40
0
 40
0
 40
0
 40
0
 40
1
 40
1
 40
1
 40
1
 10
190.697270
 20
179.856809
 30
0.0
 10
190.657351
 20
179.856916
 30
0.0
 10
190.619035
 20
179.841106
 30
0.0
 10
190.590807
 20
179.812879
 30
0.0
  0
SPLINE
  5
7a7
100
AcDbEntity
  8
0
 62
7
100
AcDbSpline
 70
8
 71
3
 72
8
 73
4
 74
0
 40
0
 40
0
 40
0
 40
0
 40
1
 40
1
 40
1
 40
1
 10
190.590807
 20
179.812879
 30
0.0
 10
190.562579
 20
179.784653
 30
0.0
 10
190.546766
 20
179.746338
 30
0.0
 10
190.546870
 20
179.706419
 30
0.0
  0
LWPOLYLINE
  5
7a8
100
AcDbEntity
  8
0
 62
7
100
AcDbPolyline
 90
2
 70
0
 10
191.412110
 20
178.356809
 30
0.0
 10
190.697270
 20
178.356809
 30
0.0
  0
SPLINE
  5
7a9
100
AcDbEntity
  8
0
 62
7
100
AcDbSpline
 70
8
 71
3
 72
8
 73
4
 74
0
 40
0
 40
0
 40
0
 40
0
 40
1
 40
1
 40
1
 40
1
 10
190.546870
 20
178.206419
 30
0.0
 10
190.546766
 20
178.166499
 30
0.0
 10
190.562578
 20
178.128185
 30
0.0
 10
190.590807
 20
178.099958
 30
0.0
  0
SPLINE
  5
7aa
100
AcDbEntity
  8
0
 62
7
100
AcDbSpline
 70
8
 71
3
 72
8
 73
4
 74
0
 40
0
 40
0
 40
0
 40
0
 40
1
 40
1
 40
1
 40
1
 10
190.590807
 20
178.099958
 30
0.0
 10
190.619035
 20
178.071732
 30
0.0
 10
190.657350
 20
178.055921
 30
0.0
 10
190.697270
 20
178.056028
 30
0.0
  0
SPLINE
  5
7ab
100
AcDbEntity
  8
0
 62
7
100
AcDbSpline
 70
8
 71
3
 72
8
 73
4
 74
0
 40
0
 40
0
 40
0
 40
0
 40
1
 40
1
 40
1
 40
1
 10
190.697270
 20
178.056028
 30
0.0
 10
190.737188
 20
178.055924
 30
0.0
 10
190.775501
 20
178.071735
 30
0.0
 10
190.803727
 20
178.099962
 30
0.0
  0
SPLINE
  5
7ac
100
AcDbEntity
  8
0
 62
7
100
AcDbSpline
 70
8
 71
3
 72
8
 73
4
 74
0
 40
0
 40
0
 40
0
 40
0
 40
1
 40
1
 40
1
 40
1
 10
190.803727
 20
178.099962
 30
0.0
 10
190.831953
 20
178.128188
 30
0.0
 10
190.847764
 20
178.166501
 30
0.0
 10
190.847660
 20
178.206419
 30
0.0
  0
LWPOLYLINE
  5
7ad
100
AcDbEntity
  8
0
 62
7
100
AcDbPolyline
 90
2
 70
0
 10
190.546870
 20
179.706419
 30
0.0
 10
190.546870
 20
178.206419
 30
0.0
  0
SPLINE
  5
7ae
100
AcDbEntity
  8
0
 62
7
100
AcDbSpline
 70
8
 71
3
 72
8
 73
4
 74
0
 40
0
 40
0
 40
0
 40
0
 40
1
 40
1
 40
1
 40
1
 10
190.847660
 20
179.706419
 30
0.0
 10
190.847764
 20
179.746337
 30
0.0
 10
190.831953
 20
179.784649
 30
0.0
 10
190.803727
 20
179.812876
 30
0.0
  0
SPLINE
  5
7af
100
AcDbEntity
  8
0
 62
7
100
AcDbSpline
 70
8
 71
3
 72
8
 73
4
 74
0
 40
0
 40
0
 40
0
 40
0
 40
1
 40
1
 40
1
 40
1
 10
190.803727
 20
179.812876
 30
0.0
 10
190.775500
 20
179.841102
 30
0.0
 10
190.737188
 20
179.856913
 30
0.0
 10
190.697270
 20
179.856809
 30
0.0
  0
LWPOLYLINE
  5
7b0
100
AcDbEntity
  8
0
 62
7
100
AcDbPolyline
 90
2
 70
0
 10
190.847660
 20
178.206419
 30
0.0
 10
190.847660
 20
179.706419
 30
0.0
  0
SPLINE
  5
7b1
100
AcDbEntity
  8
0
 62
7
100
AcDbSpline
 70
8
 71
3
 72
8
 73
4
 74
0
 40
0
 40
0
 40
0
 40
0
 40
1
 40
1
 40
1
 40
1
 10
190.697270
 20
179.856809
 30
0.0
 10
190.657351
 20
179.856916
 30
0.0
 10
190.619035
 20
179.841106
 30
0.0
 10
190.590807
 20
179.812879
 30
0.0
  0
SPLINE
  5
7b2
100
AcDbEntity
  8
0
 62
7
100
AcDbSpline
 70
8
 71
3
 72
8
 73
4
 74
0
 40
0
 40
0
 40
0
 40
0
 40
1
 40
1
 40
1
 40
1
 10
190.590807
 20
179.812879
 30
0.0
 10
190.562579
 20
179.784653
 30
0.0
 10
190.546766
 20
179.746338
 30
0.0
 10
190.546870
 20
179.706419
 30
0.0
  0
SPLINE
  5
7b3
100
AcDbEntity
  8
0
 62
7
100
AcDbSpline
 70
8
 71
3
 72
8
 73
4
 74
0
 40
0
 40
0
 40
0
 40
0
 40
1
 40
1
 40
1
 40
1
 10
190.546870
 20
179.706419
 30
0.0
 10
190.546766
 20
179.666499
 30
0.0
 10
190.562578
 20
179.628185
 30
0.0
 10
190.590807
 20
179.599958
 30
0.0
  0
SPLINE
  5
7b4
100
AcDbEntity
  8
0
 62
7
100
AcDbSpline
 70
8
 71
3
 72
8
 73
4
 74
0
 40
0
 40
0
 40
0
 40
0
 40
1
 40
1
 40
1
 40
1
 10
190.590807
 20
179.599958
 30
0.0
 10
190.619035
 20
179.571732
 30
0.0
 10
190.657350
 20
179.555921
 30
0.0
 10
190.697270
 20
179.556028
 30
0.0
  0
LWPOLYLINE
  5
7b5
100
AcDbEntity
  8
0
 62
7
100
AcDbPolyline
 90
1
 70
1
 10
190.697270
 20
179.856809
 30
0.0
  0
SPLINE
  5
7b6
100
AcDbEntity
  8
0
 62
7
100
AcDbSpline
 70
8
 71
3
 72
8
 73
4
 74
0
 40
0
 40
0
 40
0
 40
0
 40
1
 40
1
 40
1
 40
1
 10
191.412110
 20
179.556028
 30
0.0
 10
191.452028
 20
179.555924
 30
0.0
 10
191.490341
 20
179.571735
 30
0.0
 10
191.518567
 20
179.599962
 30
0.0
  0
SPLINE
  5
7b7
100
AcDbEntity
  8
0
 62
7
100
AcDbSpline
 70
8
 71
3
 72
8
 73
4
 74
0
 40
0
 40
0
 40
0
 40
0
 40
1
 40
1
 40
1
 40
1
 10
191.518567
 20
179.599962
 30
0.0
 10
191.546793
 20
179.628188
 30
0.0
 10
191.562604
 20
179.666501
 30
0.0
 10
191.562500
 20
179.706419
 30
0.0
  0
SPLINE
  5
7b8
100
AcDbEntity
  8
0
 62
7
100
AcDbSpline
 70
8
 71
3
 72
8
 73
4
 74
0
 40
0
 40
0
 40
0
 40
0
 40
1
 40
1
 40
1
 40
1
 10
191.562500
 20
179.706419
 30
0.0
 10
191.562604
 20
179.746337
 30
0.0
 10
191.546793
 20
179.784649
 30
0.0
 10
191.518567
 20
179.812876
 30
0.0
  0
SPLINE
  5
7b9
100
AcDbEntity
  8
0
 62
7
100
AcDbSpline
 70
8
 71
3
 72
8
 73
4
 74
0
 40
0
 40
0
 40
0
 40
0
 40
1
 40
1
 40
1
 40
1
 10
191.518567
 20
179.812876
 30
0.0
 10
191.490340
 20
179.841102
 30
0.0
 10
191.452028
 20
179.856913
 30
0.0
 10
191.412110
 20
179.856809
 30
0.0
  0
LWPOLYLINE
  5
7ba
100
AcDbEntity
  8
0
 62
7
100
AcDbPolyline
 90
2
 70
0
 10
190.697270
 20
179.556028
 30
0.0
 10
191.412110
 20
179.556028
 30
0.0
  0
SPLINE
  5
7bb
100
AcDbEntity
  8
0
 62
7
100
AcDbSpline
 70
8
 71
3
 72
8
 73
4
 74
0
 40
0
 40
0
 40
0
 40
0
 40
1
 40
1
 40
1
 40
1
 10
192.326170
 20
179.044309
 30
0.0
 10
192.293519
 20
179.021530
 30
0.0
 10
192.271262
 20
178.986706
 30
0.0
 10
192.264303
 20
178.947507
 30
0.0
  0
SPLINE
  5
7bc
100
AcDbEntity
  8
0
 62
7
100
AcDbSpline
 70
8
 71
3
 72
8
 73
4
 74
0
 40
0
 40
0
 40
0
 40
0
 40
1
 40
1
 40
1
 40
1
 10
192.264303
 20
178.947507
 30
0.0
 10
192.257345
 20
178.908308
 30
0.0
 10
192.266254
 20
178.867951
 30
0.0
 10
192.289070
 20
178.835325
 30
0.0
  0
LWPOLYLINE
  5
7bd
100
AcDbEntity
  8
0
 62
7
100
AcDbPolyline
 90
2
 70
0
 10
191.412110
 20
179.856809
 30
0.0
 10
190.697270
 20
179.856809
 30
0.0
  0
SPLINE
  5
7be
100
AcDbEntity
  8
0
 62
7
100
AcDbSpline
 70
8
 71
3
 72
8
 73
4
 74
0
 40
0
 40
0
 40
0
 40
0
 40
1
 40
1
 40
1
 40
1
 10
192.789070
 20
178.120481
 30
0.0
 10
192.811847
 20
178.087826
 30
0.0
 10
192.846672
 20
178.065567
 30
0.0
 10
192.885873
 20
178.058606
 30
0.0
  0
SPLINE
  5
7bf
100
AcDbEntity
  8
0
 62
7
100
AcDbSpline
 70
8
 71
3
 72
8
 73
4
 74
0
 40
0
 40
0
 40
0
 40
0
 40
1
 40
1
 40
1
 40
1
 10
192.885873
 20
178.058606
 30
0.0
 10
192.925073
 20
178.051645
 30
0.0
 10
192.965433
 20
178.060555
 30
0.0
 10
192.998060
 20
178.083371
 30
0.0
  0
SPLINE
  5
7c0
100
AcDbEntity
  8
0
 62
7
100
AcDbSpline
 70
8
 71
3
 72
8
 73
4
 74
0
 40
0
 40
0
 40
0
 40
0
 40
1
 40
1
 40
1
 40
1
 10
192.998060
 20
178.083371
 30
0.0
 10
193.030711
 20
178.106150
 30
0.0
 10
193.052968
 20
178.140974
 30
0.0
 10
193.059927
 20
178.180173
 30
0.0
  0
SPLINE
  5
7c1
100
AcDbEntity
  8
0
 62
7
100
AcDbSpline
 70
8
 71
3
 72
8
 73
4
 74
0
 40
0
 40
0
 40
0
 40
0
 40
1
 40
1
 40
1
 40
1
 10
193.059927
 20
178.180173
 30
0.0
 10
193.066885
 20
178.219372
 30
0.0
 10
193.057976
 20
178.259729
 30
0.0
 10
193.035160
 20
178.292355
 30
0.0
  0
LWPOLYLINE
  5
7c2
100
AcDbEntity
  8
0
 62
7
100
AcDbPolyline
 90
2
 70
0
 10
192.289070
 20
178.835325
 30
0.0
 10
192.789070
 20
178.120481
 30
0.0
  0
SPLINE
  5
7c3
100
AcDbEntity
  8
0
 62
7
100
AcDbSpline
 70
8
 71
3
 72
8
 73
4
 74
0
 40
0
 40
0
 40
0
 40
0
 40
1
 40
1
 40
1
 40
1
 10
192.535160
 20
179.007200
 30
0.0
 10
192.512383
 20
179.039855
 30
0.0
 10
192.477558
 20
179.062114
 30
0.0
 10
192.438357
 20
179.069075
 30
0.0
  0
SPLINE
  5
7c4
100
AcDbEntity
  8
0
 62
7
100
AcDbSpline
 70
8
 71
3
 72
8
 73
4
 74
0
 40
0
 40
0
 40
0
 40
0
 40
1
 40
1
 40
1
 40
1
 10
192.438357
 20
179.069075
 30
0.0
 10
192.399157
 20
179.076036
 30
0.0
 10
192.358797
 20
179.067126
 30
0.0
 10
192.326170
 20
179.044310
 30
0.0
  0
LWPOLYLINE
  5
7c5
100
AcDbEntity
  8
0
 62
7
100
AcDbPolyline
 90
2
 70
0
 10
193.035160
 20
178.292355
 30
0.0
 10
192.535160
 20
179.007200
 30
0.0
  0
SPLINE
  5
7c6
100
AcDbEntity
  8
0
 62
7
100
AcDbSpline
 70
8
 71
3
 72
8
 73
4
 74
0
 40
0
 40
0
 40
0
 40
0
 40
1
 40
1
 40
1
 40
1
 10
192.054690
 20
179.856809
 30
0.0
 10
192.014772
 20
179.856913
 30
0.0
 10
191.976460
 20
179.841102
 30
0.0
 10
191.948233
 20
179.812876
 30
0.0
  0
SPLINE
  5
7c7
100
AcDbEntity
  8
0
 62
7
100
AcDbSpline
 70
8
 71
3
 72
8
 73
4
 74
0
 40
0
 40
0
 40
0
 40
0
 40
1
 40
1
 40
1
 40
1
 10
191.948233
 20
179.812876
 30
0.0
 10
191.920007
 20
179.784649
 30
0.0
 10
191.904196
 20
179.746337
 30
0.0
 10
191.904300
 20
179.706419
 30
0.0
  0
LWPOLYLINE
  5
7c8
100
AcDbEntity
  8
0
 62
7
100
AcDbPolyline
 90
1
 70
1
 10
192.326170
 20
179.044310
 30
0.0
  0
SPLINE
  5
7c9
100
AcDbEntity
  8
0
 62
7
100
AcDbSpline
 70
8
 71
3
 72
8
 73
4
 74
0
 40
0
 40
0
 40
0
 40
0
 40
1
 40
1
 40
1
 40
1
 10
191.904300
 20
178.206419
 30
0.0
 10
191.904196
 20
178.166501
 30
0.0
 10
191.920007
 20
178.128188
 30
0.0
 10
191.948233
 20
178.099962
 30
0.0
  0
SPLINE
  5
7ca
100
AcDbEntity
  8
0
 62
7
100
AcDbSpline
 70
8
 71
3
 72
8
 73
4
 74
0
 40
0
 40
0
 40
0
 40
0
 40
1
 40
1
 40
1
 40
1
 10
191.948233
 20
178.099962
 30
0.0
 10
191.976459
 20
178.071735
 30
0.0
 10
192.014772
 20
178.055924
 30
0.0
 10
192.054690
 20
178.056028
 30
0.0
  0
SPLINE
  5
7cb
100
AcDbEntity
  8
0
 62
7
100
AcDbSpline
 70
8
 71
3
 72
8
 73
4
 74
0
 40
0
 40
0
 40
0
 40
0
 40
1
 40
1
 40
1
 40
1
 10
192.054690
 20
178.056028
 30
0.0
 10
192.094608
 20
178.055924
 30
0.0
 10
192.132921
 20
178.071735
 30
0.0
 10
192.161147
 20
178.099962
 30
0.0
  0
SPLINE
  5
7cc
100
AcDbEntity
  8
0
 62
7
100
AcDbSpline
 70
8
 71
3
 72
8
 73
4
 74
0
 40
0
 40
0
 40
0
 40
0
 40
1
 40
1
 40
1
 40
1
 10
192.161147
 20
178.099962
 30
0.0
 10
192.189373
 20
178.128188
 30
0.0
 10
192.205184
 20
178.166501
 30
0.0
 10
192.205080
 20
178.206419
 30
0.0
  0
LWPOLYLINE
  5
7cd
100
AcDbEntity
  8
0
 62
7
100
AcDbPolyline
 90
2
 70
0
 10
191.904300
 20
179.706419
 30
0.0
 10
191.904300
 20
178.206419
 30
0.0
  0
SPLINE
  5
7ce
100
AcDbEntity
  8
0
 62
7
100
AcDbSpline
 70
8
 71
3
 72
8
 73
4
 74
0
 40
0
 40
0
 40
0
 40
0
 40
1
 40
1
 40
1
 40
1
 10
192.205080
 20
179.706419
 30
0.0
 10
192.205184
 20
179.746337
 30
0.0
 10
192.189373
 20
179.784649
 30
0.0
 10
192.161147
 20
179.812876
 30
0.0
  0
SPLINE
  5
7cf
100
AcDbEntity
  8
0
 62
7
100
AcDbSpline
 70
8
 71
3
 72
8
 73
4
 74
0
 40
0
 40
0
 40
0
 40
0
 40
1
 40
1
 40
1
 40
1
 10
192.161147
 20
179.812876
 30
0.0
 10
192.132920
 20
179.841102
 30
0.0
 10
192.094608
 20
179.856913
 30
0.0
 10
192.054690
 20
179.856809
 30
0.0
  0
LWPOLYLINE
  5
7d0
100
AcDbEntity
  8
0
 62
7
100
AcDbPolyline
 90
2
 70
0
 10
192.205080
 20
178.206419
 30
0.0
 10
192.205080
 20
179.706419
 30
0.0
  0
SPLINE
  5
7d1
100
AcDbEntity
  8
0
 62
7
100
AcDbSpline
 70
8
 71
3
 72
8
 73
4
 74
0
 40
0
 40
0
 40
0
 40
0
 40
1
 40
1
 40
1
 40
1
 10
192.054690
 20
179.856809
 30
0.0
 10
192.014772
 20
179.856913
 30
0.0
 10
191.976460
 20
179.841102
 30
0.0
 10
191.948233
 20
179.812876
 30
0.0
  0
SPLINE
  5
7d2
100
AcDbEntity
  8
0
 62
7
100
AcDbSpline
 70
8
 71
3
 72
8
 73
4
 74
0
 40
0
 40
0
 40
0
 40
0
 40
1
 40
1
 40
1
 40
1
 10
191.948233
 20
179.812876
 30
0.0
 10
191.920007
 20
179.784649
 30
0.0
 10
191.904196
 20
179.746337
 30
0.0
 10
191.904300
 20
179.706419
 30
0.0
  0
SPLINE
  5
7d3
100
AcDbEntity
  8
0
 62
7
100
AcDbSpline
 70
8
 71
3
 72
8
 73
4
 74
0
 40
0
 40
0
 40
0
 40
0
 40
1
 40
1
 40
1
 40
1
 10
191.904300
 20
179.706419
 30
0.0
 10
191.904196
 20
179.666501
 30
0.0
 10
191.920007
 20
179.628188
 30
0.0
 10
191.948233
 20
179.599962
 30
0.0
  0
SPLINE
  5
7d4
100
AcDbEntity
  8
0
 62
7
100
AcDbSpline
 70
8
 71
3
 72
8
 73
4
 74
0
 40
0
 40
0
 40
0
 40
0
 40
1
 40
1
 40
1
 40
1
 10
191.948233
 20
179.599962
 30
0.0
 10
191.976459
 20
179.571735
 30
0.0
 10
192.014772
 20
179.555924
 30
0.0
 10
192.054690
 20
179.556028
 30
0.0
  0
LWPOLYLINE
  5
7d5
100
AcDbEntity
  8
0
 62
7
100
AcDbPolyline
 90
1
 70
1
 10
192.054690
 20
179.856809
 30
0.0
  0
SPLINE
  5
7d6
100
AcDbEntity
  8
0
 62
7
100
AcDbSpline
 70
8
 71
3
 72
8
 73
4
 74
0
 40
0
 40
0
 40
0
 40
0
 40
1
 40
1
 40
1
 40
1
 10
192.625000
 20
179.556028
 30
0.0
 10
192.664918
 20
179.555924
 30
0.0
 10
192.703231
 20
179.571735
 30
0.0
 10
192.731457
 20
179.599962
 30
0.0
  0
SPLINE
  5
7d7
100
AcDbEntity
  8
0
 62
7
100
AcDbSpline
 70
8
 71
3
 72
8
 73
4
 74
0
 40
0
 40
0
 40
0
 40
0
 40
1
 40
1
 40
1
 40
1
 10
192.731457
 20
179.599962
 30
0.0
 10
192.759683
 20
179.628188
 30
0.0
 10
192.775494
 20
179.666501
 30
0.0
 10
192.775390
 20
179.706419
 30
0.0
  0
SPLINE
  5
7d8
100
AcDbEntity
  8
0
 62
7
100
AcDbSpline
 70
8
 71
3
 72
8
 73
4
 74
0
 40
0
 40
0
 40
0
 40
0
 40
1
 40
1
 40
1
 40
1
 10
192.775390
 20
179.706419
 30
0.0
 10
192.775494
 20
179.746337
 30
0.0
 10
192.759683
 20
179.784649
 30
0.0
 10
192.731457
 20
179.812876
 30
0.0
  0
SPLINE
  5
7d9
100
AcDbEntity
  8
0
 62
7
100
AcDbSpline
 70
8
 71
3
 72
8
 73
4
 74
0
 40
0
 40
0
 40
0
 40
0
 40
1
 40
1
 40
1
 40
1
 10
192.731457
 20
179.812876
 30
0.0
 10
192.703230
 20
179.841102
 30
0.0
 10
192.664918
 20
179.856913
 30
0.0
 10
192.625000
 20
179.856809
 30
0.0
  0
LWPOLYLINE
  5
7da
100
AcDbEntity
  8
0
 62
7
100
AcDbPolyline
 90
2
 70
0
 10
192.054690
 20
179.556028
 30
0.0
 10
192.625000
 20
179.556028
 30
0.0
  0
SPLINE
  5
7db
100
AcDbEntity
  8
0
 62
7
100
AcDbSpline
 70
8
 71
3
 72
8
 73
4
 74
0
 40
0
 40
0
 40
0
 40
0
 40
1
 40
1
 40
1
 40
1
 10
192.693360
 20
179.841184
 30
0.0
 10
192.657629
 20
179.858861
 30
0.0
 10
192.616331
 20
179.861587
 30
0.0
 10
192.578585
 20
179.848761
 30
0.0
  0
SPLINE
  5
7dc
100
AcDbEntity
  8
0
 62
7
100
AcDbSpline
 70
8
 71
3
 72
8
 73
4
 74
0
 40
0
 40
0
 40
0
 40
0
 40
1
 40
1
 40
1
 40
1
 10
192.578585
 20
179.848761
 30
0.0
 10
192.540840
 20
179.835935
 30
0.0
 10
192.509754
 20
179.808611
 30
0.0
 10
192.492190
 20
179.772824
 30
0.0
  0
SPLINE
  5
7dd
100
AcDbEntity
  8
0
 62
7
100
AcDbSpline
 70
8
 71
3
 72
8
 73
4
 74
0
 40
0
 40
0
 40
0
 40
0
 40
1
 40
1
 40
1
 40
1
 10
192.492190
 20
179.772824
 30
0.0
 10
192.455094
 20
179.698927
 30
0.0
 10
192.484793
 20
179.608947
 30
0.0
 10
192.558590
 20
179.571652
 30
0.0
  0
LWPOLYLINE
  5
7de
100
AcDbEntity
  8
0
 62
7
100
AcDbPolyline
 90
2
 70
0
 10
192.625000
 20
179.856809
 30
0.0
 10
192.054690
 20
179.856809
 30
0.0
  0
SPLINE
  5
7df
100
AcDbEntity
  8
0
 62
7
100
AcDbSpline
 70
8
 71
3
 72
8
 73
4
 74
0
 40
0
 40
0
 40
0
 40
0
 40
1
 40
1
 40
1
 40
1
 10
192.701170
 20
179.501342
 30
0.0
 10
192.775069
 20
179.464248
 30
0.0
 10
192.865049
 20
179.493953
 30
0.0
 10
192.902340
 20
179.567752
 30
0.0
  0
SPLINE
  5
7e0
100
AcDbEntity
  8
0
 62
7
100
AcDbSpline
 70
8
 71
3
 72
8
 73
4
 74
0
 40
0
 40
0
 40
0
 40
0
 40
1
 40
1
 40
1
 40
1
 10
192.902340
 20
179.567752
 30
0.0
 10
192.939436
 20
179.641649
 30
0.0
 10
192.909737
 20
179.731629
 30
0.0
 10
192.835940
 20
179.768924
 30
0.0
  0
LWPOLYLINE
  5
7e1
100
AcDbEntity
  8
0
 62
7
100
AcDbPolyline
 90
2
 70
0
 10
192.558590
 20
179.571652
 30
0.0
 10
192.701170
 20
179.501342
 30
0.0
  0
SPLINE
  5
7e2
100
AcDbEntity
  8
0
 62
7
100
AcDbSpline
 70
8
 71
3
 72
8
 73
4
 74
0
 40
0
 40
0
 40
0
 40
0
 40
1
 40
1
 40
1
 40
1
 10
192.662110
 20
179.741575
 30
0.0
 10
192.633747
 20
179.713414
 30
0.0
 10
192.617795
 20
179.675098
 30
0.0
 10
192.617795
 20
179.635130
 30
0.0
  0
SPLINE
  5
7e3
100
AcDbEntity
  8
0
 62
7
100
AcDbSpline
 70
8
 71
3
 72
8
 73
4
 74
0
 40
0
 40
0
 40
0
 40
0
 40
1
 40
1
 40
1
 40
1
 10
192.617795
 20
179.635130
 30
0.0
 10
192.617795
 20
179.595161
 30
0.0
 10
192.633747
 20
179.556845
 30
0.0
 10
192.662110
 20
179.528684
 30
0.0
  0
LWPOLYLINE
  5
7e4
100
AcDbEntity
  8
0
 62
7
100
AcDbPolyline
 90
2
 70
0
 10
192.835940
 20
179.768924
 30
0.0
 10
192.693360
 20
179.841184
 30
0.0
  0
SPLINE
  5
7e5
100
AcDbEntity
  8
0
 62
7
100
AcDbSpline
 70
8
 71
3
 72
8
 73
4
 74
0
 40
0
 40
0
 40
0
 40
0
 40
1
 40
1
 40
1
 40
1
 10
192.734410
 20
179.458374
 30
0.0
 10
192.792850
 20
179.400586
 30
0.0
 10
192.886910
 20
179.400586
 30
0.0
 10
192.945350
 20
179.458374
 30
0.0
  0
SPLINE
  5
7e6
100
AcDbEntity
  8
0
 62
7
100
AcDbSpline
 70
8
 71
3
 72
8
 73
4
 74
0
 40
0
 40
0
 40
0
 40
0
 40
1
 40
1
 40
1
 40
1
 10
192.945350
 20
179.458374
 30
0.0
 10
193.003136
 20
179.516813
 30
0.0
 10
193.003136
 20
179.610872
 30
0.0
 10
192.945350
 20
179.669311
 30
0.0
  0
LWPOLYLINE
  5
7e7
100
AcDbEntity
  8
0
 62
7
100
AcDbPolyline
 90
2
 70
0
 10
192.662110
 20
179.528684
 30
0.0
 10
192.734410
 20
179.458374
 30
0.0
  0
SPLINE
  5
7e8
100
AcDbEntity
  8
0
 62
7
100
AcDbSpline
 70
8
 71
3
 72
8
 73
4
 74
0
 40
0
 40
0
 40
0
 40
0
 40
1
 40
1
 40
1
 40
1
 10
192.875050
 20
179.741581
 30
0.0
 10
192.846889
 20
179.769944
 30
0.0
 10
192.808574
 20
179.785895
 30
0.0
 10
192.768605
 20
179.785895
 30
0.0
  0
SPLINE
  5
7e9
100
AcDbEntity
  8
0
 62
7
100
AcDbSpline
 70
8
 71
3
 72
8
 73
4
 74
0
 40
0
 40
0
 40
0
 40
0
 40
1
 40
1
 40
1
 40
1
 10
192.768605
 20
179.785895
 30
0.0
 10
192.728636
 20
179.785895
 30
0.0
 10
192.690321
 20
179.769944
 30
0.0
 10
192.662160
 20
179.741581
 30
0.0
  0
LWPOLYLINE
  5
7ea
100
AcDbEntity
  8
0
 62
7
100
AcDbPolyline
 90
2
 70
0
 10
192.945350
 20
179.669311
 30
0.0
 10
192.875050
 20
179.741581
 30
0.0
  0
SPLINE
  5
7eb
100
AcDbEntity
  8
0
 62
7
100
AcDbSpline
 70
8
 71
3
 72
8
 73
4
 74
0
 40
0
 40
0
 40
0
 40
0
 40
1
 40
1
 40
1
 40
1
 10
192.773440
 20
179.696653
 30
0.0
 10
192.699643
 20
179.659358
 30
0.0
 10
192.669944
 20
179.569378
 30
0.0
 10
192.707040
 20
179.495481
 30
0.0
  0
LWPOLYLINE
  5
7ec
100
AcDbEntity
  8
0
 62
7
100
AcDbPolyline
 90
1
 70
1
 10
192.662160
 20
179.741581
 30
0.0
  0
SPLINE
  5
7ed
100
AcDbEntity
  8
0
 62
7
100
AcDbSpline
 70
8
 71
3
 72
8
 73
4
 74
0
 40
0
 40
0
 40
0
 40
0
 40
1
 40
1
 40
1
 40
1
 10
192.777340
 20
179.352903
 30
0.0
 10
192.814631
 20
179.279098
 30
0.0
 10
192.904619
 20
179.249393
 30
0.0
 10
192.978520
 20
179.286493
 30
0.0
  0
SPLINE
  5
7ee
100
AcDbEntity
  8
0
 62
7
100
AcDbSpline
 70
8
 71
3
 72
8
 73
4
 74
0
 40
0
 40
0
 40
0
 40
0
 40
1
 40
1
 40
1
 40
1
 10
192.978520
 20
179.286493
 30
0.0
 10
193.052317
 20
179.323788
 30
0.0
 10
193.082016
 20
179.413768
 30
0.0
 10
193.044920
 20
179.487665
 30
0.0
  0
LWPOLYLINE
  5
7ef
100
AcDbEntity
  8
0
 62
7
100
AcDbPolyline
 90
2
 70
0
 10
192.707040
 20
179.495481
 30
0.0
 10
192.777340
 20
179.352903
 30
0.0
  0
SPLINE
  5
7f0
100
AcDbEntity
  8
0
 62
7
100
AcDbSpline
 70
8
 71
3
 72
8
 73
4
 74
0
 40
0
 40
0
 40
0
 40
0
 40
1
 40
1
 40
1
 40
1
 10
192.974620
 20
179.630243
 30
0.0
 10
192.937329
 20
179.704042
 30
0.0
 10
192.847349
 20
179.733747
 30
0.0
 10
192.773450
 20
179.696653
 30
0.0
  0
LWPOLYLINE
  5
7f1
100
AcDbEntity
  8
0
 62
7
100
AcDbPolyline
 90
2
 70
0
 10
193.044920
 20
179.487665
 30
0.0
 10
192.974620
 20
179.630243
 30
0.0
  0
SPLINE
  5
7f2
100
AcDbEntity
  8
0
 62
7
100
AcDbSpline
 70
8
 71
3
 72
8
 73
4
 74
0
 40
0
 40
0
 40
0
 40
0
 40
1
 40
1
 40
1
 40
1
 10
192.912110
 20
179.571653
 30
0.0
 10
192.872192
 20
179.571757
 30
0.0
 10
192.833880
 20
179.555946
 30
0.0
 10
192.805653
 20
179.527720
 30
0.0
  0
SPLINE
  5
7f3
100
AcDbEntity
  8
0
 62
7
100
AcDbSpline
 70
8
 71
3
 72
8
 73
4
 74
0
 40
0
 40
0
 40
0
 40
0
 40
1
 40
1
 40
1
 40
1
 10
192.805653
 20
179.527720
 30
0.0
 10
192.777427
 20
179.499493
 30
0.0
 10
192.761616
 20
179.461181
 30
0.0
 10
192.761720
 20
179.421263
 30
0.0
  0
LWPOLYLINE
  5
7f4
100
AcDbEntity
  8
0
 62
7
100
AcDbPolyline
 90
1
 70
1
 10
192.773450
 20
179.696653
 30
0.0
  0
SPLINE
  5
7f5
100
AcDbEntity
  8
0
 62
7
100
AcDbSpline
 70
8
 71
3
 72
8
 73
4
 74
0
 40
0
 40
0
 40
0
 40
0
 40
1
 40
1
 40
1
 40
1
 10
192.761720
 20
179.206419
 30
0.0
 10
192.761616
 20
179.166501
 30
0.0
 10
192.777427
 20
179.128188
 30
0.0
 10
192.805653
 20
179.099962
 30
0.0
  0
SPLINE
  5
7f6
100
AcDbEntity
  8
0
 62
7
100
AcDbSpline
 70
8
 71
3
 72
8
 73
4
 74
0
 40
0
 40
0
 40
0
 40
0
 40
1
 40
1
 40
1
 40
1
 10
192.805653
 20
179.099962
 30
0.0
 10
192.833879
 20
179.071735
 30
0.0
 10
192.872192
 20
179.055924
 30
0.0
 10
192.912110
 20
179.056028
 30
0.0
  0
SPLINE
  5
7f7
100
AcDbEntity
  8
0
 62
7
100
AcDbSpline
 70
8
 71
3
 72
8
 73
4
 74
0
 40
0
 40
0
 40
0
 40
0
 40
1
 40
1
 40
1
 40
1
 10
192.912110
 20
179.056028
 30
0.0
 10
192.952028
 20
179.055924
 30
0.0
 10
192.990341
 20
179.071735
 30
0.0
 10
193.018567
 20
179.099962
 30
0.0
  0
SPLINE
  5
7f8
100
AcDbEntity
  8
0
 62
7
100
AcDbSpline
 70
8
 71
3
 72
8
 73
4
 74
0
 40
0
 40
0
 40
0
 40
0
 40
1
 40
1
 40
1
 40
1
 10
193.018567
 20
179.099962
 30
0.0
 10
193.046793
 20
179.128188
 30
0.0
 10
193.062604
 20
179.166501
 30
0.0
 10
193.062500
 20
179.206419
 30
0.0
  0
LWPOLYLINE
  5
7f9
100
AcDbEntity
  8
0
 62
7
100
AcDbPolyline
 90
2
 70
0
 10
192.761720
 20
179.421263
 30
0.0
 10
192.761720
 20
179.206419
 30
0.0
  0
SPLINE
  5
7fa
100
AcDbEntity
  8
0
 62
7
100
AcDbSpline
 70
8
 71
3
 72
8
 73
4
 74
0
 40
0
 40
0
 40
0
 40
0
 40
1
 40
1
 40
1
 40
1
 10
193.062500
 20
179.421263
 30
0.0
 10
193.062604
 20
179.461181
 30
0.0
 10
193.046793
 20
179.499493
 30
0.0
 10
193.018567
 20
179.527720
 30
0.0
  0
SPLINE
  5
7fb
100
AcDbEntity
  8
0
 62
7
100
AcDbSpline
 70
8
 71
3
 72
8
 73
4
 74
0
 40
0
 40
0
 40
0
 40
0
 40
1
 40
1
 40
1
 40
1
 10
193.018567
 20
179.527720
 30
0.0
 10
192.990340
 20
179.555946
 30
0.0
 10
192.952028
 20
179.571757
 30
0.0
 10
192.912110
 20
179.571653
 30
0.0
  0
LWPOLYLINE
  5
7fc
100
AcDbEntity
  8
0
 62
7
100
AcDbPolyline
 90
2
 70
0
 10
193.062500
 20
179.206419
 30
0.0
 10
193.062500
 20
179.421263
 30
0.0
  0
SPLINE
  5
7fd
100
AcDbEntity
  8
0
 62
7
100
AcDbSpline
 70
8
 71
3
 72
8
 73
4
 74
0
 40
0
 40
0
 40
0
 40
0
 40
1
 40
1
 40
1
 40
1
 10
192.978520
 20
179.341184
 30
0.0
 10
192.942788
 20
179.358864
 30
0.0
 10
192.901487
 20
179.361592
 30
0.0
 10
192.863740
 20
179.348766
 30
0.0
  0
SPLINE
  5
7fe
100
AcDbEntity
  8
0
 62
7
100
AcDbSpline
 70
8
 71
3
 72
8
 73
4
 74
0
 40
0
 40
0
 40
0
 40
0
 40
1
 40
1
 40
1
 40
1
 10
192.863740
 20
179.348766
 30
0.0
 10
192.825992
 20
179.335939
 30
0.0
 10
192.794904
 20
179.308614
 30
0.0
 10
192.777340
 20
179.272824
 30
0.0
  0
LWPOLYLINE
  5
7ff
100
AcDbEntity
  8
0
 62
7
100
AcDbPolyline
 90
1
 70
1
 10
192.912110
 20
179.571653
 30
0.0
  0
SPLINE
  5
800
100
AcDbEntity
  8
0
 62
7
100
AcDbSpline
 70
8
 71
3
 72
8
 73
4
 74
0
 40
0
 40
0
 40
0
 40
0
 40
1
 40
1
 40
1
 40
1
 10
192.707040
 20
179.130246
 30
0.0
 10
192.669944
 20
179.056349
 30
0.0
 10
192.699643
 20
178.966369
 30
0.0
 10
192.773440
 20
178.929074
 30
0.0
  0
SPLINE
  5
801
100
AcDbEntity
  8
0
 62
7
100
AcDbSpline
 70
8
 71
3
 72
8
 73
4
 74
0
 40
0
 40
0
 40
0
 40
0
 40
1
 40
1
 40
1
 40
1
 10
192.773440
 20
178.929074
 30
0.0
 10
192.847339
 20
178.891980
 30
0.0
 10
192.937319
 20
178.921685
 30
0.0
 10
192.974610
 20
178.995484
 30
0.0
  0
LWPOLYLINE
  5
802
100
AcDbEntity
  8
0
 62
7
100
AcDbPolyline
 90
2
 70
0
 10
192.777340
 20
179.272824
 30
0.0
 10
192.707040
 20
179.130246
 30
0.0
  0
SPLINE
  5
803
100
AcDbEntity
  8
0
 62
7
100
AcDbSpline
 70
8
 71
3
 72
8
 73
4
 74
0
 40
0
 40
0
 40
0
 40
0
 40
1
 40
1
 40
1
 40
1
 10
193.044910
 20
179.140016
 30
0.0
 10
193.082006
 20
179.213913
 30
0.0
 10
193.052306
 20
179.303892
 30
0.0
 10
192.978510
 20
179.341187
 30
0.0
  0
LWPOLYLINE
  5
804
100
AcDbEntity
  8
0
 62
7
100
AcDbPolyline
 90
2
 70
0
 10
192.974610
 20
178.995484
 30
0.0
 10
193.044910
 20
179.140016
 30
0.0
  0
LWPOLYLINE
  5
805
100
AcDbEntity
  8
0
 62
7
100
AcDbPolyline
 90
1
 70
1
 10
192.978510
 20
179.341187
 30
0.0
  0
SPLINE
  5
806
100
AcDbEntity
  8
0
 62
7
100
AcDbSpline
 70
8
 71
3
 72
8
 73
4
 74
0
 40
0
 40
0
 40
0
 40
0
 40
1
 40
1
 40
1
 40
1
 10
192.662070
 20
179.098999
 30
0.0
 10
192.633707
 20
179.070838
 30
0.0
 10
192.617755
 20
179.032522
 30
0.0
 10
192.617755
 20
178.992554
 30
0.0
  0
SPLINE
  5
807
100
AcDbEntity
  8
0
 62
7
100
AcDbSpline
 70
8
 71
3
 72
8
 73
4
 74
0
 40
0
 40
0
 40
0
 40
0
 40
1
 40
1
 40
1
 40
1
 10
192.617755
 20
178.992554
 30
0.0
 10
192.617755
 20
178.952585
 30
0.0
 10
192.633707
 20
178.914269
 30
0.0
 10
192.662070
 20
178.886108
 30
0.0
  0
SPLINE
  5
808
100
AcDbEntity
  8
0
 62
7
100
AcDbSpline
 70
8
 71
3
 72
8
 73
4
 74
0
 40
0
 40
0
 40
0
 40
0
 40
1
 40
1
 40
1
 40
1
 10
192.662070
 20
178.886108
 30
0.0
 10
192.690231
 20
178.857745
 30
0.0
 10
192.728546
 20
178.841794
 30
0.0
 10
192.768515
 20
178.841794
 30
0.0
  0
SPLINE
  5
809
100
AcDbEntity
  8
0
 62
7
100
AcDbSpline
 70
8
 71
3
 72
8
 73
4
 74
0
 40
0
 40
0
 40
0
 40
0
 40
1
 40
1
 40
1
 40
1
 10
192.768515
 20
178.841794
 30
0.0
 10
192.808484
 20
178.841794
 30
0.0
 10
192.846799
 20
178.857745
 30
0.0
 10
192.874960
 20
178.886108
 30
0.0
  0
LWPOLYLINE
  5
80a
100
AcDbEntity
  8
0
 62
7
100
AcDbPolyline
 90
2
 70
0
 10
192.734370
 20
179.169309
 30
0.0
 10
192.662070
 20
179.098999
 30
0.0
  0
SPLINE
  5
80b
100
AcDbEntity
  8
0
 62
7
100
AcDbSpline
 70
8
 71
3
 72
8
 73
4
 74
0
 40
0
 40
0
 40
0
 40
0
 40
1
 40
1
 40
1
 40
1
 10
192.945260
 20
178.958378
 30
0.0
 10
193.003046
 20
179.016817
 30
0.0
 10
193.003046
 20
179.110876
 30
0.0
 10
192.945260
 20
179.169315
 30
0.0
  0
SPLINE
  5
80c
100
AcDbEntity
  8
0
 62
7
100
AcDbSpline
 70
8
 71
3
 72
8
 73
4
 74
0
 40
0
 40
0
 40
0
 40
0
 40
1
 40
1
 40
1
 40
1
 10
192.945260
 20
179.169315
 30
0.0
 10
192.886820
 20
179.227103
 30
0.0
 10
192.792760
 20
179.227103
 30
0.0
 10
192.734320
 20
179.169315
 30
0.0
  0
LWPOLYLINE
  5
80d
100
AcDbEntity
  8
0
 62
7
100
AcDbPolyline
 90
2
 70
0
 10
192.874960
 20
178.886108
 30
0.0
 10
192.945260
 20
178.958378
 30
0.0
  0
LWPOLYLINE
  5
80e
100
AcDbEntity
  8
0
 62
7
100
AcDbPolyline
 90
1
 70
1
 10
192.734320
 20
179.169315
 30
0.0
  0
SPLINE
  5
80f
100
AcDbEntity
  8
0
 62
7
100
AcDbSpline
 70
8
 71
3
 72
8
 73
4
 74
0
 40
0
 40
0
 40
0
 40
0
 40
1
 40
1
 40
1
 40
1
 10
192.558590
 20
179.054071
 30
0.0
 10
192.484793
 20
179.016776
 30
0.0
 10
192.455094
 20
178.926796
 30
0.0
 10
192.492190
 20
178.852899
 30
0.0
  0
SPLINE
  5
810
100
AcDbEntity
  8
0
 62
7
100
AcDbSpline
 70
8
 71
3
 72
8
 73
4
 74
0
 40
0
 40
0
 40
0
 40
0
 40
1
 40
1
 40
1
 40
1
 10
192.492190
 20
178.852899
 30
0.0
 10
192.529481
 20
178.779100
 30
0.0
 10
192.619461
 20
178.749395
 30
0.0
 10
192.693360
 20
178.786489
 30
0.0
  0
LWPOLYLINE
  5
811
100
AcDbEntity
  8
0
 62
7
100
AcDbPolyline
 90
2
 70
0
 10
192.701170
 20
179.126341
 30
0.0
 10
192.558590
 20
179.054071
 30
0.0
  0
SPLINE
  5
812
100
AcDbEntity
  8
0
 62
7
100
AcDbSpline
 70
8
 71
3
 72
8
 73
4
 74
0
 40
0
 40
0
 40
0
 40
0
 40
1
 40
1
 40
1
 40
1
 10
192.835940
 20
178.858759
 30
0.0
 10
192.909736
 20
178.896054
 30
0.0
 10
192.939436
 20
178.986033
 30
0.0
 10
192.902340
 20
179.059930
 30
0.0
  0
SPLINE
  5
813
100
AcDbEntity
  8
0
 62
7
100
AcDbSpline
 70
8
 71
3
 72
8
 73
4
 74
0
 40
0
 40
0
 40
0
 40
0
 40
1
 40
1
 40
1
 40
1
 10
192.902340
 20
179.059930
 30
0.0
 10
192.865049
 20
179.133729
 30
0.0
 10
192.775069
 20
179.163434
 30
0.0
 10
192.701170
 20
179.126340
 30
0.0
  0
LWPOLYLINE
  5
814
100
AcDbEntity
  8
0
 62
7
100
AcDbPolyline
 90
2
 70
0
 10
192.693360
 20
178.786489
 30
0.0
 10
192.835940
 20
178.858759
 30
0.0
  0
SPLINE
  5
815
100
AcDbEntity
  8
0
 62
7
100
AcDbSpline
 70
8
 71
3
 72
8
 73
4
 74
0
 40
0
 40
0
 40
0
 40
0
 40
1
 40
1
 40
1
 40
1
 10
192.054690
 20
179.071653
 30
0.0
 10
192.014772
 20
179.071757
 30
0.0
 10
191.976460
 20
179.055946
 30
0.0
 10
191.948233
 20
179.027720
 30
0.0
  0
SPLINE
  5
816
100
AcDbEntity
  8
0
 62
7
100
AcDbSpline
 70
8
 71
3
 72
8
 73
4
 74
0
 40
0
 40
0
 40
0
 40
0
 40
1
 40
1
 40
1
 40
1
 10
191.948233
 20
179.027720
 30
0.0
 10
191.920007
 20
178.999493
 30
0.0
 10
191.904196
 20
178.961181
 30
0.0
 10
191.904300
 20
178.921263
 30
0.0
  0
SPLINE
  5
817
100
AcDbEntity
  8
0
 62
7
100
AcDbSpline
 70
8
 71
3
 72
8
 73
4
 74
0
 40
0
 40
0
 40
0
 40
0
 40
1
 40
1
 40
1
 40
1
 10
191.904300
 20
178.921263
 30
0.0
 10
191.904196
 20
178.881345
 30
0.0
 10
191.920007
 20
178.843032
 30
0.0
 10
191.948233
 20
178.814806
 30
0.0
  0
SPLINE
  5
818
100
AcDbEntity
  8
0
 62
7
100
AcDbSpline
 70
8
 71
3
 72
8
 73
4
 74
0
 40
0
 40
0
 40
0
 40
0
 40
1
 40
1
 40
1
 40
1
 10
191.948233
 20
178.814806
 30
0.0
 10
191.976459
 20
178.786579
 30
0.0
 10
192.014772
 20
178.770768
 30
0.0
 10
192.054690
 20
178.770872
 30
0.0
  0
LWPOLYLINE
  5
819
100
AcDbEntity
  8
0
 62
7
100
AcDbPolyline
 90
1
 70
1
 10
192.701170
 20
179.126340
 30
0.0
  0
SPLINE
  5
81a
100
AcDbEntity
  8
0
 62
7
100
AcDbSpline
 70
8
 71
3
 72
8
 73
4
 74
0
 40
0
 40
0
 40
0
 40
0
 40
1
 40
1
 40
1
 40
1
 10
192.625000
 20
178.770872
 30
0.0
 10
192.664918
 20
178.770768
 30
0.0
 10
192.703231
 20
178.786579
 30
0.0
 10
192.731457
 20
178.814806
 30
0.0
  0
SPLINE
  5
81b
100
AcDbEntity
  8
0
 62
7
100
AcDbSpline
 70
8
 71
3
 72
8
 73
4
 74
0
 40
0
 40
0
 40
0
 40
0
 40
1
 40
1
 40
1
 40
1
 10
192.731457
 20
178.814806
 30
0.0
 10
192.759683
 20
178.843032
 30
0.0
 10
192.775494
 20
178.881345
 30
0.0
 10
192.775390
 20
178.921263
 30
0.0
  0
SPLINE
  5
81c
100
AcDbEntity
  8
0
 62
7
100
AcDbSpline
 70
8
 71
3
 72
8
 73
4
 74
0
 40
0
 40
0
 40
0
 40
0
 40
1
 40
1
 40
1
 40
1
 10
192.775390
 20
178.921263
 30
0.0
 10
192.775494
 20
178.961181
 30
0.0
 10
192.759683
 20
178.999493
 30
0.0
 10
192.731457
 20
179.027720
 30
0.0
  0
SPLINE
  5
81d
100
AcDbEntity
  8
0
 62
7
100
AcDbSpline
 70
8
 71
3
 72
8
 73
4
 74
0
 40
0
 40
0
 40
0
 40
0
 40
1
 40
1
 40
1
 40
1
 10
192.731457
 20
179.027720
 30
0.0
 10
192.703230
 20
179.055946
 30
0.0
 10
192.664918
 20
179.071757
 30
0.0
 10
192.625000
 20
179.071653
 30
0.0
  0
LWPOLYLINE
  5
81e
100
AcDbEntity
  8
0
 62
7
100
AcDbPolyline
 90
2
 70
0
 10
192.054690
 20
178.770872
 30
0.0
 10
192.625000
 20
178.770872
 30
0.0
  0
SPLINE
  5
81f
100
AcDbEntity
  8
0
 62
7
100
AcDbSpline
 70
8
 71
3
 72
8
 73
4
 74
0
 40
0
 40
0
 40
0
 40
0
 40
1
 40
1
 40
1
 40
1
 10
151.500000
 20
101.137700
 30
0.0
 10
151.014645
 20
101.137700
 30
0.0
 10
150.577082
 20
100.845329
 30
0.0
 10
150.391345
 20
100.396920
 30
0.0
  0
SPLINE
  5
820
100
AcDbEntity
  8
0
 62
7
100
AcDbSpline
 70
8
 71
3
 72
8
 73
4
 74
0
 40
0
 40
0
 40
0
 40
0
 40
1
 40
1
 40
1
 40
1
 10
150.391345
 20
100.396920
 30
0.0
 10
150.205607
 20
99.948511
 30
0.0
 10
150.308274
 20
99.432369
 30
0.0
 10
150.651472
 20
99.089172
 30
0.0
  0
SPLINE
  5
821
100
AcDbEntity
  8
0
 62
7
100
AcDbSpline
 70
8
 71
3
 72
8
 73
4
 74
0
 40
0
 40
0
 40
0
 40
0
 40
1
 40
1
 40
1
 40
1
 10
150.651472
 20
99.089172
 30
0.0
 10
150.994669
 20
98.745974
 30
0.0
 10
151.510811
 20
98.643307
 30
0.0
 10
151.959220
 20
98.829045
 30
0.0
  0
SPLINE
  5
822
100
AcDbEntity
  8
0
 62
7
100
AcDbSpline
 70
8
 71
3
 72
8
 73
4
 74
0
 40
0
 40
0
 40
0
 40
0
 40
1
 40
1
 40
1
 40
1
 10
151.959220
 20
98.829045
 30
0.0
 10
152.407629
 20
99.014782
 30
0.0
 10
152.700000
 20
99.452345
 30
0.0
 10
152.700000
 20
99.937700
 30
0.0
  0
SPLINE
  5
823
100
AcDbEntity
  8
0
 62
7
100
AcDbSpline
 70
8
 71
3
 72
8
 73
4
 74
0
 40
0
 40
0
 40
0
 40
0
 40
1
 40
1
 40
1
 40
1
 10
152.700000
 20
99.937700
 30
0.0
 10
152.700000
 20
100.255960
 30
0.0
 10
152.573572
 20
100.561184
 30
0.0
 10
152.348528
 20
100.786228
 30
0.0
  0
SPLINE
  5
824
100
AcDbEntity
  8
0
 62
7
100
AcDbSpline
 70
8
 71
3
 72
8
 73
4
 74
0
 40
0
 40
0
 40
0
 40
0
 40
1
 40
1
 40
1
 40
1
 10
152.348528
 20
100.786228
 30
0.0
 10
152.123484
 20
101.011272
 30
0.0
 10
151.818260
 20
101.137700
 30
0.0
 10
151.500000
 20
101.137700
 30
0.0
  0
LWPOLYLINE
  5
825
100
AcDbEntity
  8
0
 62
7
100
AcDbPolyline
 90
2
 70
0
 10
192.625000
 20
179.071653
 30
0.0
 10
192.054690
 20
179.071653
 30
0.0
  0
SPLINE
  5
826
100
AcDbEntity
  8
0
 62
7
100
AcDbSpline
 70
8
 71
3
 72
8
 73
4
 74
0
 40
0
 40
0
 40
0
 40
0
 40
1
 40
1
 40
1
 40
1
 10
151.500000
 20
128.637700
 30
0.0
 10
151.014645
 20
128.637700
 30
0.0
 10
150.577082
 20
128.345329
 30
0.0
 10
150.391345
 20
127.896920
 30
0.0
  0
SPLINE
  5
827
100
AcDbEntity
  8
0
 62
7
100
AcDbSpline
 70
8
 71
3
 72
8
 73
4
 74
0
 40
0
 40
0
 40
0
 40
0
 40
1
 40
1
 40
1
 40
1
 10
150.391345
 20
127.896920
 30
0.0
 10
150.205607
 20
127.448511
 30
0.0
 10
150.308274
 20
126.932369
 30
0.0
 10
150.651472
 20
126.589172
 30
0.0
  0
SPLINE
  5
828
100
AcDbEntity
  8
0
 62
7
100
AcDbSpline
 70
8
 71
3
 72
8
 73
4
 74
0
 40
0
 40
0
 40
0
 40
0
 40
1
 40
1
 40
1
 40
1
 10
150.651472
 20
126.589172
 30
0.0
 10
150.994669
 20
126.245974
 30
0.0
 10
151.510811
 20
126.143307
 30
0.0
 10
151.959220
 20
126.329045
 30
0.0
  0
SPLINE
  5
829
100
AcDbEntity
  8
0
 62
7
100
AcDbSpline
 70
8
 71
3
 72
8
 73
4
 74
0
 40
0
 40
0
 40
0
 40
0
 40
1
 40
1
 40
1
 40
1
 10
151.959220
 20
126.329045
 30
0.0
 10
152.407629
 20
126.514782
 30
0.0
 10
152.700000
 20
126.952345
 30
0.0
 10
152.700000
 20
127.437700
 30
0.0
  0
SPLINE
  5
82a
100
AcDbEntity
  8
0
 62
7
100
AcDbSpline
 70
8
 71
3
 72
8
 73
4
 74
0
 40
0
 40
0
 40
0
 40
0
 40
1
 40
1
 40
1
 40
1
 10
152.700000
 20
127.437700
 30
0.0
 10
152.700000
 20
127.755960
 30
0.0
 10
152.573572
 20
128.061184
 30
0.0
 10
152.348528
 20
128.286228
 30
0.0
  0
SPLINE
  5
82b
100
AcDbEntity
  8
0
 62
7
100
AcDbSpline
 70
8
 71
3
 72
8
 73
4
 74
0
 40
0
 40
0
 40
0
 40
0
 40
1
 40
1
 40
1
 40
1
 10
152.348528
 20
128.286228
 30
0.0
 10
152.123484
 20
128.511272
 30
0.0
 10
151.818260
 20
128.637700
 30
0.0
 10
151.500000
 20
128.637700
 30
0.0
  0
LWPOLYLINE
  5
82c
100
AcDbEntity
  8
0
 62
7
100
AcDbPolyline
 90
1
 70
1
 10
151.500000
 20
101.137700
 30
0.0
  0
SPLINE
  5
82d
100
AcDbEntity
  8
0
 62
7
100
AcDbSpline
 70
8
 71
3
 72
8
 73
4
 74
0
 40
0
 40
0
 40
0
 40
0
 40
1
 40
1
 40
1
 40
1
 10
173.000000
 20
101.207200
 30
0.0
 10
172.514645
 20
101.207200
 30
0.0
 10
172.077082
 20
100.914829
 30
0.0
 10
171.891345
 20
100.466420
 30
0.0
  0
SPLINE
  5
82e
100
AcDbEntity
  8
0
 62
7
100
AcDbSpline
 70
8
 71
3
 72
8
 73
4
 74
0
 40
0
 40
0
 40
0
 40
0
 40
1
 40
1
 40
1
 40
1
 10
171.891345
 20
100.466420
 30
0.0
 10
171.705607
 20
100.018011
 30
0.0
 10
171.808274
 20
99.501869
 30
0.0
 10
172.151472
 20
99.158672
 30
0.0
  0
SPLINE
  5
82f
100
AcDbEntity
  8
0
 62
7
100
AcDbSpline
 70
8
 71
3
 72
8
 73
4
 74
0
 40
0
 40
0
 40
0
 40
0
 40
1
 40
1
 40
1
 40
1
 10
172.151472
 20
99.158672
 30
0.0
 10
172.494669
 20
98.815474
 30
0.0
 10
173.010811
 20
98.712807
 30
0.0
 10
173.459220
 20
98.898545
 30
0.0
  0
SPLINE
  5
830
100
AcDbEntity
  8
0
 62
7
100
AcDbSpline
 70
8
 71
3
 72
8
 73
4
 74
0
 40
0
 40
0
 40
0
 40
0
 40
1
 40
1
 40
1
 40
1
 10
173.459220
 20
98.898545
 30
0.0
 10
173.907629
 20
99.084282
 30
0.0
 10
174.200000
 20
99.521845
 30
0.0
 10
174.200000
 20
100.007200
 30
0.0
  0
SPLINE
  5
831
100
AcDbEntity
  8
0
 62
7
100
AcDbSpline
 70
8
 71
3
 72
8
 73
4
 74
0
 40
0
 40
0
 40
0
 40
0
 40
1
 40
1
 40
1
 40
1
 10
174.200000
 20
100.007200
 30
0.0
 10
174.200000
 20
100.325460
 30
0.0
 10
174.073572
 20
100.630684
 30
0.0
 10
173.848528
 20
100.855728
 30
0.0
  0
SPLINE
  5
832
100
AcDbEntity
  8
0
 62
7
100
AcDbSpline
 70
8
 71
3
 72
8
 73
4
 74
0
 40
0
 40
0
 40
0
 40
0
 40
1
 40
1
 40
1
 40
1
 10
173.848528
 20
100.855728
 30
0.0
 10
173.623484
 20
101.080772
 30
0.0
 10
173.318260
 20
101.207200
 30
0.0
 10
173.000000
 20
101.207200
 30
0.0
  0
LWPOLYLINE
  5
833
100
AcDbEntity
  8
0
 62
7
100
AcDbPolyline
 90
1
 70
1
 10
151.500000
 20
128.637700
 30
0.0
  0
SPLINE
  5
834
100
AcDbEntity
  8
0
 62
7
100
AcDbSpline
 70
8
 71
3
 72
8
 73
4
 74
0
 40
0
 40
0
 40
0
 40
0
 40
1
 40
1
 40
1
 40
1
 10
173.000000
 20
128.707200
 30
0.0
 10
172.514645
 20
128.707200
 30
0.0
 10
172.077082
 20
128.414829
 30
0.0
 10
171.891345
 20
127.966420
 30
0.0
  0
SPLINE
  5
835
100
AcDbEntity
  8
0
 62
7
100
AcDbSpline
 70
8
 71
3
 72
8
 73
4
 74
0
 40
0
 40
0
 40
0
 40
0
 40
1
 40
1
 40
1
 40
1
 10
171.891345
 20
127.966420
 30
0.0
 10
171.705607
 20
127.518011
 30
0.0
 10
171.808274
 20
127.001869
 30
0.0
 10
172.151472
 20
126.658672
 30
0.0
  0
SPLINE
  5
836
100
AcDbEntity
  8
0
 62
7
100
AcDbSpline
 70
8
 71
3
 72
8
 73
4
 74
0
 40
0
 40
0
 40
0
 40
0
 40
1
 40
1
 40
1
 40
1
 10
172.151472
 20
126.658672
 30
0.0
 10
172.494669
 20
126.315474
 30
0.0
 10
173.010811
 20
126.212807
 30
0.0
 10
173.459220
 20
126.398545
 30
0.0
  0
SPLINE
  5
837
100
AcDbEntity
  8
0
 62
7
100
AcDbSpline
 70
8
 71
3
 72
8
 73
4
 74
0
 40
0
 40
0
 40
0
 40
0
 40
1
 40
1
 40
1
 40
1
 10
173.459220
 20
126.398545
 30
0.0
 10
173.907629
 20
126.584282
 30
0.0
 10
174.200000
 20
127.021845
 30
0.0
 10
174.200000
 20
127.507200
 30
0.0
  0
SPLINE
  5
838
100
AcDbEntity
  8
0
 62
7
100
AcDbSpline
 70
8
 71
3
 72
8
 73
4
 74
0
 40
0
 40
0
 40
0
 40
0
 40
1
 40
1
 40
1
 40
1
 10
174.200000
 20
127.507200
 30
0.0
 10
174.200000
 20
127.825460
 30
0.0
 10
174.073572
 20
128.130684
 30
0.0
 10
173.848528
 20
128.355728
 30
0.0
  0
SPLINE
  5
839
100
AcDbEntity
  8
0
 62
7
100
AcDbSpline
 70
8
 71
3
 72
8
 73
4
 74
0
 40
0
 40
0
 40
0
 40
0
 40
1
 40
1
 40
1
 40
1
 10
173.848528
 20
128.355728
 30
0.0
 10
173.623484
 20
128.580772
 30
0.0
 10
173.318260
 20
128.707200
 30
0.0
 10
173.000000
 20
128.707200
 30
0.0
  0
LWPOLYLINE
  5
83a
100
AcDbEntity
  8
0
 62
7
100
AcDbPolyline
 90
1
 70
1
 10
173.000000
 20
101.207200
 30
0.0
  0
SPLINE
  5
83b
100
AcDbEntity
  8
0
 62
7
100
AcDbSpline
 70
8
 71
3
 72
8
 73
4
 74
0
 40
0
 40
0
 40
0
 40
0
 40
1
 40
1
 40
1
 40
1
 10
138.550780
 20
152.077513
 30
0.0
 10
138.219259
 20
152.077513
 30
0.0
 10
137.901317
 20
151.945817
 30
0.0
 10
137.666897
 20
151.711396
 30
0.0
  0
SPLINE
  5
83c
100
AcDbEntity
  8
0
 62
7
100
AcDbSpline
 70
8
 71
3
 72
8
 73
4
 74
0
 40
0
 40
0
 40
0
 40
0
 40
1
 40
1
 40
1
 40
1
 10
137.666897
 20
151.711396
 30
0.0
 10
137.432476
 20
151.476976
 30
0.0
 10
137.300780
 20
151.159034
 30
0.0
 10
137.300780
 20
150.827513
 30
0.0
  0
LWPOLYLINE
  5
83d
100
AcDbEntity
  8
0
 62
7
100
AcDbPolyline
 90
1
 70
1
 10
173.000000
 20
128.707200
 30
0.0
  0
SPLINE
  5
83e
100
AcDbEntity
  8
0
 62
7
100
AcDbSpline
 70
8
 71
3
 72
8
 73
4
 74
0
 40
0
 40
0
 40
0
 40
0
 40
1
 40
1
 40
1
 40
1
 10
137.300780
 20
148.827513
 30
0.0
 10
137.300780
 20
148.495992
 30
0.0
 10
137.432476
 20
148.178050
 30
0.0
 10
137.666897
 20
147.943630
 30
0.0
  0
SPLINE
  5
83f
100
AcDbEntity
  8
0
 62
7
100
AcDbSpline
 70
8
 71
3
 72
8
 73
4
 74
0
 40
0
 40
0
 40
0
 40
0
 40
1
 40
1
 40
1
 40
1
 10
137.666897
 20
147.943630
 30
0.0
 10
137.901317
 20
147.709209
 30
0.0
 10
138.219259
 20
147.577513
 30
0.0
 10
138.550780
 20
147.577513
 30
0.0
  0
SPLINE
  5
840
100
AcDbEntity
  8
0
 62
7
100
AcDbSpline
 70
8
 71
3
 72
8
 73
4
 74
0
 40
0
 40
0
 40
0
 40
0
 40
1
 40
1
 40
1
 40
1
 10
138.550780
 20
147.577513
 30
0.0
 10
138.882301
 20
147.577513
 30
0.0
 10
139.200243
 20
147.709209
 30
0.0
 10
139.434663
 20
147.943630
 30
0.0
  0
SPLINE
  5
841
100
AcDbEntity
  8
0
 62
7
100
AcDbSpline
 70
8
 71
3
 72
8
 73
4
 74
0
 40
0
 40
0
 40
0
 40
0
 40
1
 40
1
 40
1
 40
1
 10
139.434663
 20
147.943630
 30
0.0
 10
139.669084
 20
148.178050
 30
0.0
 10
139.800780
 20
148.495992
 30
0.0
 10
139.800780
 20
148.827513
 30
0.0
  0
LWPOLYLINE
  5
842
100
AcDbEntity
  8
0
 62
7
100
AcDbPolyline
 90
2
 70
0
 10
137.300780
 20
150.827513
 30
0.0
 10
137.300780
 20
148.827513
 30
0.0
  0
SPLINE
  5
843
100
AcDbEntity
  8
0
 62
7
100
AcDbSpline
 70
8
 71
3
 72
8
 73
4
 74
0
 40
0
 40
0
 40
0
 40
0
 40
1
 40
1
 40
1
 40
1
 10
139.800780
 20
150.827513
 30
0.0
 10
139.800780
 20
151.159034
 30
0.0
 10
139.669084
 20
151.476976
 30
0.0
 10
139.434663
 20
151.711396
 30
0.0
  0
SPLINE
  5
844
100
AcDbEntity
  8
0
 62
7
100
AcDbSpline
 70
8
 71
3
 72
8
 73
4
 74
0
 40
0
 40
0
 40
0
 40
0
 40
1
 40
1
 40
1
 40
1
 10
139.434663
 20
151.711396
 30
0.0
 10
139.200243
 20
151.945817
 30
0.0
 10
138.882301
 20
152.077513
 30
0.0
 10
138.550780
 20
152.077513
 30
0.0
  0
LWPOLYLINE
  5
845
100
AcDbEntity
  8
0
 62
7
100
AcDbPolyline
 90
2
 70
0
 10
139.800780
 20
148.827513
 30
0.0
 10
139.800780
 20
150.827513
 30
0.0
  0
SPLINE
  5
846
100
AcDbEntity
  8
0
 62
7
100
AcDbSpline
 70
8
 71
3
 72
8
 73
4
 74
0
 40
0
 40
0
 40
0
 40
0
 40
1
 40
1
 40
1
 40
1
 10
144.000000
 20
147.077513
 30
0.0
 10
143.668479
 20
147.077513
 30
0.0
 10
143.350537
 20
146.945817
 30
0.0
 10
143.116117
 20
146.711396
 30
0.0
  0
SPLINE
  5
847
100
AcDbEntity
  8
0
 62
7
100
AcDbSpline
 70
8
 71
3
 72
8
 73
4
 74
0
 40
0
 40
0
 40
0
 40
0
 40
1
 40
1
 40
1
 40
1
 10
143.116117
 20
146.711396
 30
0.0
 10
142.881696
 20
146.476976
 30
0.0
 10
142.750000
 20
146.159034
 30
0.0
 10
142.750000
 20
145.827513
 30
0.0
  0
LWPOLYLINE
  5
848
100
AcDbEntity
  8
0
 62
7
100
AcDbPolyline
 90
1
 70
1
 10
138.550780
 20
152.077513
 30
0.0
  0
SPLINE
  5
849
100
AcDbEntity
  8
0
 62
7
100
AcDbSpline
 70
8
 71
3
 72
8
 73
4
 74
0
 40
0
 40
0
 40
0
 40
0
 40
1
 40
1
 40
1
 40
1
 10
142.750000
 20
143.827513
 30
0.0
 10
142.750000
 20
143.495992
 30
0.0
 10
142.881696
 20
143.178050
 30
0.0
 10
143.116117
 20
142.943630
 30
0.0
  0
SPLINE
  5
84a
100
AcDbEntity
  8
0
 62
7
100
AcDbSpline
 70
8
 71
3
 72
8
 73
4
 74
0
 40
0
 40
0
 40
0
 40
0
 40
1
 40
1
 40
1
 40
1
 10
143.116117
 20
142.943630
 30
0.0
 10
143.350537
 20
142.709209
 30
0.0
 10
143.668479
 20
142.577513
 30
0.0
 10
144.000000
 20
142.577513
 30
0.0
  0
SPLINE
  5
84b
100
AcDbEntity
  8
0
 62
7
100
AcDbSpline
 70
8
 71
3
 72
8
 73
4
 74
0
 40
0
 40
0
 40
0
 40
0
 40
1
 40
1
 40
1
 40
1
 10
144.000000
 20
142.577513
 30
0.0
 10
144.331521
 20
142.577513
 30
0.0
 10
144.649463
 20
142.709209
 30
0.0
 10
144.883883
 20
142.943630
 30
0.0
  0
SPLINE
  5
84c
100
AcDbEntity
  8
0
 62
7
100
AcDbSpline
 70
8
 71
3
 72
8
 73
4
 74
0
 40
0
 40
0
 40
0
 40
0
 40
1
 40
1
 40
1
 40
1
 10
144.883883
 20
142.943630
 30
0.0
 10
145.118304
 20
143.178050
 30
0.0
 10
145.250000
 20
143.495992
 30
0.0
 10
145.250000
 20
143.827513
 30
0.0
  0
LWPOLYLINE
  5
84d
100
AcDbEntity
  8
0
 62
7
100
AcDbPolyline
 90
2
 70
0
 10
142.750000
 20
145.827513
 30
0.0
 10
142.750000
 20
143.827513
 30
0.0
  0
SPLINE
  5
84e
100
AcDbEntity
  8
0
 62
7
100
AcDbSpline
 70
8
 71
3
 72
8
 73
4
 74
0
 40
0
 40
0
 40
0
 40
0
 40
1
 40
1
 40
1
 40
1
 10
145.250000
 20
145.827513
 30
0.0
 10
145.250000
 20
146.159034
 30
0.0
 10
145.118304
 20
146.476976
 30
0.0
 10
144.883883
 20
146.711396
 30
0.0
  0
SPLINE
  5
84f
100
AcDbEntity
  8
0
 62
7
100
AcDbSpline
 70
8
 71
3
 72
8
 73
4
 74
0
 40
0
 40
0
 40
0
 40
0
 40
1
 40
1
 40
1
 40
1
 10
144.883883
 20
146.711396
 30
0.0
 10
144.649463
 20
146.945817
 30
0.0
 10
144.331521
 20
147.077513
 30
0.0
 10
144.000000
 20
147.077513
 30
0.0
  0
LWPOLYLINE
  5
850
100
AcDbEntity
  8
0
 62
7
100
AcDbPolyline
 90
2
 70
0
 10
145.250000
 20
143.827513
 30
0.0
 10
145.250000
 20
145.827513
 30
0.0
  0
LWPOLYLINE
  5
851
100
AcDbEntity
  8
0
 62
7
100
AcDbPolyline
 90
1
 70
1
 10
144.000000
 20
147.077513
 30
0.0
  0
LWPOLYLINE
  5
852
100
AcDbEntity
  8
0
 62
7
100
AcDbPolyline
 90
4
 70
1
 10
150.700000
 20
152.077200
 30
0.0
 10
150.700000
 20
147.577200
 30
0.0
 10
148.200000
 20
147.577200
 30
0.0
 10
148.200000
 20
152.077200
 30
0.0
  0
SPLINE
  5
853
100
AcDbEntity
  8
0
 62
7
100
AcDbSpline
 70
8
 71
3
 72
8
 73
4
 74
0
 40
0
 40
0
 40
0
 40
0
 40
1
 40
1
 40
1
 40
1
 10
138.920000
 20
161.812200
 30
0.0
 10
138.596430
 20
161.812200
 30
0.0
 10
138.304721
 20
161.617286
 30
0.0
 10
138.180896
 20
161.318347
 30
0.0
  0
SPLINE
  5
854
100
AcDbEntity
  8
0
 62
7
100
AcDbSpline
 70
8
 71
3
 72
8
 73
4
 74
0
 40
0
 40
0
 40
0
 40
0
 40
1
 40
1
 40
1
 40
1
 10
138.180896
 20
161.318347
 30
0.0
 10
138.057072
 20
161.019407
 30
0.0
 10
138.125516
 20
160.675313
 30
0.0
 10
138.354315
 20
160.446515
 30
0.0
  0
SPLINE
  5
855
100
AcDbEntity
  8
0
 62
7
100
AcDbSpline
 70
8
 71
3
 72
8
 73
4
 74
0
 40
0
 40
0
 40
0
 40
0
 40
1
 40
1
 40
1
 40
1
 10
138.354315
 20
160.446515
 30
0.0
 10
138.583113
 20
160.217716
 30
0.0
 10
138.927207
 20
160.149272
 30
0.0
 10
139.226147
 20
160.273096
 30
0.0
  0
SPLINE
  5
856
100
AcDbEntity
  8
0
 62
7
100
AcDbSpline
 70
8
 71
3
 72
8
 73
4
 74
0
 40
0
 40
0
 40
0
 40
0
 40
1
 40
1
 40
1
 40
1
 10
139.226147
 20
160.273096
 30
0.0
 10
139.525086
 20
160.396921
 30
0.0
 10
139.720000
 20
160.688630
 30
0.0
 10
139.720000
 20
161.012200
 30
0.0
  0
SPLINE
  5
857
100
AcDbEntity
  8
0
 62
7
100
AcDbSpline
 70
8
 71
3
 72
8
 73
4
 74
0
 40
0
 40
0
 40
0
 40
0
 40
1
 40
1
 40
1
 40
1
 10
139.720000
 20
161.012200
 30
0.0
 10
139.720000
 20
161.224373
 30
0.0
 10
139.635715
 20
161.427856
 30
0.0
 10
139.485685
 20
161.577885
 30
0.0
  0
SPLINE
  5
858
100
AcDbEntity
  8
0
 62
7
100
AcDbSpline
 70
8
 71
3
 72
8
 73
4
 74
0
 40
0
 40
0
 40
0
 40
0
 40
1
 40
1
 40
1
 40
1
 10
139.485685
 20
161.577885
 30
0.0
 10
139.335656
 20
161.727915
 30
0.0
 10
139.132173
 20
161.812200
 30
0.0
 10
138.920000
 20
161.812200
 30
0.0
  0
LWPOLYLINE
  5
859
100
AcDbEntity
  8
0
 62
7
100
AcDbPolyline
 90
4
 70
1
 10
159.850000
 20
161.857200
 30
0.0
 10
159.850000
 20
160.157200
 30
0.0
 10
158.150000
 20
160.157200
 30
0.0
 10
158.150000
 20
161.857200
 30
0.0
  0
SPLINE
  5
85a
100
AcDbEntity
  8
0
 62
7
100
AcDbSpline
 70
8
 71
3
 72
8
 73
4
 74
0
 40
0
 40
0
 40
0
 40
0
 40
1
 40
1
 40
1
 40
1
 10
149.080000
 20
161.812200
 30
0.0
 10
148.756430
 20
161.812200
 30
0.0
 10
148.464721
 20
161.617286
 30
0.0
 10
148.340896
 20
161.318347
 30
0.0
  0
SPLINE
  5
85b
100
AcDbEntity
  8
0
 62
7
100
AcDbSpline
 70
8
 71
3
 72
8
 73
4
 74
0
 40
0
 40
0
 40
0
 40
0
 40
1
 40
1
 40
1
 40
1
 10
148.340896
 20
161.318347
 30
0.0
 10
148.217072
 20
161.019407
 30
0.0
 10
148.285516
 20
160.675313
 30
0.0
 10
148.514315
 20
160.446515
 30
0.0
  0
SPLINE
  5
85c
100
AcDbEntity
  8
0
 62
7
100
AcDbSpline
 70
8
 71
3
 72
8
 73
4
 74
0
 40
0
 40
0
 40
0
 40
0
 40
1
 40
1
 40
1
 40
1
 10
148.514315
 20
160.446515
 30
0.0
 10
148.743113
 20
160.217716
 30
0.0
 10
149.087207
 20
160.149272
 30
0.0
 10
149.386147
 20
160.273096
 30
0.0
  0
SPLINE
  5
85d
100
AcDbEntity
  8
0
 62
7
100
AcDbSpline
 70
8
 71
3
 72
8
 73
4
 74
0
 40
0
 40
0
 40
0
 40
0
 40
1
 40
1
 40
1
 40
1
 10
149.386147
 20
160.273096
 30
0.0
 10
149.685086
 20
160.396921
 30
0.0
 10
149.880000
 20
160.688630
 30
0.0
 10
149.880000
 20
161.012200
 30
0.0
  0
SPLINE
  5
85e
100
AcDbEntity
  8
0
 62
7
100
AcDbSpline
 70
8
 71
3
 72
8
 73
4
 74
0
 40
0
 40
0
 40
0
 40
0
 40
1
 40
1
 40
1
 40
1
 10
149.880000
 20
161.012200
 30
0.0
 10
149.880000
 20
161.224373
 30
0.0
 10
149.795715
 20
161.427856
 30
0.0
 10
149.645685
 20
161.577885
 30
0.0
  0
SPLINE
  5
85f
100
AcDbEntity
  8
0
 62
7
100
AcDbSpline
 70
8
 71
3
 72
8
 73
4
 74
0
 40
0
 40
0
 40
0
 40
0
 40
1
 40
1
 40
1
 40
1
 10
149.645685
 20
161.577885
 30
0.0
 10
149.495656
 20
161.727915
 30
0.0
 10
149.292173
 20
161.812200
 30
0.0
 10
149.080000
 20
161.812200
 30
0.0
  0
LWPOLYLINE
  5
860
100
AcDbEntity
  8
0
 62
7
100
AcDbPolyline
 90
1
 70
1
 10
138.920000
 20
161.812200
 30
0.0
  0
SPLINE
  5
861
100
AcDbEntity
  8
0
 62
7
100
AcDbSpline
 70
8
 71
3
 72
8
 73
4
 74
0
 40
0
 40
0
 40
0
 40
0
 40
1
 40
1
 40
1
 40
1
 10
197.172500
 20
154.842200
 30
0.0
 10
196.646699
 20
154.842200
 30
0.0
 10
196.172672
 20
154.525465
 30
0.0
 10
195.971457
 20
154.039688
 30
0.0
  0
SPLINE
  5
862
100
AcDbEntity
  8
0
 62
7
100
AcDbSpline
 70
8
 71
3
 72
8
 73
4
 74
0
 40
0
 40
0
 40
0
 40
0
 40
1
 40
1
 40
1
 40
1
 10
195.971457
 20
154.039688
 30
0.0
 10
195.770241
 20
153.553912
 30
0.0
 10
195.881464
 20
152.994759
 30
0.0
 10
196.253261
 20
152.622961
 30
0.0
  0
SPLINE
  5
863
100
AcDbEntity
  8
0
 62
7
100
AcDbSpline
 70
8
 71
3
 72
8
 73
4
 74
0
 40
0
 40
0
 40
0
 40
0
 40
1
 40
1
 40
1
 40
1
 10
196.253261
 20
152.622961
 30
0.0
 10
196.625059
 20
152.251164
 30
0.0
 10
197.184212
 20
152.139941
 30
0.0
 10
197.669988
 20
152.341157
 30
0.0
  0
SPLINE
  5
864
100
AcDbEntity
  8
0
 62
7
100
AcDbSpline
 70
8
 71
3
 72
8
 73
4
 74
0
 40
0
 40
0
 40
0
 40
0
 40
1
 40
1
 40
1
 40
1
 10
197.669988
 20
152.341157
 30
0.0
 10
198.155765
 20
152.542372
 30
0.0
 10
198.472500
 20
153.016399
 30
0.0
 10
198.472500
 20
153.542200
 30
0.0
  0
SPLINE
  5
865
100
AcDbEntity
  8
0
 62
7
100
AcDbSpline
 70
8
 71
3
 72
8
 73
4
 74
0
 40
0
 40
0
 40
0
 40
0
 40
1
 40
1
 40
1
 40
1
 10
198.472500
 20
153.542200
 30
0.0
 10
198.472500
 20
153.886981
 30
0.0
 10
198.335536
 20
154.217642
 30
0.0
 10
198.091739
 20
154.461439
 30
0.0
  0
SPLINE
  5
866
100
AcDbEntity
  8
0
 62
7
100
AcDbSpline
 70
8
 71
3
 72
8
 73
4
 74
0
 40
0
 40
0
 40
0
 40
0
 40
1
 40
1
 40
1
 40
1
 10
198.091739
 20
154.461439
 30
0.0
 10
197.847942
 20
154.705236
 30
0.0
 10
197.517281
 20
154.842200
 30
0.0
 10
197.172500
 20
154.842200
 30
0.0
  0
LWPOLYLINE
  5
867
100
AcDbEntity
  8
0
 62
7
100
AcDbPolyline
 90
1
 70
1
 10
149.080000
 20
161.812200
 30
0.0
  0
LWPOLYLINE
  5
868
100
AcDbEntity
  8
0
 62
7
100
AcDbPolyline
 90
1
 70
1
 10
197.172500
 20
154.842200
 30
0.0
  0
SPLINE
  5
869
100
AcDbEntity
  8
0
 62
7
100
AcDbSpline
 70
8
 71
3
 72
8
 73
4
 74
0
 40
0
 40
0
 40
0
 40
0
 40
1
 40
1
 40
1
 40
1
 10
181.950000
 20
154.547200
 30
0.0
 10
181.545538
 20
154.547200
 30
0.0
 10
181.180901
 20
154.303558
 30
0.0
 10
181.026120
 20
153.929883
 30
0.0
  0
SPLINE
  5
86a
100
AcDbEntity
  8
0
 62
7
100
AcDbSpline
 70
8
 71
3
 72
8
 73
4
 74
0
 40
0
 40
0
 40
0
 40
0
 40
1
 40
1
 40
1
 40
1
 10
181.026120
 20
153.929883
 30
0.0
 10
180.871339
 20
153.556209
 30
0.0
 10
180.956895
 20
153.126091
 30
0.0
 10
181.242893
 20
152.840093
 30
0.0
  0
SPLINE
  5
86b
100
AcDbEntity
  8
0
 62
7
100
AcDbSpline
 70
8
 71
3
 72
8
 73
4
 74
0
 40
0
 40
0
 40
0
 40
0
 40
1
 40
1
 40
1
 40
1
 10
181.242893
 20
152.840093
 30
0.0
 10
181.528891
 20
152.554095
 30
0.0
 10
181.959009
 20
152.468539
 30
0.0
 10
182.332683
 20
152.623320
 30
0.0
  0
SPLINE
  5
86c
100
AcDbEntity
  8
0
 62
7
100
AcDbSpline
 70
8
 71
3
 72
8
 73
4
 74
0
 40
0
 40
0
 40
0
 40
0
 40
1
 40
1
 40
1
 40
1
 10
182.332683
 20
152.623320
 30
0.0
 10
182.706358
 20
152.778101
 30
0.0
 10
182.950000
 20
153.142738
 30
0.0
 10
182.950000
 20
153.547200
 30
0.0
  0
SPLINE
  5
86d
100
AcDbEntity
  8
0
 62
7
100
AcDbSpline
 70
8
 71
3
 72
8
 73
4
 74
0
 40
0
 40
0
 40
0
 40
0
 40
1
 40
1
 40
1
 40
1
 10
182.950000
 20
153.547200
 30
0.0
 10
182.950000
 20
153.812416
 30
0.0
 10
182.844643
 20
154.066770
 30
0.0
 10
182.657107
 20
154.254307
 30
0.0
  0
SPLINE
  5
86e
100
AcDbEntity
  8
0
 62
7
100
AcDbSpline
 70
8
 71
3
 72
8
 73
4
 74
0
 40
0
 40
0
 40
0
 40
0
 40
1
 40
1
 40
1
 40
1
 10
182.657107
 20
154.254307
 30
0.0
 10
182.469570
 20
154.441843
 30
0.0
 10
182.215216
 20
154.547200
 30
0.0
 10
181.950000
 20
154.547200
 30
0.0
  0
LWPOLYLINE
  5
86f
100
AcDbEntity
  8
0
 62
7
100
AcDbPolyline
 90
20
 70
1
 10
196.122500
 20
147.162200
 30
0.0
 10
196.026800
 20
147.181200
 30
0.0
 10
195.945700
 20
147.235400
 30
0.0
 10
195.891500
 20
147.316500
 30
0.0
 10
195.872500
 20
147.412200
 30
0.0
 10
195.872500
 20
149.512200
 30
0.0
 10
195.891500
 20
149.607900
 30
0.0
 10
195.945700
 20
149.689000
 30
0.0
 10
196.026800
 20
149.743200
 30
0.0
 10
196.122500
 20
149.762200
 30
0.0
 10
198.222500
 20
149.762200
 30
0.0
 10
198.318200
 20
149.743200
 30
0.0
 10
198.399300
 20
149.689000
 30
0.0
 10
198.453500
 20
149.607900
 30
0.0
 10
198.472500
 20
149.512200
 30
0.0
 10
198.472500
 20
147.412200
 30
0.0
 10
198.453500
 20
147.316500
 30
0.0
 10
198.399300
 20
147.235400
 30
0.0
 10
198.318200
 20
147.181200
 30
0.0
 10
198.222500
 20
147.162200
 30
0.0
  0
LWPOLYLINE
  5
870
100
AcDbEntity
  8
0
 62
7
100
AcDbPolyline
 90
1
 70
1
 10
181.950000
 20
154.547200
 30
0.0
  0
SPLINE
  5
871
100
AcDbEntity
  8
0
 62
7
100
AcDbSpline
 70
8
 71
3
 72
8
 73
4
 74
0
 40
0
 40
0
 40
0
 40
0
 40
1
 40
1
 40
1
 40
1
 10
119.000000
 20
121.576700
 30
0.0
 10
118.191076
 20
121.576700
 30
0.0
 10
117.461803
 20
121.089416
 30
0.0
 10
117.152241
 20
120.342067
 30
0.0
  0
SPLINE
  5
872
100
AcDbEntity
  8
0
 62
7
100
AcDbSpline
 70
8
 71
3
 72
8
 73
4
 74
0
 40
0
 40
0
 40
0
 40
0
 40
1
 40
1
 40
1
 40
1
 10
117.152241
 20
120.342067
 30
0.0
 10
116.842679
 20
119.594718
 30
0.0
 10
117.013790
 20
118.734482
 30
0.0
 10
117.585786
 20
118.162486
 30
0.0
  0
SPLINE
  5
873
100
AcDbEntity
  8
0
 62
7
100
AcDbSpline
 70
8
 71
3
 72
8
 73
4
 74
0
 40
0
 40
0
 40
0
 40
0
 40
1
 40
1
 40
1
 40
1
 10
117.585786
 20
118.162486
 30
0.0
 10
118.157782
 20
117.590490
 30
0.0
 10
119.018018
 20
117.419379
 30
0.0
 10
119.765367
 20
117.728941
 30
0.0
  0
SPLINE
  5
874
100
AcDbEntity
  8
0
 62
7
100
AcDbSpline
 70
8
 71
3
 72
8
 73
4
 74
0
 40
0
 40
0
 40
0
 40
0
 40
1
 40
1
 40
1
 40
1
 10
119.765367
 20
117.728941
 30
0.0
 10
120.512716
 20
118.038503
 30
0.0
 10
121.000000
 20
118.767776
 30
0.0
 10
121.000000
 20
119.576700
 30
0.0
  0
SPLINE
  5
875
100
AcDbEntity
  8
0
 62
7
100
AcDbSpline
 70
8
 71
3
 72
8
 73
4
 74
0
 40
0
 40
0
 40
0
 40
0
 40
1
 40
1
 40
1
 40
1
 10
121.000000
 20
119.576700
 30
0.0
 10
121.000000
 20
120.107133
 30
0.0
 10
120.789286
 20
120.615841
 30
0.0
 10
120.414214
 20
120.990914
 30
0.0
  0
SPLINE
  5
876
100
AcDbEntity
  8
0
 62
7
100
AcDbSpline
 70
8
 71
3
 72
8
 73
4
 74
0
 40
0
 40
0
 40
0
 40
0
 40
1
 40
1
 40
1
 40
1
 10
120.414214
 20
120.990914
 30
0.0
 10
120.039141
 20
121.365986
 30
0.0
 10
119.530433
 20
121.576700
 30
0.0
 10
119.000000
 20
121.576700
 30
0.0
  0
LWPOLYLINE
  5
877
100
AcDbEntity
  8
0
 62
7
100
AcDbPolyline
 90
4
 70
1
 10
182.950000
 20
147.467200
 30
0.0
 10
180.950000
 20
147.467200
 30
0.0
 10
180.950000
 20
149.467200
 30
0.0
 10
182.950000
 20
149.467200
 30
0.0
  0
LWPOLYLINE
  5
878
100
AcDbEntity
  8
0
 62
7
100
AcDbPolyline
 90
1
 70
1
 10
119.000000
 20
121.576700
 30
0.0
  0
SPLINE
  5
879
100
AcDbEntity
  8
0
 62
7
100
AcDbSpline
 70
8
 71
3
 72
8
 73
4
 74
0
 40
0
 40
0
 40
0
 40
0
 40
1
 40
1
 40
1
 40
1
 10
190.000000
 20
116.887200
 30
0.0
 10
189.676430
 20
116.887200
 30
0.0
 10
189.384721
 20
116.692286
 30
0.0
 10
189.260896
 20
116.393347
 30
0.0
  0
SPLINE
  5
87a
100
AcDbEntity
  8
0
 62
7
100
AcDbSpline
 70
8
 71
3
 72
8
 73
4
 74
0
 40
0
 40
0
 40
0
 40
0
 40
1
 40
1
 40
1
 40
1
 10
189.260896
 20
116.393347
 30
0.0
 10
189.137072
 20
116.094407
 30
0.0
 10
189.205516
 20
115.750313
 30
0.0
 10
189.434315
 20
115.521515
 30
0.0
  0
SPLINE
  5
87b
100
AcDbEntity
  8
0
 62
7
100
AcDbSpline
 70
8
 71
3
 72
8
 73
4
 74
0
 40
0
 40
0
 40
0
 40
0
 40
1
 40
1
 40
1
 40
1
 10
189.434315
 20
115.521515
 30
0.0
 10
189.663113
 20
115.292716
 30
0.0
 10
190.007207
 20
115.224272
 30
0.0
 10
190.306147
 20
115.348096
 30
0.0
  0
SPLINE
  5
87c
100
AcDbEntity
  8
0
 62
7
100
AcDbSpline
 70
8
 71
3
 72
8
 73
4
 74
0
 40
0
 40
0
 40
0
 40
0
 40
1
 40
1
 40
1
 40
1
 10
190.306147
 20
115.348096
 30
0.0
 10
190.605086
 20
115.471921
 30
0.0
 10
190.800000
 20
115.763630
 30
0.0
 10
190.800000
 20
116.087200
 30
0.0
  0
SPLINE
  5
87d
100
AcDbEntity
  8
0
 62
7
100
AcDbSpline
 70
8
 71
3
 72
8
 73
4
 74
0
 40
0
 40
0
 40
0
 40
0
 40
1
 40
1
 40
1
 40
1
 10
190.800000
 20
116.087200
 30
0.0
 10
190.800000
 20
116.299373
 30
0.0
 10
190.715715
 20
116.502856
 30
0.0
 10
190.565685
 20
116.652885
 30
0.0
  0
SPLINE
  5
87e
100
AcDbEntity
  8
0
 62
7
100
AcDbSpline
 70
8
 71
3
 72
8
 73
4
 74
0
 40
0
 40
0
 40
0
 40
0
 40
1
 40
1
 40
1
 40
1
 10
190.565685
 20
116.652885
 30
0.0
 10
190.415656
 20
116.802915
 30
0.0
 10
190.212173
 20
116.887200
 30
0.0
 10
190.000000
 20
116.887200
 30
0.0
  0
LWPOLYLINE
  5
87f
100
AcDbEntity
  8
0
 62
7
100
AcDbPolyline
 90
20
 70
1
 10
117.250000
 20
107.576700
 30
0.0
 10
117.154300
 20
107.595700
 30
0.0
 10
117.073200
 20
107.649900
 30
0.0
 10
117.019000
 20
107.731000
 30
0.0
 10
117.000000
 20
107.826700
 30
0.0
 10
117.000000
 20
111.326700
 30
0.0
 10
117.019000
 20
111.422400
 30
0.0
 10
117.073200
 20
111.503500
 30
0.0
 10
117.154300
 20
111.557700
 30
0.0
 10
117.250000
 20
111.576700
 30
0.0
 10
120.750000
 20
111.576700
 30
0.0
 10
120.845700
 20
111.557700
 30
0.0
 10
120.926800
 20
111.503500
 30
0.0
 10
120.981000
 20
111.422400
 30
0.0
 10
121.000000
 20
111.326700
 30
0.0
 10
121.000000
 20
107.826700
 30
0.0
 10
120.981000
 20
107.731000
 30
0.0
 10
120.926800
 20
107.649900
 30
0.0
 10
120.845700
 20
107.595700
 30
0.0
 10
120.750000
 20
107.576700
 30
0.0
  0
SPLINE
  5
880
100
AcDbEntity
  8
0
 62
7
100
AcDbSpline
 70
8
 71
3
 72
8
 73
4
 74
0
 40
0
 40
0
 40
0
 40
0
 40
1
 40
1
 40
1
 40
1
 10
190.000000
 20
106.727200
 30
0.0
 10
189.676430
 20
106.727200
 30
0.0
 10
189.384721
 20
106.532286
 30
0.0
 10
189.260896
 20
106.233347
 30
0.0
  0
SPLINE
  5
881
100
AcDbEntity
  8
0
 62
7
100
AcDbSpline
 70
8
 71
3
 72
8
 73
4
 74
0
 40
0
 40
0
 40
0
 40
0
 40
1
 40
1
 40
1
 40
1
 10
189.260896
 20
106.233347
 30
0.0
 10
189.137072
 20
105.934407
 30
0.0
 10
189.205516
 20
105.590313
 30
0.0
 10
189.434315
 20
105.361515
 30
0.0
  0
SPLINE
  5
882
100
AcDbEntity
  8
0
 62
7
100
AcDbSpline
 70
8
 71
3
 72
8
 73
4
 74
0
 40
0
 40
0
 40
0
 40
0
 40
1
 40
1
 40
1
 40
1
 10
189.434315
 20
105.361515
 30
0.0
 10
189.663113
 20
105.132716
 30
0.0
 10
190.007207
 20
105.064272
 30
0.0
 10
190.306147
 20
105.188096
 30
0.0
  0
SPLINE
  5
883
100
AcDbEntity
  8
0
 62
7
100
AcDbSpline
 70
8
 71
3
 72
8
 73
4
 74
0
 40
0
 40
0
 40
0
 40
0
 40
1
 40
1
 40
1
 40
1
 10
190.306147
 20
105.188096
 30
0.0
 10
190.605086
 20
105.311921
 30
0.0
 10
190.800000
 20
105.603630
 30
0.0
 10
190.800000
 20
105.927200
 30
0.0
  0
SPLINE
  5
884
100
AcDbEntity
  8
0
 62
7
100
AcDbSpline
 70
8
 71
3
 72
8
 73
4
 74
0
 40
0
 40
0
 40
0
 40
0
 40
1
 40
1
 40
1
 40
1
 10
190.800000
 20
105.927200
 30
0.0
 10
190.800000
 20
106.139373
 30
0.0
 10
190.715715
 20
106.342856
 30
0.0
 10
190.565685
 20
106.492885
 30
0.0
  0
SPLINE
  5
885
100
AcDbEntity
  8
0
 62
7
100
AcDbSpline
 70
8
 71
3
 72
8
 73
4
 74
0
 40
0
 40
0
 40
0
 40
0
 40
1
 40
1
 40
1
 40
1
 10
190.565685
 20
106.492885
 30
0.0
 10
190.415656
 20
106.642915
 30
0.0
 10
190.212173
 20
106.727200
 30
0.0
 10
190.000000
 20
106.727200
 30
0.0
  0
LWPOLYLINE
  5
886
100
AcDbEntity
  8
0
 62
7
100
AcDbPolyline
 90
1
 70
1
 10
190.000000
 20
116.887200
 30
0.0
  0
SPLINE
  5
887
100
AcDbEntity
  8
0
 62
7
100
AcDbSpline
 70
8
 71
3
 72
8
 73
4
 74
0
 40
0
 40
0
 40
0
 40
0
 40
1
 40
1
 40
1
 40
1
 10
78.000000
 20
121.576700
 30
0.0
 10
77.191076
 20
121.576700
 30
0.0
 10
76.461803
 20
121.089416
 30
0.0
 10
76.152241
 20
120.342067
 30
0.0
  0
SPLINE
  5
888
100
AcDbEntity
  8
0
 62
7
100
AcDbSpline
 70
8
 71
3
 72
8
 73
4
 74
0
 40
0
 40
0
 40
0
 40
0
 40
1
 40
1
 40
1
 40
1
 10
76.152241
 20
120.342067
 30
0.0
 10
75.842679
 20
119.594718
 30
0.0
 10
76.013790
 20
118.734482
 30
0.0
 10
76.585786
 20
118.162486
 30
0.0
  0
SPLINE
  5
889
100
AcDbEntity
  8
0
 62
7
100
AcDbSpline
 70
8
 71
3
 72
8
 73
4
 74
0
 40
0
 40
0
 40
0
 40
0
 40
1
 40
1
 40
1
 40
1
 10
76.585786
 20
118.162486
 30
0.0
 10
77.157782
 20
117.590490
 30
0.0
 10
78.018018
 20
117.419379
 30
0.0
 10
78.765367
 20
117.728941
 30
0.0
  0
SPLINE
  5
88a
100
AcDbEntity
  8
0
 62
7
100
AcDbSpline
 70
8
 71
3
 72
8
 73
4
 74
0
 40
0
 40
0
 40
0
 40
0
 40
1
 40
1
 40
1
 40
1
 10
78.765367
 20
117.728941
 30
0.0
 10
79.512716
 20
118.038503
 30
0.0
 10
80.000000
 20
118.767776
 30
0.0
 10
80.000000
 20
119.576700
 30
0.0
  0
SPLINE
  5
88b
100
AcDbEntity
  8
0
 62
7
100
AcDbSpline
 70
8
 71
3
 72
8
 73
4
 74
0
 40
0
 40
0
 40
0
 40
0
 40
1
 40
1
 40
1
 40
1
 10
80.000000
 20
119.576700
 30
0.0
 10
80.000000
 20
120.107133
 30
0.0
 10
79.789286
 20
120.615841
 30
0.0
 10
79.414214
 20
120.990914
 30
0.0
  0
SPLINE
  5
88c
100
AcDbEntity
  8
0
 62
7
100
AcDbSpline
 70
8
 71
3
 72
8
 73
4
 74
0
 40
0
 40
0
 40
0
 40
0
 40
1
 40
1
 40
1
 40
1
 10
79.414214
 20
120.990914
 30
0.0
 10
79.039141
 20
121.365986
 30
0.0
 10
78.530433
 20
121.576700
 30
0.0
 10
78.000000
 20
121.576700
 30
0.0
  0
LWPOLYLINE
  5
88d
100
AcDbEntity
  8
0
 62
7
100
AcDbPolyline
 90
1
 70
1
 10
190.000000
 20
106.727200
 30
0.0
  0
LWPOLYLINE
  5
88e
100
AcDbEntity
  8
0
 62
7
100
AcDbPolyline
 90
1
 70
1
 10
78.000000
 20
121.576700
 30
0.0
  0
LWPOLYLINE
  5
88f
100
AcDbEntity
  8
0
 62
7
100
AcDbPolyline
 90
20
 70
1
 10
76.250000
 20
107.576700
 30
0.0
 10
76.154300
 20
107.595700
 30
0.0
 10
76.073200
 20
107.649900
 30
0.0
 10
76.019000
 20
107.731000
 30
0.0
 10
76.000000
 20
107.826700
 30
0.0
 10
76.000000
 20
111.326700
 30
0.0
 10
76.019000
 20
111.422400
 30
0.0
 10
76.073200
 20
111.503500
 30
0.0
 10
76.154300
 20
111.557700
 30
0.0
 10
76.250000
 20
111.576700
 30
0.0
 10
79.750000
 20
111.576700
 30
0.0
 10
79.845700
 20
111.557700
 30
0.0
 10
79.926800
 20
111.503500
 30
0.0
 10
79.981000
 20
111.422400
 30
0.0
 10
80.000000
 20
111.326700
 30
0.0
 10
80.000000
 20
107.826700
 30
0.0
 10
79.981000
 20
107.731000
 30
0.0
 10
79.926800
 20
107.649900
 30
0.0
 10
79.845700
 20
107.595700
 30
0.0
 10
79.750000
 20
107.576700
 30
0.0
  0
SPLINE
  5
890
100
AcDbEntity
  8
0
 62
7
100
AcDbSpline
 70
8
 71
3
 72
8
 73
4
 74
0
 40
0
 40
0
 40
0
 40
0
 40
1
 40
1
 40
1
 40
1
 10
126.000000
 20
178.807200
 30
0.0
 10
125.676430
 20
178.807200
 30
0.0
 10
125.384721
 20
178.612286
 30
0.0
 10
125.260896
 20
178.313347
 30
0.0
  0
SPLINE
  5
891
100
AcDbEntity
  8
0
 62
7
100
AcDbSpline
 70
8
 71
3
 72
8
 73
4
 74
0
 40
0
 40
0
 40
0
 40
0
 40
1
 40
1
 40
1
 40
1
 10
125.260896
 20
178.313347
 30
0.0
 10
125.137072
 20
178.014407
 30
0.0
 10
125.205516
 20
177.670313
 30
0.0
 10
125.434315
 20
177.441515
 30
0.0
  0
SPLINE
  5
892
100
AcDbEntity
  8
0
 62
7
100
AcDbSpline
 70
8
 71
3
 72
8
 73
4
 74
0
 40
0
 40
0
 40
0
 40
0
 40
1
 40
1
 40
1
 40
1
 10
125.434315
 20
177.441515
 30
0.0
 10
125.663113
 20
177.212716
 30
0.0
 10
126.007207
 20
177.144272
 30
0.0
 10
126.306147
 20
177.268096
 30
0.0
  0
SPLINE
  5
893
100
AcDbEntity
  8
0
 62
7
100
AcDbSpline
 70
8
 71
3
 72
8
 73
4
 74
0
 40
0
 40
0
 40
0
 40
0
 40
1
 40
1
 40
1
 40
1
 10
126.306147
 20
177.268096
 30
0.0
 10
126.605086
 20
177.391921
 30
0.0
 10
126.800000
 20
177.683630
 30
0.0
 10
126.800000
 20
178.007200
 30
0.0
  0
SPLINE
  5
894
100
AcDbEntity
  8
0
 62
7
100
AcDbSpline
 70
8
 71
3
 72
8
 73
4
 74
0
 40
0
 40
0
 40
0
 40
0
 40
1
 40
1
 40
1
 40
1
 10
126.800000
 20
178.007200
 30
0.0
 10
126.800000
 20
178.449028
 30
0.0
 10
126.441828
 20
178.807200
 30
0.0
 10
126.000000
 20
178.807200
 30
0.0
  0
LWPOLYLINE
  5
895
100
AcDbEntity
  8
0
 62
7
100
AcDbPolyline
 90
20
 70
1
 10
125.450000
 20
174.707200
 30
0.0
 10
125.354300
 20
174.726200
 30
0.0
 10
125.273200
 20
174.780400
 30
0.0
 10
125.219000
 20
174.861500
 30
0.0
 10
125.200000
 20
174.957200
 30
0.0
 10
125.200000
 20
176.057200
 30
0.0
 10
125.219000
 20
176.152900
 30
0.0
 10
125.273200
 20
176.234000
 30
0.0
 10
125.354300
 20
176.288200
 30
0.0
 10
125.450000
 20
176.307200
 30
0.0
 10
126.550000
 20
176.307200
 30
0.0
 10
126.645700
 20
176.288200
 30
0.0
 10
126.726800
 20
176.234000
 30
0.0
 10
126.781000
 20
176.152900
 30
0.0
 10
126.800000
 20
176.057200
 30
0.0
 10
126.800000
 20
174.957200
 30
0.0
 10
126.781000
 20
174.861500
 30
0.0
 10
126.726800
 20
174.780400
 30
0.0
 10
126.645700
 20
174.726200
 30
0.0
 10
126.550000
 20
174.707200
 30
0.0
  0
LWPOLYLINE
  5
896
100
AcDbEntity
  8
0
 62
7
100
AcDbPolyline
 90
1
 70
1
 10
126.000000
 20
178.807200
 30
0.0
  0
SPLINE
  5
897
100
AcDbEntity
  8
0
 62
7
100
AcDbSpline
 70
8
 71
3
 72
8
 73
4
 74
0
 40
0
 40
0
 40
0
 40
0
 40
1
 40
1
 40
1
 40
1
 10
139.500000
 20
176.317200
 30
0.0
 10
139.156207
 20
176.317200
 30
0.0
 10
138.846266
 20
176.110104
 30
0.0
 10
138.714702
 20
175.792481
 30
0.0
  0
SPLINE
  5
898
100
AcDbEntity
  8
0
 62
7
100
AcDbSpline
 70
8
 71
3
 72
8
 73
4
 74
0
 40
0
 40
0
 40
0
 40
0
 40
1
 40
1
 40
1
 40
1
 10
138.714702
 20
175.792481
 30
0.0
 10
138.583139
 20
175.474858
 30
0.0
 10
138.655861
 20
175.109258
 30
0.0
 10
138.898959
 20
174.866159
 30
0.0
  0
SPLINE
  5
899
100
AcDbEntity
  8
0
 62
7
100
AcDbSpline
 70
8
 71
3
 72
8
 73
4
 74
0
 40
0
 40
0
 40
0
 40
0
 40
1
 40
1
 40
1
 40
1
 10
138.898959
 20
174.866159
 30
0.0
 10
139.142058
 20
174.623061
 30
0.0
 10
139.507658
 20
174.550339
 30
0.0
 10
139.825281
 20
174.681902
 30
0.0
  0
SPLINE
  5
89a
100
AcDbEntity
  8
0
 62
7
100
AcDbSpline
 70
8
 71
3
 72
8
 73
4
 74
0
 40
0
 40
0
 40
0
 40
0
 40
1
 40
1
 40
1
 40
1
 10
139.825281
 20
174.681902
 30
0.0
 10
140.142904
 20
174.813466
 30
0.0
 10
140.350000
 20
175.123407
 30
0.0
 10
140.350000
 20
175.467200
 30
0.0
  0
SPLINE
  5
89b
100
AcDbEntity
  8
0
 62
7
100
AcDbSpline
 70
8
 71
3
 72
8
 73
4
 74
0
 40
0
 40
0
 40
0
 40
0
 40
1
 40
1
 40
1
 40
1
 10
140.350000
 20
175.467200
 30
0.0
 10
140.350000
 20
175.692634
 30
0.0
 10
140.260447
 20
175.908835
 30
0.0
 10
140.101041
 20
176.068241
 30
0.0
  0
SPLINE
  5
89c
100
AcDbEntity
  8
0
 62
7
100
AcDbSpline
 70
8
 71
3
 72
8
 73
4
 74
0
 40
0
 40
0
 40
0
 40
0
 40
1
 40
1
 40
1
 40
1
 10
140.101041
 20
176.068241
 30
0.0
 10
139.941635
 20
176.227647
 30
0.0
 10
139.725434
 20
176.317200
 30
0.0
 10
139.500000
 20
176.317200
 30
0.0
  0
LWPOLYLINE
  5
89d
100
AcDbEntity
  8
0
 62
7
100
AcDbPolyline
 90
4
 70
1
 10
138.650000
 20
177.157200
 30
0.0
 10
138.650000
 20
178.857200
 30
0.0
 10
140.350000
 20
178.857200
 30
0.0
 10
140.350000
 20
177.157200
 30
0.0
  0
SPLINE
  5
89e
100
AcDbEntity
  8
0
 62
7
100
AcDbSpline
 70
8
 71
3
 72
8
 73
4
 74
0
 40
0
 40
0
 40
0
 40
0
 40
1
 40
1
 40
1
 40
1
 10
22.000000
 20
152.007200
 30
0.0
 10
21.595538
 20
152.007200
 30
0.0
 10
21.230901
 20
151.763558
 30
0.0
 10
21.076120
 20
151.389883
 30
0.0
  0
SPLINE
  5
89f
100
AcDbEntity
  8
0
 62
7
100
AcDbSpline
 70
8
 71
3
 72
8
 73
4
 74
0
 40
0
 40
0
 40
0
 40
0
 40
1
 40
1
 40
1
 40
1
 10
21.076120
 20
151.389883
 30
0.0
 10
20.921339
 20
151.016209
 30
0.0
 10
21.006895
 20
150.586091
 30
0.0
 10
21.292893
 20
150.300093
 30
0.0
  0
SPLINE
  5
8a0
100
AcDbEntity
  8
0
 62
7
100
AcDbSpline
 70
8
 71
3
 72
8
 73
4
 74
0
 40
0
 40
0
 40
0
 40
0
 40
1
 40
1
 40
1
 40
1
 10
21.292893
 20
150.300093
 30
0.0
 10
21.578891
 20
150.014095
 30
0.0
 10
22.009009
 20
149.928539
 30
0.0
 10
22.382683
 20
150.083320
 30
0.0
  0
SPLINE
  5
8a1
100
AcDbEntity
  8
0
 62
7
100
AcDbSpline
 70
8
 71
3
 72
8
 73
4
 74
0
 40
0
 40
0
 40
0
 40
0
 40
1
 40
1
 40
1
 40
1
 10
22.382683
 20
150.083320
 30
0.0
 10
22.756358
 20
150.238101
 30
0.0
 10
23.000000
 20
150.602738
 30
0.0
 10
23.000000
 20
151.007200
 30
0.0
  0
SPLINE
  5
8a2
100
AcDbEntity
  8
0
 62
7
100
AcDbSpline
 70
8
 71
3
 72
8
 73
4
 74
0
 40
0
 40
0
 40
0
 40
0
 40
1
 40
1
 40
1
 40
1
 10
23.000000
 20
151.007200
 30
0.0
 10
23.000000
 20
151.272416
 30
0.0
 10
22.894643
 20
151.526770
 30
0.0
 10
22.707107
 20
151.714307
 30
0.0
  0
SPLINE
  5
8a3
100
AcDbEntity
  8
0
 62
7
100
AcDbSpline
 70
8
 71
3
 72
8
 73
4
 74
0
 40
0
 40
0
 40
0
 40
0
 40
1
 40
1
 40
1
 40
1
 10
22.707107
 20
151.714307
 30
0.0
 10
22.519570
 20
151.901843
 30
0.0
 10
22.265216
 20
152.007200
 30
0.0
 10
22.000000
 20
152.007200
 30
0.0
  0
LWPOLYLINE
  5
8a4
100
AcDbEntity
  8
0
 62
7
100
AcDbPolyline
 90
1
 70
1
 10
139.500000
 20
176.317200
 30
0.0
  0
SPLINE
  5
8a5
100
AcDbEntity
  8
0
 62
7
100
AcDbSpline
 70
8
 71
3
 72
8
 73
4
 74
0
 40
0
 40
0
 40
0
 40
0
 40
1
 40
1
 40
1
 40
1
 10
22.000000
 20
142.007200
 30
0.0
 10
21.595538
 20
142.007200
 30
0.0
 10
21.230901
 20
141.763558
 30
0.0
 10
21.076120
 20
141.389883
 30
0.0
  0
SPLINE
  5
8a6
100
AcDbEntity
  8
0
 62
7
100
AcDbSpline
 70
8
 71
3
 72
8
 73
4
 74
0
 40
0
 40
0
 40
0
 40
0
 40
1
 40
1
 40
1
 40
1
 10
21.076120
 20
141.389883
 30
0.0
 10
20.921339
 20
141.016209
 30
0.0
 10
21.006895
 20
140.586091
 30
0.0
 10
21.292893
 20
140.300093
 30
0.0
  0
SPLINE
  5
8a7
100
AcDbEntity
  8
0
 62
7
100
AcDbSpline
 70
8
 71
3
 72
8
 73
4
 74
0
 40
0
 40
0
 40
0
 40
0
 40
1
 40
1
 40
1
 40
1
 10
21.292893
 20
140.300093
 30
0.0
 10
21.578891
 20
140.014095
 30
0.0
 10
22.009009
 20
139.928539
 30
0.0
 10
22.382683
 20
140.083320
 30
0.0
  0
SPLINE
  5
8a8
100
AcDbEntity
  8
0
 62
7
100
AcDbSpline
 70
8
 71
3
 72
8
 73
4
 74
0
 40
0
 40
0
 40
0
 40
0
 40
1
 40
1
 40
1
 40
1
 10
22.382683
 20
140.083320
 30
0.0
 10
22.756358
 20
140.238101
 30
0.0
 10
23.000000
 20
140.602738
 30
0.0
 10
23.000000
 20
141.007200
 30
0.0
  0
SPLINE
  5
8a9
100
AcDbEntity
  8
0
 62
7
100
AcDbSpline
 70
8
 71
3
 72
8
 73
4
 74
0
 40
0
 40
0
 40
0
 40
0
 40
1
 40
1
 40
1
 40
1
 10
23.000000
 20
141.007200
 30
0.0
 10
23.000000
 20
141.272416
 30
0.0
 10
22.894643
 20
141.526770
 30
0.0
 10
22.707107
 20
141.714307
 30
0.0
  0
SPLINE
  5
8aa
100
AcDbEntity
  8
0
 62
7
100
AcDbSpline
 70
8
 71
3
 72
8
 73
4
 74
0
 40
0
 40
0
 40
0
 40
0
 40
1
 40
1
 40
1
 40
1
 10
22.707107
 20
141.714307
 30
0.0
 10
22.519570
 20
141.901843
 30
0.0
 10
22.265216
 20
142.007200
 30
0.0
 10
22.000000
 20
142.007200
 30
0.0
  0
LWPOLYLINE
  5
8ab
100
AcDbEntity
  8
0
 62
7
100
AcDbPolyline
 90
1
 70
1
 10
22.000000
 20
152.007200
 30
0.0
  0
LWPOLYLINE
  5
8ac
100
AcDbEntity
  8
0
 62
7
100
AcDbPolyline
 90
1
 70
1
 10
22.000000
 20
142.007200
 30
0.0
  0
SPLINE
  5
8ad
100
AcDbEntity
  8
0
 62
7
100
AcDbSpline
 70
8
 71
3
 72
8
 73
4
 74
0
 40
0
 40
0
 40
0
 40
0
 40
1
 40
1
 40
1
 40
1
 10
22.465000
 20
186.479700
 30
0.0
 10
21.939199
 20
186.479700
 30
0.0
 10
21.465172
 20
186.162965
 30
0.0
 10
21.263957
 20
185.677188
 30
0.0
  0
SPLINE
  5
8ae
100
AcDbEntity
  8
0
 62
7
100
AcDbSpline
 70
8
 71
3
 72
8
 73
4
 74
0
 40
0
 40
0
 40
0
 40
0
 40
1
 40
1
 40
1
 40
1
 10
21.263957
 20
185.677188
 30
0.0
 10
21.062741
 20
185.191412
 30
0.0
 10
21.173964
 20
184.632259
 30
0.0
 10
21.545761
 20
184.260461
 30
0.0
  0
SPLINE
  5
8af
100
AcDbEntity
  8
0
 62
7
100
AcDbSpline
 70
8
 71
3
 72
8
 73
4
 74
0
 40
0
 40
0
 40
0
 40
0
 40
1
 40
1
 40
1
 40
1
 10
21.545761
 20
184.260461
 30
0.0
 10
21.917559
 20
183.888664
 30
0.0
 10
22.476712
 20
183.777441
 30
0.0
 10
22.962488
 20
183.978657
 30
0.0
  0
SPLINE
  5
8b0
100
AcDbEntity
  8
0
 62
7
100
AcDbSpline
 70
8
 71
3
 72
8
 73
4
 74
0
 40
0
 40
0
 40
0
 40
0
 40
1
 40
1
 40
1
 40
1
 10
22.962488
 20
183.978657
 30
0.0
 10
23.448265
 20
184.179872
 30
0.0
 10
23.765000
 20
184.653899
 30
0.0
 10
23.765000
 20
185.179700
 30
0.0
  0
SPLINE
  5
8b1
100
AcDbEntity
  8
0
 62
7
100
AcDbSpline
 70
8
 71
3
 72
8
 73
4
 74
0
 40
0
 40
0
 40
0
 40
0
 40
1
 40
1
 40
1
 40
1
 10
23.765000
 20
185.179700
 30
0.0
 10
23.765000
 20
185.524481
 30
0.0
 10
23.628036
 20
185.855142
 30
0.0
 10
23.384239
 20
186.098939
 30
0.0
  0
SPLINE
  5
8b2
100
AcDbEntity
  8
0
 62
7
100
AcDbSpline
 70
8
 71
3
 72
8
 73
4
 74
0
 40
0
 40
0
 40
0
 40
0
 40
1
 40
1
 40
1
 40
1
 10
23.384239
 20
186.098939
 30
0.0
 10
23.140442
 20
186.342736
 30
0.0
 10
22.809781
 20
186.479700
 30
0.0
 10
22.465000
 20
186.479700
 30
0.0
  0
LWPOLYLINE
  5
8b3
100
AcDbEntity
  8
0
 62
7
100
AcDbPolyline
 90
20
 70
1
 10
28.845000
 20
184.129700
 30
0.0
 10
28.826000
 20
184.034000
 30
0.0
 10
28.771800
 20
183.952900
 30
0.0
 10
28.690700
 20
183.898700
 30
0.0
 10
28.595000
 20
183.879700
 30
0.0
 10
26.495000
 20
183.879700
 30
0.0
 10
26.399300
 20
183.898700
 30
0.0
 10
26.318200
 20
183.952900
 30
0.0
 10
26.264000
 20
184.034000
 30
0.0
 10
26.245000
 20
184.129700
 30
0.0
 10
26.245000
 20
186.229700
 30
0.0
 10
26.264000
 20
186.325400
 30
0.0
 10
26.318200
 20
186.406500
 30
0.0
 10
26.399300
 20
186.460700
 30
0.0
 10
26.495000
 20
186.479700
 30
0.0
 10
28.595000
 20
186.479700
 30
0.0
 10
28.690700
 20
186.460700
 30
0.0
 10
28.771800
 20
186.406500
 30
0.0
 10
28.826000
 20
186.325400
 30
0.0
 10
28.845000
 20
186.229700
 30
0.0
  0
LWPOLYLINE
  5
8b4
100
AcDbEntity
  8
0
 62
7
100
AcDbPolyline
 90
1
 70
1
 10
22.465000
 20
186.479700
 30
0.0
  0
SPLINE
  5
8b5
100
AcDbEntity
  8
0
 62
7
100
AcDbSpline
 70
8
 71
3
 72
8
 73
4
 74
0
 40
0
 40
0
 40
0
 40
0
 40
1
 40
1
 40
1
 40
1
 10
79.712891
 20
174.507200
 30
0.0
 10
79.243754
 20
174.506985
 30
0.0
 10
78.863497
 20
174.126728
 30
0.0
 10
78.863281
 20
173.657591
 30
0.0
  0
LWPOLYLINE
  5
8b6
100
AcDbEntity
  8
0
 62
7
100
AcDbPolyline
 90
20
 70
1
 10
78.862500
 20
179.257200
 30
0.0
 10
78.881500
 20
179.352900
 30
0.0
 10
78.935700
 20
179.434000
 30
0.0
 10
79.016800
 20
179.488200
 30
0.0
 10
79.112500
 20
179.507200
 30
0.0
 10
80.312500
 20
179.507200
 30
0.0
 10
80.408200
 20
179.488200
 30
0.0
 10
80.489300
 20
179.434000
 30
0.0
 10
80.543500
 20
179.352900
 30
0.0
 10
80.562500
 20
179.257200
 30
0.0
 10
80.562500
 20
177.757200
 30
0.0
 10
80.543500
 20
177.661500
 30
0.0
 10
80.489300
 20
177.580400
 30
0.0
 10
80.408200
 20
177.526200
 30
0.0
 10
80.312500
 20
177.507200
 30
0.0
 10
79.112500
 20
177.507200
 30
0.0
 10
79.016800
 20
177.526200
 30
0.0
 10
78.935700
 20
177.580400
 30
0.0
 10
78.881500
 20
177.661500
 30
0.0
 10
78.862500
 20
177.757200
 30
0.0
  0
SPLINE
  5
8b7
100
AcDbEntity
  8
0
 62
7
100
AcDbSpline
 70
8
 71
3
 72
8
 73
4
 74
0
 40
0
 40
0
 40
0
 40
0
 40
1
 40
1
 40
1
 40
1
 10
78.863281
 20
173.356809
 30
0.0
 10
78.863497
 20
172.887672
 30
0.0
 10
79.243754
 20
172.507415
 30
0.0
 10
79.712891
 20
172.507200
 30
0.0
  0
SPLINE
  5
8b8
100
AcDbEntity
  8
0
 62
7
100
AcDbSpline
 70
8
 71
3
 72
8
 73
4
 74
0
 40
0
 40
0
 40
0
 40
0
 40
1
 40
1
 40
1
 40
1
 10
79.712891
 20
172.507200
 30
0.0
 10
80.182028
 20
172.507416
 30
0.0
 10
80.562284
 20
172.887672
 30
0.0
 10
80.562500
 20
173.356809
 30
0.0
  0
LWPOLYLINE
  5
8b9
100
AcDbEntity
  8
0
 62
7
100
AcDbPolyline
 90
2
 70
0
 10
78.863281
 20
173.657591
 30
0.0
 10
78.863281
 20
173.356809
 30
0.0
  0
SPLINE
  5
8ba
100
AcDbEntity
  8
0
 62
7
100
AcDbSpline
 70
8
 71
3
 72
8
 73
4
 74
0
 40
0
 40
0
 40
0
 40
0
 40
1
 40
1
 40
1
 40
1
 10
80.562500
 20
173.657591
 30
0.0
 10
80.562284
 20
174.126728
 30
0.0
 10
80.182028
 20
174.506984
 30
0.0
 10
79.712891
 20
174.507200
 30
0.0
  0
LWPOLYLINE
  5
8bb
100
AcDbEntity
  8
0
 62
7
100
AcDbPolyline
 90
2
 70
0
 10
80.562500
 20
173.356809
 30
0.0
 10
80.562500
 20
173.657591
 30
0.0
  0
SPLINE
  5
8bc
100
AcDbEntity
  8
0
 62
7
100
AcDbSpline
 70
8
 71
3
 72
8
 73
4
 74
0
 40
0
 40
0
 40
0
 40
0
 40
1
 40
1
 40
1
 40
1
 10
108.792970
 20
184.507200
 30
0.0
 10
108.323833
 20
184.506985
 30
0.0
 10
107.943576
 20
184.126728
 30
0.0
 10
107.943360
 20
183.657591
 30
0.0
  0
LWPOLYLINE
  5
8bd
100
AcDbEntity
  8
0
 62
7
100
AcDbPolyline
 90
1
 70
1
 10
79.712891
 20
174.507200
 30
0.0
  0
SPLINE
  5
8be
100
AcDbEntity
  8
0
 62
7
100
AcDbSpline
 70
8
 71
3
 72
8
 73
4
 74
0
 40
0
 40
0
 40
0
 40
0
 40
1
 40
1
 40
1
 40
1
 10
107.943360
 20
183.356809
 30
0.0
 10
107.943576
 20
182.887672
 30
0.0
 10
108.323833
 20
182.507415
 30
0.0
 10
108.792970
 20
182.507200
 30
0.0
  0
SPLINE
  5
8bf
100
AcDbEntity
  8
0
 62
7
100
AcDbSpline
 70
8
 71
3
 72
8
 73
4
 74
0
 40
0
 40
0
 40
0
 40
0
 40
1
 40
1
 40
1
 40
1
 10
108.792970
 20
182.507200
 30
0.0
 10
109.262107
 20
182.507415
 30
0.0
 10
109.642364
 20
182.887672
 30
0.0
 10
109.642580
 20
183.356809
 30
0.0
  0
LWPOLYLINE
  5
8c0
100
AcDbEntity
  8
0
 62
7
100
AcDbPolyline
 90
2
 70
0
 10
107.943360
 20
183.657591
 30
0.0
 10
107.943360
 20
183.356809
 30
0.0
  0
SPLINE
  5
8c1
100
AcDbEntity
  8
0
 62
7
100
AcDbSpline
 70
8
 71
3
 72
8
 73
4
 74
0
 40
0
 40
0
 40
0
 40
0
 40
1
 40
1
 40
1
 40
1
 10
109.642580
 20
183.657591
 30
0.0
 10
109.642364
 20
184.126728
 30
0.0
 10
109.262107
 20
184.506985
 30
0.0
 10
108.792970
 20
184.507200
 30
0.0
  0
LWPOLYLINE
  5
8c2
100
AcDbEntity
  8
0
 62
7
100
AcDbPolyline
 90
2
 70
0
 10
109.642580
 20
183.356809
 30
0.0
 10
109.642580
 20
183.657591
 30
0.0
  0
SPLINE
  5
8c3
100
AcDbEntity
  8
0
 62
7
100
AcDbSpline
 70
8
 71
3
 72
8
 73
4
 74
0
 40
0
 40
0
 40
0
 40
0
 40
1
 40
1
 40
1
 40
1
 10
108.792970
 20
169.507200
 30
0.0
 10
108.323833
 20
169.506985
 30
0.0
 10
107.943576
 20
169.126728
 30
0.0
 10
107.943360
 20
168.657591
 30
0.0
  0
LWPOLYLINE
  5
8c4
100
AcDbEntity
  8
0
 62
7
100
AcDbPolyline
 90
1
 70
1
 10
108.792970
 20
184.507200
 30
0.0
  0
SPLINE
  5
8c5
100
AcDbEntity
  8
0
 62
7
100
AcDbSpline
 70
8
 71
3
 72
8
 73
4
 74
0
 40
0
 40
0
 40
0
 40
0
 40
1
 40
1
 40
1
 40
1
 10
107.943360
 20
168.356809
 30
0.0
 10
107.943576
 20
167.887672
 30
0.0
 10
108.323833
 20
167.507415
 30
0.0
 10
108.792970
 20
167.507200
 30
0.0
  0
SPLINE
  5
8c6
100
AcDbEntity
  8
0
 62
7
100
AcDbSpline
 70
8
 71
3
 72
8
 73
4
 74
0
 40
0
 40
0
 40
0
 40
0
 40
1
 40
1
 40
1
 40
1
 10
108.792970
 20
167.507200
 30
0.0
 10
109.262107
 20
167.507415
 30
0.0
 10
109.642364
 20
167.887672
 30
0.0
 10
109.642580
 20
168.356809
 30
0.0
  0
LWPOLYLINE
  5
8c7
100
AcDbEntity
  8
0
 62
7
100
AcDbPolyline
 90
2
 70
0
 10
107.943360
 20
168.657591
 30
0.0
 10
107.943360
 20
168.356809
 30
0.0
  0
SPLINE
  5
8c8
100
AcDbEntity
  8
0
 62
7
100
AcDbSpline
 70
8
 71
3
 72
8
 73
4
 74
0
 40
0
 40
0
 40
0
 40
0
 40
1
 40
1
 40
1
 40
1
 10
109.642580
 20
168.657591
 30
0.0
 10
109.642364
 20
169.126728
 30
0.0
 10
109.262107
 20
169.506985
 30
0.0
 10
108.792970
 20
169.507200
 30
0.0
  0
LWPOLYLINE
  5
8c9
100
AcDbEntity
  8
0
 62
7
100
AcDbPolyline
 90
2
 70
0
 10
109.642580
 20
168.356809
 30
0.0
 10
109.642580
 20
168.657591
 30
0.0
  0
LWPOLYLINE
  5
8ca
100
AcDbEntity
  8
0
 62
7
100
AcDbPolyline
 90
1
 70
1
 10
108.792970
 20
169.507200
 30
0.0
  0
SPLINE
  5
8cb
100
AcDbEntity
  8
0
 62
7
100
AcDbSpline
 70
8
 71
3
 72
8
 73
4
 74
0
 40
0
 40
0
 40
0
 40
0
 40
1
 40
1
 40
1
 40
1
 10
45.000000
 20
109.407200
 30
0.0
 10
44.433753
 20
109.407200
 30
0.0
 10
43.923262
 20
109.066101
 30
0.0
 10
43.706569
 20
108.542957
 30
0.0
  0
SPLINE
  5
8cc
100
AcDbEntity
  8
0
 62
7
100
AcDbSpline
 70
8
 71
3
 72
8
 73
4
 74
0
 40
0
 40
0
 40
0
 40
0
 40
1
 40
1
 40
1
 40
1
 10
43.706569
 20
108.542957
 30
0.0
 10
43.489875
 20
108.019813
 30
0.0
 10
43.609653
 20
107.417648
 30
0.0
 10
44.010051
 20
107.017251
 30
0.0
  0
SPLINE
  5
8cd
100
AcDbEntity
  8
0
 62
7
100
AcDbSpline
 70
8
 71
3
 72
8
 73
4
 74
0
 40
0
 40
0
 40
0
 40
0
 40
1
 40
1
 40
1
 40
1
 10
44.010051
 20
107.017251
 30
0.0
 10
44.410448
 20
106.616853
 30
0.0
 10
45.012613
 20
106.497075
 30
0.0
 10
45.535757
 20
106.713769
 30
0.0
  0
SPLINE
  5
8ce
100
AcDbEntity
  8
0
 62
7
100
AcDbSpline
 70
8
 71
3
 72
8
 73
4
 74
0
 40
0
 40
0
 40
0
 40
0
 40
1
 40
1
 40
1
 40
1
 10
45.535757
 20
106.713769
 30
0.0
 10
46.058901
 20
106.930462
 30
0.0
 10
46.400000
 20
107.440953
 30
0.0
 10
46.400000
 20
108.007200
 30
0.0
  0
SPLINE
  5
8cf
100
AcDbEntity
  8
0
 62
7
100
AcDbSpline
 70
8
 71
3
 72
8
 73
4
 74
0
 40
0
 40
0
 40
0
 40
0
 40
1
 40
1
 40
1
 40
1
 10
46.400000
 20
108.007200
 30
0.0
 10
46.400000
 20
108.378503
 30
0.0
 10
46.252500
 20
108.734599
 30
0.0
 10
45.989949
 20
108.997149
 30
0.0
  0
SPLINE
  5
8d0
100
AcDbEntity
  8
0
 62
7
100
AcDbSpline
 70
8
 71
3
 72
8
 73
4
 74
0
 40
0
 40
0
 40
0
 40
0
 40
1
 40
1
 40
1
 40
1
 10
45.989949
 20
108.997149
 30
0.0
 10
45.727399
 20
109.259700
 30
0.0
 10
45.371303
 20
109.407200
 30
0.0
 10
45.000000
 20
109.407200
 30
0.0
  0
LWPOLYLINE
  5
8d1
100
AcDbEntity
  8
0
 62
7
100
AcDbPolyline
 90
4
 70
1
 10
32.000000
 20
109.407200
 30
0.0
 10
34.800000
 20
109.407200
 30
0.0
 10
34.800000
 20
106.607200
 30
0.0
 10
32.000000
 20
106.607200
 30
0.0
  0
SPLINE
  5
8d2
100
AcDbEntity
  8
0
 62
7
100
AcDbSpline
 70
8
 71
3
 72
8
 73
4
 74
0
 40
0
 40
0
 40
0
 40
0
 40
1
 40
1
 40
1
 40
1
 10
45.000000
 20
127.407200
 30
0.0
 10
44.433753
 20
127.407200
 30
0.0
 10
43.923262
 20
127.066101
 30
0.0
 10
43.706569
 20
126.542957
 30
0.0
  0
SPLINE
  5
8d3
100
AcDbEntity
  8
0
 62
7
100
AcDbSpline
 70
8
 71
3
 72
8
 73
4
 74
0
 40
0
 40
0
 40
0
 40
0
 40
1
 40
1
 40
1
 40
1
 10
43.706569
 20
126.542957
 30
0.0
 10
43.489875
 20
126.019813
 30
0.0
 10
43.609653
 20
125.417648
 30
0.0
 10
44.010051
 20
125.017251
 30
0.0
  0
SPLINE
  5
8d4
100
AcDbEntity
  8
0
 62
7
100
AcDbSpline
 70
8
 71
3
 72
8
 73
4
 74
0
 40
0
 40
0
 40
0
 40
0
 40
1
 40
1
 40
1
 40
1
 10
44.010051
 20
125.017251
 30
0.0
 10
44.410448
 20
124.616853
 30
0.0
 10
45.012613
 20
124.497075
 30
0.0
 10
45.535757
 20
124.713769
 30
0.0
  0
SPLINE
  5
8d5
100
AcDbEntity
  8
0
 62
7
100
AcDbSpline
 70
8
 71
3
 72
8
 73
4
 74
0
 40
0
 40
0
 40
0
 40
0
 40
1
 40
1
 40
1
 40
1
 10
45.535757
 20
124.713769
 30
0.0
 10
46.058901
 20
124.930462
 30
0.0
 10
46.400000
 20
125.440953
 30
0.0
 10
46.400000
 20
126.007200
 30
0.0
  0
SPLINE
  5
8d6
100
AcDbEntity
  8
0
 62
7
100
AcDbSpline
 70
8
 71
3
 72
8
 73
4
 74
0
 40
0
 40
0
 40
0
 40
0
 40
1
 40
1
 40
1
 40
1
 10
46.400000
 20
126.007200
 30
0.0
 10
46.400000
 20
126.378503
 30
0.0
 10
46.252500
 20
126.734599
 30
0.0
 10
45.989949
 20
126.997149
 30
0.0
  0
SPLINE
  5
8d7
100
AcDbEntity
  8
0
 62
7
100
AcDbSpline
 70
8
 71
3
 72
8
 73
4
 74
0
 40
0
 40
0
 40
0
 40
0
 40
1
 40
1
 40
1
 40
1
 10
45.989949
 20
126.997149
 30
0.0
 10
45.727399
 20
127.259700
 30
0.0
 10
45.371303
 20
127.407200
 30
0.0
 10
45.000000
 20
127.407200
 30
0.0
  0
LWPOLYLINE
  5
8d8
100
AcDbEntity
  8
0
 62
7
100
AcDbPolyline
 90
1
 70
1
 10
45.000000
 20
109.407200
 30
0.0
  0
SPLINE
  5
8d9
100
AcDbEntity
  8
0
 62
7
100
AcDbSpline
 70
8
 71
3
 72
8
 73
4
 74
0
 40
0
 40
0
 40
0
 40
0
 40
1
 40
1
 40
1
 40
1
 10
27.000000
 20
127.407200
 30
0.0
 10
26.433753
 20
127.407200
 30
0.0
 10
25.923262
 20
127.066101
 30
0.0
 10
25.706569
 20
126.542957
 30
0.0
  0
SPLINE
  5
8da
100
AcDbEntity
  8
0
 62
7
100
AcDbSpline
 70
8
 71
3
 72
8
 73
4
 74
0
 40
0
 40
0
 40
0
 40
0
 40
1
 40
1
 40
1
 40
1
 10
25.706569
 20
126.542957
 30
0.0
 10
25.489875
 20
126.019813
 30
0.0
 10
25.609653
 20
125.417648
 30
0.0
 10
26.010051
 20
125.017251
 30
0.0
  0
SPLINE
  5
8db
100
AcDbEntity
  8
0
 62
7
100
AcDbSpline
 70
8
 71
3
 72
8
 73
4
 74
0
 40
0
 40
0
 40
0
 40
0
 40
1
 40
1
 40
1
 40
1
 10
26.010051
 20
125.017251
 30
0.0
 10
26.410448
 20
124.616853
 30
0.0
 10
27.012613
 20
124.497075
 30
0.0
 10
27.535757
 20
124.713769
 30
0.0
  0
SPLINE
  5
8dc
100
AcDbEntity
  8
0
 62
7
100
AcDbSpline
 70
8
 71
3
 72
8
 73
4
 74
0
 40
0
 40
0
 40
0
 40
0
 40
1
 40
1
 40
1
 40
1
 10
27.535757
 20
124.713769
 30
0.0
 10
28.058901
 20
124.930462
 30
0.0
 10
28.400000
 20
125.440953
 30
0.0
 10
28.400000
 20
126.007200
 30
0.0
  0
SPLINE
  5
8dd
100
AcDbEntity
  8
0
 62
7
100
AcDbSpline
 70
8
 71
3
 72
8
 73
4
 74
0
 40
0
 40
0
 40
0
 40
0
 40
1
 40
1
 40
1
 40
1
 10
28.400000
 20
126.007200
 30
0.0
 10
28.400000
 20
126.378503
 30
0.0
 10
28.252500
 20
126.734599
 30
0.0
 10
27.989949
 20
126.997149
 30
0.0
  0
SPLINE
  5
8de
100
AcDbEntity
  8
0
 62
7
100
AcDbSpline
 70
8
 71
3
 72
8
 73
4
 74
0
 40
0
 40
0
 40
0
 40
0
 40
1
 40
1
 40
1
 40
1
 10
27.989949
 20
126.997149
 30
0.0
 10
27.727399
 20
127.259700
 30
0.0
 10
27.371303
 20
127.407200
 30
0.0
 10
27.000000
 20
127.407200
 30
0.0
  0
LWPOLYLINE
  5
8df
100
AcDbEntity
  8
0
 62
7
100
AcDbPolyline
 90
1
 70
1
 10
45.000000
 20
127.407200
 30
0.0
  0
SPLINE
  5
8e0
100
AcDbEntity
  8
0
 62
7
100
AcDbSpline
 70
8
 71
3
 72
8
 73
4
 74
0
 40
0
 40
0
 40
0
 40
0
 40
1
 40
1
 40
1
 40
1
 10
69.000000
 20
181.007200
 30
0.0
 10
68.595538
 20
181.007200
 30
0.0
 10
68.230901
 20
180.763558
 30
0.0
 10
68.076120
 20
180.389883
 30
0.0
  0
SPLINE
  5
8e1
100
AcDbEntity
  8
0
 62
7
100
AcDbSpline
 70
8
 71
3
 72
8
 73
4
 74
0
 40
0
 40
0
 40
0
 40
0
 40
1
 40
1
 40
1
 40
1
 10
68.076120
 20
180.389883
 30
0.0
 10
67.921339
 20
180.016209
 30
0.0
 10
68.006895
 20
179.586091
 30
0.0
 10
68.292893
 20
179.300093
 30
0.0
  0
SPLINE
  5
8e2
100
AcDbEntity
  8
0
 62
7
100
AcDbSpline
 70
8
 71
3
 72
8
 73
4
 74
0
 40
0
 40
0
 40
0
 40
0
 40
1
 40
1
 40
1
 40
1
 10
68.292893
 20
179.300093
 30
0.0
 10
68.578891
 20
179.014095
 30
0.0
 10
69.009009
 20
178.928539
 30
0.0
 10
69.382683
 20
179.083320
 30
0.0
  0
SPLINE
  5
8e3
100
AcDbEntity
  8
0
 62
7
100
AcDbSpline
 70
8
 71
3
 72
8
 73
4
 74
0
 40
0
 40
0
 40
0
 40
0
 40
1
 40
1
 40
1
 40
1
 10
69.382683
 20
179.083320
 30
0.0
 10
69.756358
 20
179.238101
 30
0.0
 10
70.000000
 20
179.602738
 30
0.0
 10
70.000000
 20
180.007200
 30
0.0
  0
SPLINE
  5
8e4
100
AcDbEntity
  8
0
 62
7
100
AcDbSpline
 70
8
 71
3
 72
8
 73
4
 74
0
 40
0
 40
0
 40
0
 40
0
 40
1
 40
1
 40
1
 40
1
 10
70.000000
 20
180.007200
 30
0.0
 10
70.000000
 20
180.272416
 30
0.0
 10
69.894643
 20
180.526770
 30
0.0
 10
69.707107
 20
180.714307
 30
0.0
  0
SPLINE
  5
8e5
100
AcDbEntity
  8
0
 62
7
100
AcDbSpline
 70
8
 71
3
 72
8
 73
4
 74
0
 40
0
 40
0
 40
0
 40
0
 40
1
 40
1
 40
1
 40
1
 10
69.707107
 20
180.714307
 30
0.0
 10
69.519570
 20
180.901843
 30
0.0
 10
69.265216
 20
181.007200
 30
0.0
 10
69.000000
 20
181.007200
 30
0.0
  0
LWPOLYLINE
  5
8e6
100
AcDbEntity
  8
0
 62
7
100
AcDbPolyline
 90
1
 70
1
 10
27.000000
 20
127.407200
 30
0.0
  0
SPLINE
  5
8e7
100
AcDbEntity
  8
0
 62
7
100
AcDbSpline
 70
8
 71
3
 72
8
 73
4
 74
0
 40
0
 40
0
 40
0
 40
0
 40
1
 40
1
 40
1
 40
1
 10
69.000000
 20
176.007200
 30
0.0
 10
68.595538
 20
176.007200
 30
0.0
 10
68.230901
 20
175.763558
 30
0.0
 10
68.076120
 20
175.389883
 30
0.0
  0
SPLINE
  5
8e8
100
AcDbEntity
  8
0
 62
7
100
AcDbSpline
 70
8
 71
3
 72
8
 73
4
 74
0
 40
0
 40
0
 40
0
 40
0
 40
1
 40
1
 40
1
 40
1
 10
68.076120
 20
175.389883
 30
0.0
 10
67.921339
 20
175.016209
 30
0.0
 10
68.006895
 20
174.586091
 30
0.0
 10
68.292893
 20
174.300093
 30
0.0
  0
SPLINE
  5
8e9
100
AcDbEntity
  8
0
 62
7
100
AcDbSpline
 70
8
 71
3
 72
8
 73
4
 74
0
 40
0
 40
0
 40
0
 40
0
 40
1
 40
1
 40
1
 40
1
 10
68.292893
 20
174.300093
 30
0.0
 10
68.578891
 20
174.014095
 30
0.0
 10
69.009009
 20
173.928539
 30
0.0
 10
69.382683
 20
174.083320
 30
0.0
  0
SPLINE
  5
8ea
100
AcDbEntity
  8
0
 62
7
100
AcDbSpline
 70
8
 71
3
 72
8
 73
4
 74
0
 40
0
 40
0
 40
0
 40
0
 40
1
 40
1
 40
1
 40
1
 10
69.382683
 20
174.083320
 30
0.0
 10
69.756358
 20
174.238101
 30
0.0
 10
70.000000
 20
174.602738
 30
0.0
 10
70.000000
 20
175.007200
 30
0.0
  0
SPLINE
  5
8eb
100
AcDbEntity
  8
0
 62
7
100
AcDbSpline
 70
8
 71
3
 72
8
 73
4
 74
0
 40
0
 40
0
 40
0
 40
0
 40
1
 40
1
 40
1
 40
1
 10
70.000000
 20
175.007200
 30
0.0
 10
70.000000
 20
175.272416
 30
0.0
 10
69.894643
 20
175.526770
 30
0.0
 10
69.707107
 20
175.714307
 30
0.0
  0
SPLINE
  5
8ec
100
AcDbEntity
  8
0
 62
7
100
AcDbSpline
 70
8
 71
3
 72
8
 73
4
 74
0
 40
0
 40
0
 40
0
 40
0
 40
1
 40
1
 40
1
 40
1
 10
69.707107
 20
175.714307
 30
0.0
 10
69.519570
 20
175.901843
 30
0.0
 10
69.265216
 20
176.007200
 30
0.0
 10
69.000000
 20
176.007200
 30
0.0
  0
LWPOLYLINE
  5
8ed
100
AcDbEntity
  8
0
 62
7
100
AcDbPolyline
 90
1
 70
1
 10
69.000000
 20
181.007200
 30
0.0
  0
LWPOLYLINE
  5
8ee
100
AcDbEntity
  8
0
 62
7
100
AcDbPolyline
 90
1
 70
1
 10
69.000000
 20
176.007200
 30
0.0
  0
SPLINE
  5
8ef
100
AcDbEntity
  8
0
 62
7
100
AcDbSpline
 70
8
 71
3
 72
8
 73
4
 74
0
 40
0
 40
0
 40
0
 40
0
 40
1
 40
1
 40
1
 40
1
 10
62.000000
 20
188.857200
 30
0.0
 10
61.530558
 20
188.857200
 30
0.0
 10
61.150000
 20
188.476642
 30
0.0
 10
61.150000
 20
188.007200
 30
0.0
  0
SPLINE
  5
8f0
100
AcDbEntity
  8
0
 62
7
100
AcDbSpline
 70
8
 71
3
 72
8
 73
4
 74
0
 40
0
 40
0
 40
0
 40
0
 40
1
 40
1
 40
1
 40
1
 10
61.150000
 20
188.007200
 30
0.0
 10
61.150000
 20
187.537758
 30
0.0
 10
61.530558
 20
187.157200
 30
0.0
 10
62.000000
 20
187.157200
 30
0.0
  0
SPLINE
  5
8f1
100
AcDbEntity
  8
0
 62
7
100
AcDbSpline
 70
8
 71
3
 72
8
 73
4
 74
0
 40
0
 40
0
 40
0
 40
0
 40
1
 40
1
 40
1
 40
1
 10
62.000000
 20
187.157200
 30
0.0
 10
62.469442
 20
187.157200
 30
0.0
 10
62.850000
 20
187.537758
 30
0.0
 10
62.850000
 20
188.007200
 30
0.0
  0
SPLINE
  5
8f2
100
AcDbEntity
  8
0
 62
7
100
AcDbSpline
 70
8
 71
3
 72
8
 73
4
 74
0
 40
0
 40
0
 40
0
 40
0
 40
1
 40
1
 40
1
 40
1
 10
62.850000
 20
188.007200
 30
0.0
 10
62.850000
 20
188.232634
 30
0.0
 10
62.760447
 20
188.448835
 30
0.0
 10
62.601041
 20
188.608241
 30
0.0
  0
SPLINE
  5
8f3
100
AcDbEntity
  8
0
 62
7
100
AcDbSpline
 70
8
 71
3
 72
8
 73
4
 74
0
 40
0
 40
0
 40
0
 40
0
 40
1
 40
1
 40
1
 40
1
 10
62.601041
 20
188.608241
 30
0.0
 10
62.441635
 20
188.767647
 30
0.0
 10
62.225434
 20
188.857200
 30
0.0
 10
62.000000
 20
188.857200
 30
0.0
  0
LWPOLYLINE
  5
8f4
100
AcDbEntity
  8
0
 62
7
100
AcDbPolyline
 90
4
 70
1
 10
41.350000
 20
187.157200
 30
0.0
 10
39.650000
 20
187.157200
 30
0.0
 10
39.650000
 20
188.857200
 30
0.0
 10
41.350000
 20
188.857200
 30
0.0
  0
SPLINE
  5
8f5
100
AcDbEntity
  8
0
 62
7
100
AcDbSpline
 70
8
 71
3
 72
8
 73
4
 74
0
 40
0
 40
0
 40
0
 40
0
 40
1
 40
1
 40
1
 40
1
 10
183.410160
 20
149.507200
 30
0.0
 10
182.747119
 20
149.507200
 30
0.0
 10
182.111234
 20
149.243808
 30
0.0
 10
181.642393
 20
148.774967
 30
0.0
  0
SPLINE
  5
8f6
100
AcDbEntity
  8
0
 62
7
100
AcDbSpline
 70
8
 71
3
 72
8
 73
4
 74
0
 40
0
 40
0
 40
0
 40
0
 40
1
 40
1
 40
1
 40
1
 10
181.642393
 20
148.774967
 30
0.0
 10
181.173552
 20
148.306126
 30
0.0
 10
180.910160
 20
147.670241
 30
0.0
 10
180.910160
 20
147.007200
 30
0.0
  0
SPLINE
  5
8f7
100
AcDbEntity
  8
0
 62
7
100
AcDbSpline
 70
8
 71
3
 72
8
 73
4
 74
0
 40
0
 40
0
 40
0
 40
0
 40
1
 40
1
 40
1
 40
1
 10
180.910160
 20
147.007200
 30
0.0
 10
180.910160
 20
146.344159
 30
0.0
 10
181.173552
 20
145.708274
 30
0.0
 10
181.642393
 20
145.239433
 30
0.0
  0
SPLINE
  5
8f8
100
AcDbEntity
  8
0
 62
7
100
AcDbSpline
 70
8
 71
3
 72
8
 73
4
 74
0
 40
0
 40
0
 40
0
 40
0
 40
1
 40
1
 40
1
 40
1
 10
181.642393
 20
145.239433
 30
0.0
 10
182.111234
 20
144.770592
 30
0.0
 10
182.747119
 20
144.507200
 30
0.0
 10
183.410160
 20
144.507200
 30
0.0
  0
LWPOLYLINE
  5
8f9
100
AcDbEntity
  8
0
 62
7
100
AcDbPolyline
 90
1
 70
1
 10
62.000000
 20
188.857200
 30
0.0
  0
SPLINE
  5
8fa
100
AcDbEntity
  8
0
 62
7
100
AcDbSpline
 70
8
 71
3
 72
8
 73
4
 74
0
 40
0
 40
0
 40
0
 40
0
 40
1
 40
1
 40
1
 40
1
 10
195.000000
 20
144.507200
 30
0.0
 10
195.663041
 20
144.507200
 30
0.0
 10
196.298926
 20
144.770592
 30
0.0
 10
196.767767
 20
145.239433
 30
0.0
  0
SPLINE
  5
8fb
100
AcDbEntity
  8
0
 62
7
100
AcDbSpline
 70
8
 71
3
 72
8
 73
4
 74
0
 40
0
 40
0
 40
0
 40
0
 40
1
 40
1
 40
1
 40
1
 10
196.767767
 20
145.239433
 30
0.0
 10
197.236608
 20
145.708274
 30
0.0
 10
197.500000
 20
146.344159
 30
0.0
 10
197.500000
 20
147.007200
 30
0.0
  0
SPLINE
  5
8fc
100
AcDbEntity
  8
0
 62
7
100
AcDbSpline
 70
8
 71
3
 72
8
 73
4
 74
0
 40
0
 40
0
 40
0
 40
0
 40
1
 40
1
 40
1
 40
1
 10
197.500000
 20
147.007200
 30
0.0
 10
197.500000
 20
147.670241
 30
0.0
 10
197.236608
 20
148.306126
 30
0.0
 10
196.767767
 20
148.774967
 30
0.0
  0
SPLINE
  5
8fd
100
AcDbEntity
  8
0
 62
7
100
AcDbSpline
 70
8
 71
3
 72
8
 73
4
 74
0
 40
0
 40
0
 40
0
 40
0
 40
1
 40
1
 40
1
 40
1
 10
196.767767
 20
148.774967
 30
0.0
 10
196.298926
 20
149.243808
 30
0.0
 10
195.663041
 20
149.507200
 30
0.0
 10
195.000000
 20
149.507200
 30
0.0
  0
LWPOLYLINE
  5
8fe
100
AcDbEntity
  8
0
 62
7
100
AcDbPolyline
 90
2
 70
0
 10
183.410160
 20
144.507200
 30
0.0
 10
195.000000
 20
144.507200
 30
0.0
  0
SPLINE
  5
8ff
100
AcDbEntity
  8
0
 62
7
100
AcDbSpline
 70
8
 71
3
 72
8
 73
4
 74
0
 40
0
 40
0
 40
0
 40
0
 40
1
 40
1
 40
1
 40
1
 10
195.000000
 20
149.507200
 30
0.0
 10
194.336959
 20
149.507200
 30
0.0
 10
193.701074
 20
149.243808
 30
0.0
 10
193.232233
 20
148.774967
 30
0.0
  0
SPLINE
  5
900
100
AcDbEntity
  8
0
 62
7
100
AcDbSpline
 70
8
 71
3
 72
8
 73
4
 74
0
 40
0
 40
0
 40
0
 40
0
 40
1
 40
1
 40
1
 40
1
 10
193.232233
 20
148.774967
 30
0.0
 10
192.763392
 20
148.306126
 30
0.0
 10
192.500000
 20
147.670241
 30
0.0
 10
192.500000
 20
147.007200
 30
0.0
  0
SPLINE
  5
901
100
AcDbEntity
  8
0
 62
7
100
AcDbSpline
 70
8
 71
3
 72
8
 73
4
 74
0
 40
0
 40
0
 40
0
 40
0
 40
1
 40
1
 40
1
 40
1
 10
192.500000
 20
147.007200
 30
0.0
 10
192.500000
 20
146.344159
 30
0.0
 10
192.763392
 20
145.708274
 30
0.0
 10
193.232233
 20
145.239433
 30
0.0
  0
SPLINE
  5
902
100
AcDbEntity
  8
0
 62
7
100
AcDbSpline
 70
8
 71
3
 72
8
 73
4
 74
0
 40
0
 40
0
 40
0
 40
0
 40
1
 40
1
 40
1
 40
1
 10
193.232233
 20
145.239433
 30
0.0
 10
193.701074
 20
144.770592
 30
0.0
 10
194.336959
 20
144.507200
 30
0.0
 10
195.000000
 20
144.507200
 30
0.0
  0
LWPOLYLINE
  5
903
100
AcDbEntity
  8
0
 62
7
100
AcDbPolyline
 90
2
 70
0
 10
195.000000
 20
149.507200
 30
0.0
 10
183.410160
 20
149.507200
 30
0.0
  0
SPLINE
  5
904
100
AcDbEntity
  8
0
 62
7
100
AcDbSpline
 70
8
 71
3
 72
8
 73
4
 74
0
 40
0
 40
0
 40
0
 40
0
 40
1
 40
1
 40
1
 40
1
 10
195.716800
 20
144.507200
 30
0.0
 10
196.379841
 20
144.507200
 30
0.0
 10
197.015726
 20
144.770592
 30
0.0
 10
197.484567
 20
145.239433
 30
0.0
  0
SPLINE
  5
905
100
AcDbEntity
  8
0
 62
7
100
AcDbSpline
 70
8
 71
3
 72
8
 73
4
 74
0
 40
0
 40
0
 40
0
 40
0
 40
1
 40
1
 40
1
 40
1
 10
197.484567
 20
145.239433
 30
0.0
 10
197.953408
 20
145.708274
 30
0.0
 10
198.216800
 20
146.344159
 30
0.0
 10
198.216800
 20
147.007200
 30
0.0
  0
SPLINE
  5
906
100
AcDbEntity
  8
0
 62
7
100
AcDbSpline
 70
8
 71
3
 72
8
 73
4
 74
0
 40
0
 40
0
 40
0
 40
0
 40
1
 40
1
 40
1
 40
1
 10
198.216800
 20
147.007200
 30
0.0
 10
198.216800
 20
147.670241
 30
0.0
 10
197.953408
 20
148.306126
 30
0.0
 10
197.484567
 20
148.774967
 30
0.0
  0
SPLINE
  5
907
100
AcDbEntity
  8
0
 62
7
100
AcDbSpline
 70
8
 71
3
 72
8
 73
4
 74
0
 40
0
 40
0
 40
0
 40
0
 40
1
 40
1
 40
1
 40
1
 10
197.484567
 20
148.774967
 30
0.0
 10
197.015726
 20
149.243808
 30
0.0
 10
196.379841
 20
149.507200
 30
0.0
 10
195.716800
 20
149.507200
 30
0.0
  0
LWPOLYLINE
  5
908
100
AcDbEntity
  8
0
 62
7
100
AcDbPolyline
 90
2
 70
0
 10
195.000000
 20
144.507200
 30
0.0
 10
195.716800
 20
144.507200
 30
0.0
  0
SPLINE
  5
909
100
AcDbEntity
  8
0
 62
7
100
AcDbSpline
 70
8
 71
3
 72
8
 73
4
 74
0
 40
0
 40
0
 40
0
 40
0
 40
1
 40
1
 40
1
 40
1
 10
138.919920
 20
171.427122
 30
0.0
 10
138.787312
 20
171.427122
 30
0.0
 10
138.660135
 20
171.374444
 30
0.0
 10
138.566367
 20
171.280675
 30
0.0
  0
SPLINE
  5
90a
100
AcDbEntity
  8
0
 62
7
100
AcDbSpline
 70
8
 71
3
 72
8
 73
4
 74
0
 40
0
 40
0
 40
0
 40
0
 40
1
 40
1
 40
1
 40
1
 10
138.566367
 20
171.280675
 30
0.0
 10
138.472598
 20
171.186907
 30
0.0
 10
138.419920
 20
171.059730
 30
0.0
 10
138.419920
 20
170.927122
 30
0.0
  0
LWPOLYLINE
  5
90b
100
AcDbEntity
  8
0
 62
7
100
AcDbPolyline
 90
2
 70
0
 10
195.716800
 20
149.507200
 30
0.0
 10
195.000000
 20
149.507200
 30
0.0
  0
SPLINE
  5
90c
100
AcDbEntity
  8
0
 62
7
100
AcDbSpline
 70
8
 71
3
 72
8
 73
4
 74
0
 40
0
 40
0
 40
0
 40
0
 40
1
 40
1
 40
1
 40
1
 10
138.419920
 20
161.013059
 30
0.0
 10
138.419920
 20
160.880451
 30
0.0
 10
138.472598
 20
160.753274
 30
0.0
 10
138.566367
 20
160.659506
 30
0.0
  0
SPLINE
  5
90d
100
AcDbEntity
  8
0
 62
7
100
AcDbSpline
 70
8
 71
3
 72
8
 73
4
 74
0
 40
0
 40
0
 40
0
 40
0
 40
1
 40
1
 40
1
 40
1
 10
138.566367
 20
160.659506
 30
0.0
 10
138.660135
 20
160.565737
 30
0.0
 10
138.787312
 20
160.513059
 30
0.0
 10
138.919920
 20
160.513059
 30
0.0
  0
SPLINE
  5
90e
100
AcDbEntity
  8
0
 62
7
100
AcDbSpline
 70
8
 71
3
 72
8
 73
4
 74
0
 40
0
 40
0
 40
0
 40
0
 40
1
 40
1
 40
1
 40
1
 10
138.919920
 20
160.513059
 30
0.0
 10
139.052528
 20
160.513059
 30
0.0
 10
139.179705
 20
160.565737
 30
0.0
 10
139.273473
 20
160.659506
 30
0.0
  0
SPLINE
  5
90f
100
AcDbEntity
  8
0
 62
7
100
AcDbSpline
 70
8
 71
3
 72
8
 73
4
 74
0
 40
0
 40
0
 40
0
 40
0
 40
1
 40
1
 40
1
 40
1
 10
139.273473
 20
160.659506
 30
0.0
 10
139.367242
 20
160.753274
 30
0.0
 10
139.419920
 20
160.880451
 30
0.0
 10
139.419920
 20
161.013059
 30
0.0
  0
LWPOLYLINE
  5
910
100
AcDbEntity
  8
0
 62
7
100
AcDbPolyline
 90
2
 70
0
 10
138.419920
 20
170.927122
 30
0.0
 10
138.419920
 20
161.013059
 30
0.0
  0
SPLINE
  5
911
100
AcDbEntity
  8
0
 62
7
100
AcDbSpline
 70
8
 71
3
 72
8
 73
4
 74
0
 40
0
 40
0
 40
0
 40
0
 40
1
 40
1
 40
1
 40
1
 10
139.419920
 20
170.927122
 30
0.0
 10
139.419920
 20
171.059730
 30
0.0
 10
139.367242
 20
171.186907
 30
0.0
 10
139.273473
 20
171.280675
 30
0.0
  0
SPLINE
  5
912
100
AcDbEntity
  8
0
 62
7
100
AcDbSpline
 70
8
 71
3
 72
8
 73
4
 74
0
 40
0
 40
0
 40
0
 40
0
 40
1
 40
1
 40
1
 40
1
 10
139.273473
 20
171.280675
 30
0.0
 10
139.179705
 20
171.374444
 30
0.0
 10
139.052528
 20
171.427122
 30
0.0
 10
138.919920
 20
171.427122
 30
0.0
  0
LWPOLYLINE
  5
913
100
AcDbEntity
  8
0
 62
7
100
AcDbPolyline
 90
2
 70
0
 10
139.419920
 20
161.013059
 30
0.0
 10
139.419920
 20
170.927122
 30
0.0
  0
SPLINE
  5
914
100
AcDbEntity
  8
0
 62
7
100
AcDbSpline
 70
8
 71
3
 72
8
 73
4
 74
0
 40
0
 40
0
 40
0
 40
0
 40
1
 40
1
 40
1
 40
1
 10
139.500000
 20
172.007200
 30
0.0
 10
139.367398
 20
172.007181
 30
0.0
 10
139.240234
 20
171.954490
 30
0.0
 10
139.146480
 20
171.860716
 30
0.0
  0
LWPOLYLINE
  5
915
100
AcDbEntity
  8
0
 62
7
100
AcDbPolyline
 90
1
 70
1
 10
138.919920
 20
171.427122
 30
0.0
  0
SPLINE
  5
916
100
AcDbEntity
  8
0
 62
7
100
AcDbSpline
 70
8
 71
3
 72
8
 73
4
 74
0
 40
0
 40
0
 40
0
 40
0
 40
1
 40
1
 40
1
 40
1
 10
138.566410
 20
171.280638
 30
0.0
 10
138.371198
 20
171.085384
 30
0.0
 10
138.371198
 20
170.768860
 30
0.0
 10
138.566410
 20
170.573606
 30
0.0
  0
SPLINE
  5
917
100
AcDbEntity
  8
0
 62
7
100
AcDbSpline
 70
8
 71
3
 72
8
 73
4
 74
0
 40
0
 40
0
 40
0
 40
0
 40
1
 40
1
 40
1
 40
1
 10
138.566410
 20
170.573606
 30
0.0
 10
138.761663
 20
170.378395
 30
0.0
 10
139.078187
 20
170.378395
 30
0.0
 10
139.273440
 20
170.573606
 30
0.0
  0
LWPOLYLINE
  5
918
100
AcDbEntity
  8
0
 62
7
100
AcDbPolyline
 90
2
 70
0
 10
139.146480
 20
171.860716
 30
0.0
 10
138.566410
 20
171.280638
 30
0.0
  0
SPLINE
  5
919
100
AcDbEntity
  8
0
 62
7
100
AcDbSpline
 70
8
 71
3
 72
8
 73
4
 74
0
 40
0
 40
0
 40
0
 40
0
 40
1
 40
1
 40
1
 40
1
 10
139.853520
 20
171.153684
 30
0.0
 10
140.048732
 20
171.348938
 30
0.0
 10
140.048732
 20
171.665462
 30
0.0
 10
139.853520
 20
171.860716
 30
0.0
  0
SPLINE
  5
91a
100
AcDbEntity
  8
0
 62
7
100
AcDbSpline
 70
8
 71
3
 72
8
 73
4
 74
0
 40
0
 40
0
 40
0
 40
0
 40
1
 40
1
 40
1
 40
1
 10
139.853520
 20
171.860716
 30
0.0
 10
139.759766
 20
171.954490
 30
0.0
 10
139.632602
 20
172.007181
 30
0.0
 10
139.500000
 20
172.007200
 30
0.0
  0
LWPOLYLINE
  5
91b
100
AcDbEntity
  8
0
 62
7
100
AcDbPolyline
 90
2
 70
0
 10
139.273440
 20
170.573606
 30
0.0
 10
139.853520
 20
171.153684
 30
0.0
  0
SPLINE
  5
91c
100
AcDbEntity
  8
0
 62
7
100
AcDbSpline
 70
8
 71
3
 72
8
 73
4
 74
0
 40
0
 40
0
 40
0
 40
0
 40
1
 40
1
 40
1
 40
1
 10
139.500000
 20
175.968138
 30
0.0
 10
139.367392
 20
175.968138
 30
0.0
 10
139.240215
 20
175.915460
 30
0.0
 10
139.146447
 20
175.821691
 30
0.0
  0
SPLINE
  5
91d
100
AcDbEntity
  8
0
 62
7
100
AcDbSpline
 70
8
 71
3
 72
8
 73
4
 74
0
 40
0
 40
0
 40
0
 40
0
 40
1
 40
1
 40
1
 40
1
 10
139.146447
 20
175.821691
 30
0.0
 10
139.052678
 20
175.727923
 30
0.0
 10
139.000000
 20
175.600746
 30
0.0
 10
139.000000
 20
175.468138
 30
0.0
  0
LWPOLYLINE
  5
91e
100
AcDbEntity
  8
0
 62
7
100
AcDbPolyline
 90
1
 70
1
 10
139.500000
 20
172.007200
 30
0.0
  0
SPLINE
  5
91f
100
AcDbEntity
  8
0
 62
7
100
AcDbSpline
 70
8
 71
3
 72
8
 73
4
 74
0
 40
0
 40
0
 40
0
 40
0
 40
1
 40
1
 40
1
 40
1
 10
139.000000
 20
171.507200
 30
0.0
 10
139.000000
 20
171.374592
 30
0.0
 10
139.052678
 20
171.247415
 30
0.0
 10
139.146447
 20
171.153647
 30
0.0
  0
SPLINE
  5
920
100
AcDbEntity
  8
0
 62
7
100
AcDbSpline
 70
8
 71
3
 72
8
 73
4
 74
0
 40
0
 40
0
 40
0
 40
0
 40
1
 40
1
 40
1
 40
1
 10
139.146447
 20
171.153647
 30
0.0
 10
139.240215
 20
171.059878
 30
0.0
 10
139.367392
 20
171.007200
 30
0.0
 10
139.500000
 20
171.007200
 30
0.0
  0
SPLINE
  5
921
100
AcDbEntity
  8
0
 62
7
100
AcDbSpline
 70
8
 71
3
 72
8
 73
4
 74
0
 40
0
 40
0
 40
0
 40
0
 40
1
 40
1
 40
1
 40
1
 10
139.500000
 20
171.007200
 30
0.0
 10
139.632608
 20
171.007200
 30
0.0
 10
139.759785
 20
171.059878
 30
0.0
 10
139.853553
 20
171.153647
 30
0.0
  0
SPLINE
  5
922
100
AcDbEntity
  8
0
 62
7
100
AcDbSpline
 70
8
 71
3
 72
8
 73
4
 74
0
 40
0
 40
0
 40
0
 40
0
 40
1
 40
1
 40
1
 40
1
 10
139.853553
 20
171.153647
 30
0.0
 10
139.947322
 20
171.247415
 30
0.0
 10
140.000000
 20
171.374592
 30
0.0
 10
140.000000
 20
171.507200
 30
0.0
  0
LWPOLYLINE
  5
923
100
AcDbEntity
  8
0
 62
7
100
AcDbPolyline
 90
2
 70
0
 10
139.000000
 20
175.468138
 30
0.0
 10
139.000000
 20
171.507200
 30
0.0
  0
SPLINE
  5
924
100
AcDbEntity
  8
0
 62
7
100
AcDbSpline
 70
8
 71
3
 72
8
 73
4
 74
0
 40
0
 40
0
 40
0
 40
0
 40
1
 40
1
 40
1
 40
1
 10
140.000000
 20
175.468138
 30
0.0
 10
140.000000
 20
175.600746
 30
0.0
 10
139.947322
 20
175.727923
 30
0.0
 10
139.853553
 20
175.821691
 30
0.0
  0
SPLINE
  5
925
100
AcDbEntity
  8
0
 62
7
100
AcDbSpline
 70
8
 71
3
 72
8
 73
4
 74
0
 40
0
 40
0
 40
0
 40
0
 40
1
 40
1
 40
1
 40
1
 10
139.853553
 20
175.821691
 30
0.0
 10
139.759785
 20
175.915460
 30
0.0
 10
139.632608
 20
175.968138
 30
0.0
 10
139.500000
 20
175.968138
 30
0.0
  0
LWPOLYLINE
  5
926
100
AcDbEntity
  8
0
 62
7
100
AcDbPolyline
 90
2
 70
0
 10
140.000000
 20
171.507200
 30
0.0
 10
140.000000
 20
175.468138
 30
0.0
  0
LWPOLYLINE
  5
927
100
AcDbEntity
  8
0
 62
7
100
AcDbPolyline
 90
1
 70
1
 10
139.500000
 20
175.968138
 30
0.0
  0
SPLINE
  5
928
100
AcDbEntity
  8
0
 62
7
100
AcDbSpline
 70
8
 71
3
 72
8
 73
4
 74
0
 40
0
 40
0
 40
0
 40
0
 40
1
 40
1
 40
1
 40
1
 10
125.093750
 20
139.905638
 30
0.0
 10
124.117691
 20
138.929370
 30
0.0
 10
124.117691
 20
137.346749
 30
0.0
 10
125.093750
 20
136.370481
 30
0.0
  0
SPLINE
  5
929
100
AcDbEntity
  8
0
 62
7
100
AcDbSpline
 70
8
 71
3
 72
8
 73
4
 74
0
 40
0
 40
0
 40
0
 40
0
 40
1
 40
1
 40
1
 40
1
 10
125.093750
 20
136.370481
 30
0.0
 10
126.070018
 20
135.394420
 30
0.0
 10
127.652642
 20
135.394420
 30
0.0
 10
128.628910
 20
136.370481
 30
0.0
  0
LWPOLYLINE
  5
92a
100
AcDbEntity
  8
0
 62
7
100
AcDbPolyline
 90
2
 70
0
 10
136.783200
 20
151.595091
 30
0.0
 10
125.093750
 20
139.905638
 30
0.0
  0
SPLINE
  5
92b
100
AcDbEntity
  8
0
 62
7
100
AcDbSpline
 70
8
 71
3
 72
8
 73
4
 74
0
 40
0
 40
0
 40
0
 40
0
 40
1
 40
1
 40
1
 40
1
 10
140.318360
 20
148.059934
 30
0.0
 10
141.294419
 20
149.036202
 30
0.0
 10
141.294419
 20
150.618823
 30
0.0
 10
140.318360
 20
151.595091
 30
0.0
  0
SPLINE
  5
92c
100
AcDbEntity
  8
0
 62
7
100
AcDbSpline
 70
8
 71
3
 72
8
 73
4
 74
0
 40
0
 40
0
 40
0
 40
0
 40
1
 40
1
 40
1
 40
1
 10
140.318360
 20
151.595091
 30
0.0
 10
139.342092
 20
152.571152
 30
0.0
 10
137.759468
 20
152.571152
 30
0.0
 10
136.783200
 20
151.595091
 30
0.0
  0
LWPOLYLINE
  5
92d
100
AcDbEntity
  8
0
 62
7
100
AcDbPolyline
 90
2
 70
0
 10
128.628910
 20
136.370481
 30
0.0
 10
140.318360
 20
148.059934
 30
0.0
  0
SPLINE
  5
92e
100
AcDbEntity
  8
0
 62
7
100
AcDbSpline
 70
8
 71
3
 72
8
 73
4
 74
0
 40
0
 40
0
 40
0
 40
0
 40
1
 40
1
 40
1
 40
1
 10
126.861330
 20
140.638059
 30
0.0
 10
126.198289
 20
140.638059
 30
0.0
 10
125.562404
 20
140.374667
 30
0.0
 10
125.093563
 20
139.905826
 30
0.0
  0
SPLINE
  5
92f
100
AcDbEntity
  8
0
 62
7
100
AcDbSpline
 70
8
 71
3
 72
8
 73
4
 74
0
 40
0
 40
0
 40
0
 40
0
 40
1
 40
1
 40
1
 40
1
 10
125.093563
 20
139.905826
 30
0.0
 10
124.624722
 20
139.436985
 30
0.0
 10
124.361330
 20
138.801100
 30
0.0
 10
124.361330
 20
138.138059
 30
0.0
  0
LWPOLYLINE
  5
930
100
AcDbEntity
  8
0
 62
7
100
AcDbPolyline
 90
1
 70
1
 10
136.783200
 20
151.595091
 30
0.0
  0
SPLINE
  5
931
100
AcDbEntity
  8
0
 62
7
100
AcDbSpline
 70
8
 71
3
 72
8
 73
4
 74
0
 40
0
 40
0
 40
0
 40
0
 40
1
 40
1
 40
1
 40
1
 10
124.361330
 20
127.436888
 30
0.0
 10
124.361330
 20
126.773847
 30
0.0
 10
124.624722
 20
126.137962
 30
0.0
 10
125.093563
 20
125.669121
 30
0.0
  0
SPLINE
  5
932
100
AcDbEntity
  8
0
 62
7
100
AcDbSpline
 70
8
 71
3
 72
8
 73
4
 74
0
 40
0
 40
0
 40
0
 40
0
 40
1
 40
1
 40
1
 40
1
 10
125.093563
 20
125.669121
 30
0.0
 10
125.562404
 20
125.200280
 30
0.0
 10
126.198289
 20
124.936888
 30
0.0
 10
126.861330
 20
124.936888
 30
0.0
  0
SPLINE
  5
933
100
AcDbEntity
  8
0
 62
7
100
AcDbSpline
 70
8
 71
3
 72
8
 73
4
 74
0
 40
0
 40
0
 40
0
 40
0
 40
1
 40
1
 40
1
 40
1
 10
126.861330
 20
124.936888
 30
0.0
 10
127.524371
 20
124.936888
 30
0.0
 10
128.160256
 20
125.200280
 30
0.0
 10
128.629097
 20
125.669121
 30
0.0
  0
SPLINE
  5
934
100
AcDbEntity
  8
0
 62
7
100
AcDbSpline
 70
8
 71
3
 72
8
 73
4
 74
0
 40
0
 40
0
 40
0
 40
0
 40
1
 40
1
 40
1
 40
1
 10
128.629097
 20
125.669121
 30
0.0
 10
129.097938
 20
126.137962
 30
0.0
 10
129.361330
 20
126.773847
 30
0.0
 10
129.361330
 20
127.436888
 30
0.0
  0
LWPOLYLINE
  5
935
100
AcDbEntity
  8
0
 62
7
100
AcDbPolyline
 90
2
 70
0
 10
124.361330
 20
138.138059
 30
0.0
 10
124.361330
 20
127.436888
 30
0.0
  0
SPLINE
  5
936
100
AcDbEntity
  8
0
 62
7
100
AcDbSpline
 70
8
 71
3
 72
8
 73
4
 74
0
 40
0
 40
0
 40
0
 40
0
 40
1
 40
1
 40
1
 40
1
 10
129.361330
 20
138.138059
 30
0.0
 10
129.361330
 20
138.801100
 30
0.0
 10
129.097938
 20
139.436985
 30
0.0
 10
128.629097
 20
139.905826
 30
0.0
  0
SPLINE
  5
937
100
AcDbEntity
  8
0
 62
7
100
AcDbSpline
 70
8
 71
3
 72
8
 73
4
 74
0
 40
0
 40
0
 40
0
 40
0
 40
1
 40
1
 40
1
 40
1
 10
128.629097
 20
139.905826
 30
0.0
 10
128.160256
 20
140.374667
 30
0.0
 10
127.524371
 20
140.638059
 30
0.0
 10
126.861330
 20
140.638059
 30
0.0
  0
LWPOLYLINE
  5
938
100
AcDbEntity
  8
0
 62
7
100
AcDbPolyline
 90
2
 70
0
 10
129.361330
 20
127.436888
 30
0.0
 10
129.361330
 20
138.138059
 30
0.0
  0
SPLINE
  5
939
100
AcDbEntity
  8
0
 62
7
100
AcDbSpline
 70
8
 71
3
 72
8
 73
4
 74
0
 40
0
 40
0
 40
0
 40
0
 40
1
 40
1
 40
1
 40
1
 10
201.000000
 20
143.507200
 30
0.0
 10
200.336959
 20
143.507200
 30
0.0
 10
199.701074
 20
143.243808
 30
0.0
 10
199.232233
 20
142.774967
 30
0.0
  0
SPLINE
  5
93a
100
AcDbEntity
  8
0
 62
7
100
AcDbSpline
 70
8
 71
3
 72
8
 73
4
 74
0
 40
0
 40
0
 40
0
 40
0
 40
1
 40
1
 40
1
 40
1
 10
199.232233
 20
142.774967
 30
0.0
 10
198.763392
 20
142.306126
 30
0.0
 10
198.500000
 20
141.670241
 30
0.0
 10
198.500000
 20
141.007200
 30
0.0
  0
LWPOLYLINE
  5
93b
100
AcDbEntity
  8
0
 62
7
100
AcDbPolyline
 90
1
 70
1
 10
126.861330
 20
140.638059
 30
0.0
  0
SPLINE
  5
93c
100
AcDbEntity
  8
0
 62
7
100
AcDbSpline
 70
8
 71
3
 72
8
 73
4
 74
0
 40
0
 40
0
 40
0
 40
0
 40
1
 40
1
 40
1
 40
1
 10
198.500000
 20
111.007200
 30
0.0
 10
198.500000
 20
110.344159
 30
0.0
 10
198.763392
 20
109.708274
 30
0.0
 10
199.232233
 20
109.239433
 30
0.0
  0
SPLINE
  5
93d
100
AcDbEntity
  8
0
 62
7
100
AcDbSpline
 70
8
 71
3
 72
8
 73
4
 74
0
 40
0
 40
0
 40
0
 40
0
 40
1
 40
1
 40
1
 40
1
 10
199.232233
 20
109.239433
 30
0.0
 10
199.701074
 20
108.770592
 30
0.0
 10
200.336959
 20
108.507200
 30
0.0
 10
201.000000
 20
108.507200
 30
0.0
  0
SPLINE
  5
93e
100
AcDbEntity
  8
0
 62
7
100
AcDbSpline
 70
8
 71
3
 72
8
 73
4
 74
0
 40
0
 40
0
 40
0
 40
0
 40
1
 40
1
 40
1
 40
1
 10
201.000000
 20
108.507200
 30
0.0
 10
201.663041
 20
108.507200
 30
0.0
 10
202.298926
 20
108.770592
 30
0.0
 10
202.767767
 20
109.239433
 30
0.0
  0
SPLINE
  5
93f
100
AcDbEntity
  8
0
 62
7
100
AcDbSpline
 70
8
 71
3
 72
8
 73
4
 74
0
 40
0
 40
0
 40
0
 40
0
 40
1
 40
1
 40
1
 40
1
 10
202.767767
 20
109.239433
 30
0.0
 10
203.236608
 20
109.708274
 30
0.0
 10
203.500000
 20
110.344159
 30
0.0
 10
203.500000
 20
111.007200
 30
0.0
  0
LWPOLYLINE
  5
940
100
AcDbEntity
  8
0
 62
7
100
AcDbPolyline
 90
2
 70
0
 10
198.500000
 20
141.007200
 30
0.0
 10
198.500000
 20
111.007200
 30
0.0
  0
SPLINE
  5
941
100
AcDbEntity
  8
0
 62
7
100
AcDbSpline
 70
8
 71
3
 72
8
 73
4
 74
0
 40
0
 40
0
 40
0
 40
0
 40
1
 40
1
 40
1
 40
1
 10
203.500000
 20
141.007200
 30
0.0
 10
203.500000
 20
141.670241
 30
0.0
 10
203.236608
 20
142.306126
 30
0.0
 10
202.767767
 20
142.774967
 30
0.0
  0
SPLINE
  5
942
100
AcDbEntity
  8
0
 62
7
100
AcDbSpline
 70
8
 71
3
 72
8
 73
4
 74
0
 40
0
 40
0
 40
0
 40
0
 40
1
 40
1
 40
1
 40
1
 10
202.767767
 20
142.774967
 30
0.0
 10
202.298926
 20
143.243808
 30
0.0
 10
201.663041
 20
143.507200
 30
0.0
 10
201.000000
 20
143.507200
 30
0.0
  0
LWPOLYLINE
  5
943
100
AcDbEntity
  8
0
 62
7
100
AcDbPolyline
 90
2
 70
0
 10
203.500000
 20
111.007200
 30
0.0
 10
203.500000
 20
141.007200
 30
0.0
  0
SPLINE
  5
944
100
AcDbEntity
  8
0
 62
7
100
AcDbSpline
 70
8
 71
3
 72
8
 73
4
 74
0
 40
0
 40
0
 40
0
 40
0
 40
1
 40
1
 40
1
 40
1
 10
195.000000
 20
149.507200
 30
0.0
 10
194.336996
 20
149.507100
 30
0.0
 10
193.701184
 20
149.243642
 30
0.0
 10
193.232420
 20
148.774778
 30
0.0
  0
SPLINE
  5
945
100
AcDbEntity
  8
0
 62
7
100
AcDbSpline
 70
8
 71
3
 72
8
 73
4
 74
0
 40
0
 40
0
 40
0
 40
0
 40
1
 40
1
 40
1
 40
1
 10
193.232420
 20
148.774778
 30
0.0
 10
192.256361
 20
147.798511
 30
0.0
 10
192.256361
 20
146.215889
 30
0.0
 10
193.232420
 20
145.239622
 30
0.0
  0
LWPOLYLINE
  5
946
100
AcDbEntity
  8
0
 62
7
100
AcDbPolyline
 90
1
 70
1
 10
201.000000
 20
143.507200
 30
0.0
  0
SPLINE
  5
947
100
AcDbEntity
  8
0
 62
7
100
AcDbSpline
 70
8
 71
3
 72
8
 73
4
 74
0
 40
0
 40
0
 40
0
 40
0
 40
1
 40
1
 40
1
 40
1
 10
199.232420
 20
139.239622
 30
0.0
 10
200.208688
 20
138.263561
 30
0.0
 10
201.791312
 20
138.263561
 30
0.0
 10
202.767580
 20
139.239622
 30
0.0
  0
SPLINE
  5
948
100
AcDbEntity
  8
0
 62
7
100
AcDbSpline
 70
8
 71
3
 72
8
 73
4
 74
0
 40
0
 40
0
 40
0
 40
0
 40
1
 40
1
 40
1
 40
1
 10
202.767580
 20
139.239622
 30
0.0
 10
203.743639
 20
140.215889
 30
0.0
 10
203.743639
 20
141.798511
 30
0.0
 10
202.767580
 20
142.774778
 30
0.0
  0
LWPOLYLINE
  5
949
100
AcDbEntity
  8
0
 62
7
100
AcDbPolyline
 90
2
 70
0
 10
193.232420
 20
145.239622
 30
0.0
 10
199.232420
 20
139.239622
 30
0.0
  0
SPLINE
  5
94a
100
AcDbEntity
  8
0
 62
7
100
AcDbSpline
 70
8
 71
3
 72
8
 73
4
 74
0
 40
0
 40
0
 40
0
 40
0
 40
1
 40
1
 40
1
 40
1
 10
196.767580
 20
148.774778
 30
0.0
 10
196.298816
 20
149.243642
 30
0.0
 10
195.663004
 20
149.507100
 30
0.0
 10
195.000000
 20
149.507200
 30
0.0
  0
LWPOLYLINE
  5
94b
100
AcDbEntity
  8
0
 62
7
100
AcDbPolyline
 90
2
 70
0
 10
202.767580
 20
142.774778
 30
0.0
 10
196.767580
 20
148.774778
 30
0.0
  0
LWPOLYLINE
  5
94c
100
AcDbEntity
  8
0
 62
7
100
AcDbPolyline
 90
1
 70
1
 10
195.000000
 20
149.507200
 30
0.0
  0
SPLINE
  5
94d
100
AcDbEntity
  8
0
 62
7
100
AcDbSpline
 70
8
 71
3
 72
8
 73
4
 74
0
 40
0
 40
0
 40
0
 40
0
 40
1
 40
1
 40
1
 40
1
 10
194.152340
 20
107.694700
 30
0.0
 10
193.176279
 20
106.718432
 30
0.0
 10
193.176279
 20
105.135808
 30
0.0
 10
194.152340
 20
104.159540
 30
0.0
  0
SPLINE
  5
94e
100
AcDbEntity
  8
0
 62
7
100
AcDbSpline
 70
8
 71
3
 72
8
 73
4
 74
0
 40
0
 40
0
 40
0
 40
0
 40
1
 40
1
 40
1
 40
1
 10
194.152340
 20
104.159540
 30
0.0
 10
195.128608
 20
103.183479
 30
0.0
 10
196.711232
 20
103.183479
 30
0.0
 10
197.687500
 20
104.159540
 30
0.0
  0
LWPOLYLINE
  5
94f
100
AcDbEntity
  8
0
 62
7
100
AcDbPolyline
 90
2
 70
0
 10
199.232420
 20
112.774778
 30
0.0
 10
194.152340
 20
107.694700
 30
0.0
  0
SPLINE
  5
950
100
AcDbEntity
  8
0
 62
7
100
AcDbSpline
 70
8
 71
3
 72
8
 73
4
 74
0
 40
0
 40
0
 40
0
 40
0
 40
1
 40
1
 40
1
 40
1
 10
202.767580
 20
109.239620
 30
0.0
 10
203.743640
 20
110.215888
 30
0.0
 10
203.743640
 20
111.798510
 30
0.0
 10
202.767580
 20
112.774778
 30
0.0
  0
SPLINE
  5
951
100
AcDbEntity
  8
0
 62
7
100
AcDbSpline
 70
8
 71
3
 72
8
 73
4
 74
0
 40
0
 40
0
 40
0
 40
0
 40
1
 40
1
 40
1
 40
1
 10
202.767580
 20
112.774778
 30
0.0
 10
201.791312
 20
113.750839
 30
0.0
 10
200.208688
 20
113.750839
 30
0.0
 10
199.232420
 20
112.774778
 30
0.0
  0
LWPOLYLINE
  5
952
100
AcDbEntity
  8
0
 62
7
100
AcDbPolyline
 90
2
 70
0
 10
197.687500
 20
104.159540
 30
0.0
 10
202.767580
 20
109.239620
 30
0.0
  0
SPLINE
  5
953
100
AcDbEntity
  8
0
 62
7
100
AcDbSpline
 70
8
 71
3
 72
8
 73
4
 74
0
 40
0
 40
0
 40
0
 40
0
 40
1
 40
1
 40
1
 40
1
 10
190.000000
 20
108.427120
 30
0.0
 10
189.336959
 20
108.427120
 30
0.0
 10
188.701074
 20
108.163728
 30
0.0
 10
188.232233
 20
107.694887
 30
0.0
  0
SPLINE
  5
954
100
AcDbEntity
  8
0
 62
7
100
AcDbSpline
 70
8
 71
3
 72
8
 73
4
 74
0
 40
0
 40
0
 40
0
 40
0
 40
1
 40
1
 40
1
 40
1
 10
188.232233
 20
107.694887
 30
0.0
 10
187.763392
 20
107.226046
 30
0.0
 10
187.500000
 20
106.590161
 30
0.0
 10
187.500000
 20
105.927120
 30
0.0
  0
SPLINE
  5
955
100
AcDbEntity
  8
0
 62
7
100
AcDbSpline
 70
8
 71
3
 72
8
 73
4
 74
0
 40
0
 40
0
 40
0
 40
0
 40
1
 40
1
 40
1
 40
1
 10
187.500000
 20
105.927120
 30
0.0
 10
187.500000
 20
105.264079
 30
0.0
 10
187.763392
 20
104.628194
 30
0.0
 10
188.232233
 20
104.159353
 30
0.0
  0
SPLINE
  5
956
100
AcDbEntity
  8
0
 62
7
100
AcDbSpline
 70
8
 71
3
 72
8
 73
4
 74
0
 40
0
 40
0
 40
0
 40
0
 40
1
 40
1
 40
1
 40
1
 10
188.232233
 20
104.159353
 30
0.0
 10
188.701074
 20
103.690512
 30
0.0
 10
189.336959
 20
103.427120
 30
0.0
 10
190.000000
 20
103.427120
 30
0.0
  0
LWPOLYLINE
  5
957
100
AcDbEntity
  8
0
 62
7
100
AcDbPolyline
 90
1
 70
1
 10
199.232420
 20
112.774778
 30
0.0
  0
SPLINE
  5
958
100
AcDbEntity
  8
0
 62
7
100
AcDbSpline
 70
8
 71
3
 72
8
 73
4
 74
0
 40
0
 40
0
 40
0
 40
0
 40
1
 40
1
 40
1
 40
1
 10
195.919920
 20
103.427120
 30
0.0
 10
196.582961
 20
103.427120
 30
0.0
 10
197.218846
 20
103.690512
 30
0.0
 10
197.687687
 20
104.159353
 30
0.0
  0
SPLINE
  5
959
100
AcDbEntity
  8
0
 62
7
100
AcDbSpline
 70
8
 71
3
 72
8
 73
4
 74
0
 40
0
 40
0
 40
0
 40
0
 40
1
 40
1
 40
1
 40
1
 10
197.687687
 20
104.159353
 30
0.0
 10
198.156528
 20
104.628194
 30
0.0
 10
198.419920
 20
105.264079
 30
0.0
 10
198.419920
 20
105.927120
 30
0.0
  0
SPLINE
  5
95a
100
AcDbEntity
  8
0
 62
7
100
AcDbSpline
 70
8
 71
3
 72
8
 73
4
 74
0
 40
0
 40
0
 40
0
 40
0
 40
1
 40
1
 40
1
 40
1
 10
198.419920
 20
105.927120
 30
0.0
 10
198.419920
 20
106.590161
 30
0.0
 10
198.156528
 20
107.226046
 30
0.0
 10
197.687687
 20
107.694887
 30
0.0
  0
SPLINE
  5
95b
100
AcDbEntity
  8
0
 62
7
100
AcDbSpline
 70
8
 71
3
 72
8
 73
4
 74
0
 40
0
 40
0
 40
0
 40
0
 40
1
 40
1
 40
1
 40
1
 10
197.687687
 20
107.694887
 30
0.0
 10
197.218846
 20
108.163728
 30
0.0
 10
196.582961
 20
108.427120
 30
0.0
 10
195.919920
 20
108.427120
 30
0.0
  0
LWPOLYLINE
  5
95c
100
AcDbEntity
  8
0
 62
7
100
AcDbPolyline
 90
2
 70
0
 10
190.000000
 20
103.427120
 30
0.0
 10
195.919920
 20
103.427120
 30
0.0
  0
SPLINE
  5
95d
100
AcDbEntity
  8
0
 62
7
100
AcDbSpline
 70
8
 71
3
 72
8
 73
4
 74
0
 40
0
 40
0
 40
0
 40
0
 40
1
 40
1
 40
1
 40
1
 10
176.812500
 20
129.274778
 30
0.0
 10
175.836441
 20
128.298511
 30
0.0
 10
175.836441
 20
126.715889
 30
0.0
 10
176.812500
 20
125.739622
 30
0.0
  0
LWPOLYLINE
  5
95e
100
AcDbEntity
  8
0
 62
7
100
AcDbPolyline
 90
2
 70
0
 10
195.919920
 20
108.427120
 30
0.0
 10
190.000000
 20
108.427120
 30
0.0
  0
SPLINE
  5
95f
100
AcDbEntity
  8
0
 62
7
100
AcDbSpline
 70
8
 71
3
 72
8
 73
4
 74
0
 40
0
 40
0
 40
0
 40
0
 40
1
 40
1
 40
1
 40
1
 10
188.232420
 20
114.319700
 30
0.0
 10
189.208688
 20
113.343639
 30
0.0
 10
190.791312
 20
113.343639
 30
0.0
 10
191.767580
 20
114.319700
 30
0.0
  0
SPLINE
  5
960
100
AcDbEntity
  8
0
 62
7
100
AcDbSpline
 70
8
 71
3
 72
8
 73
4
 74
0
 40
0
 40
0
 40
0
 40
0
 40
1
 40
1
 40
1
 40
1
 10
191.767580
 20
114.319700
 30
0.0
 10
192.743639
 20
115.295967
 30
0.0
 10
192.743639
 20
116.878589
 30
0.0
 10
191.767580
 20
117.854856
 30
0.0
  0
LWPOLYLINE
  5
961
100
AcDbEntity
  8
0
 62
7
100
AcDbPolyline
 90
2
 70
0
 10
176.812500
 20
125.739622
 30
0.0
 10
188.232420
 20
114.319700
 30
0.0
  0
SPLINE
  5
962
100
AcDbEntity
  8
0
 62
7
100
AcDbSpline
 70
8
 71
3
 72
8
 73
4
 74
0
 40
0
 40
0
 40
0
 40
0
 40
1
 40
1
 40
1
 40
1
 10
180.347660
 20
129.274778
 30
0.0
 10
179.371392
 20
130.250839
 30
0.0
 10
177.788768
 20
130.250839
 30
0.0
 10
176.812500
 20
129.274778
 30
0.0
  0
LWPOLYLINE
  5
963
100
AcDbEntity
  8
0
 62
7
100
AcDbPolyline
 90
2
 70
0
 10
191.767580
 20
117.854856
 30
0.0
 10
180.347660
 20
129.274778
 30
0.0
  0
SPLINE
  5
964
100
AcDbEntity
  8
0
 62
7
100
AcDbSpline
 70
8
 71
3
 72
8
 73
4
 74
0
 40
0
 40
0
 40
0
 40
0
 40
1
 40
1
 40
1
 40
1
 10
173.000000
 20
130.007200
 30
0.0
 10
172.336959
 20
130.007200
 30
0.0
 10
171.701074
 20
129.743808
 30
0.0
 10
171.232233
 20
129.274967
 30
0.0
  0
SPLINE
  5
965
100
AcDbEntity
  8
0
 62
7
100
AcDbSpline
 70
8
 71
3
 72
8
 73
4
 74
0
 40
0
 40
0
 40
0
 40
0
 40
1
 40
1
 40
1
 40
1
 10
171.232233
 20
129.274967
 30
0.0
 10
170.763392
 20
128.806126
 30
0.0
 10
170.500000
 20
128.170241
 30
0.0
 10
170.500000
 20
127.507200
 30
0.0
  0
SPLINE
  5
966
100
AcDbEntity
  8
0
 62
7
100
AcDbSpline
 70
8
 71
3
 72
8
 73
4
 74
0
 40
0
 40
0
 40
0
 40
0
 40
1
 40
1
 40
1
 40
1
 10
170.500000
 20
127.507200
 30
0.0
 10
170.500000
 20
126.844159
 30
0.0
 10
170.763392
 20
126.208274
 30
0.0
 10
171.232233
 20
125.739433
 30
0.0
  0
SPLINE
  5
967
100
AcDbEntity
  8
0
 62
7
100
AcDbSpline
 70
8
 71
3
 72
8
 73
4
 74
0
 40
0
 40
0
 40
0
 40
0
 40
1
 40
1
 40
1
 40
1
 10
171.232233
 20
125.739433
 30
0.0
 10
171.701074
 20
125.270592
 30
0.0
 10
172.336959
 20
125.007200
 30
0.0
 10
173.000000
 20
125.007200
 30
0.0
  0
LWPOLYLINE
  5
968
100
AcDbEntity
  8
0
 62
7
100
AcDbPolyline
 90
1
 70
1
 10
176.812500
 20
129.274778
 30
0.0
  0
SPLINE
  5
969
100
AcDbEntity
  8
0
 62
7
100
AcDbSpline
 70
8
 71
3
 72
8
 73
4
 74
0
 40
0
 40
0
 40
0
 40
0
 40
1
 40
1
 40
1
 40
1
 10
178.580080
 20
125.007200
 30
0.0
 10
179.243121
 20
125.007200
 30
0.0
 10
179.879006
 20
125.270592
 30
0.0
 10
180.347847
 20
125.739433
 30
0.0
  0
SPLINE
  5
96a
100
AcDbEntity
  8
0
 62
7
100
AcDbSpline
 70
8
 71
3
 72
8
 73
4
 74
0
 40
0
 40
0
 40
0
 40
0
 40
1
 40
1
 40
1
 40
1
 10
180.347847
 20
125.739433
 30
0.0
 10
180.816688
 20
126.208274
 30
0.0
 10
181.080080
 20
126.844159
 30
0.0
 10
181.080080
 20
127.507200
 30
0.0
  0
SPLINE
  5
96b
100
AcDbEntity
  8
0
 62
7
100
AcDbSpline
 70
8
 71
3
 72
8
 73
4
 74
0
 40
0
 40
0
 40
0
 40
0
 40
1
 40
1
 40
1
 40
1
 10
181.080080
 20
127.507200
 30
0.0
 10
181.080080
 20
128.170241
 30
0.0
 10
180.816688
 20
128.806126
 30
0.0
 10
180.347847
 20
129.274967
 30
0.0
  0
SPLINE
  5
96c
100
AcDbEntity
  8
0
 62
7
100
AcDbSpline
 70
8
 71
3
 72
8
 73
4
 74
0
 40
0
 40
0
 40
0
 40
0
 40
1
 40
1
 40
1
 40
1
 10
180.347847
 20
129.274967
 30
0.0
 10
179.879006
 20
129.743808
 30
0.0
 10
179.243121
 20
130.007200
 30
0.0
 10
178.580080
 20
130.007200
 30
0.0
  0
LWPOLYLINE
  5
96d
100
AcDbEntity
  8
0
 62
7
100
AcDbPolyline
 90
2
 70
0
 10
173.000000
 20
125.007200
 30
0.0
 10
178.580080
 20
125.007200
 30
0.0
  0
LWPOLYLINE
  5
96e
100
AcDbEntity
  8
0
 62
7
100
AcDbPolyline
 90
2
 70
0
 10
178.580080
 20
130.007200
 30
0.0
 10
173.000000
 20
130.007200
 30
0.0
  0
SPLINE
  5
96f
100
AcDbEntity
  8
0
 62
7
100
AcDbSpline
 70
8
 71
3
 72
8
 73
4
 74
0
 40
0
 40
0
 40
0
 40
0
 40
1
 40
1
 40
1
 40
1
 10
182.312500
 20
101.774780
 30
0.0
 10
181.336439
 20
100.798512
 30
0.0
 10
181.336439
 20
99.215888
 30
0.0
 10
182.312500
 20
98.239620
 30
0.0
  0
SPLINE
  5
970
100
AcDbEntity
  8
0
 62
7
100
AcDbSpline
 70
8
 71
3
 72
8
 73
4
 74
0
 40
0
 40
0
 40
0
 40
0
 40
1
 40
1
 40
1
 40
1
 10
182.312500
 20
98.239620
 30
0.0
 10
183.288768
 20
97.263559
 30
0.0
 10
184.871392
 20
97.263559
 30
0.0
 10
185.847660
 20
98.239620
 30
0.0
  0
LWPOLYLINE
  5
971
100
AcDbEntity
  8
0
 62
7
100
AcDbPolyline
 90
2
 70
0
 10
188.232420
 20
107.694700
 30
0.0
 10
182.312500
 20
101.774780
 30
0.0
  0
SPLINE
  5
972
100
AcDbEntity
  8
0
 62
7
100
AcDbSpline
 70
8
 71
3
 72
8
 73
4
 74
0
 40
0
 40
0
 40
0
 40
0
 40
1
 40
1
 40
1
 40
1
 10
191.767580
 20
104.159540
 30
0.0
 10
192.743641
 20
105.135808
 30
0.0
 10
192.743641
 20
106.718432
 30
0.0
 10
191.767580
 20
107.694700
 30
0.0
  0
SPLINE
  5
973
100
AcDbEntity
  8
0
 62
7
100
AcDbSpline
 70
8
 71
3
 72
8
 73
4
 74
0
 40
0
 40
0
 40
0
 40
0
 40
1
 40
1
 40
1
 40
1
 10
191.767580
 20
107.694700
 30
0.0
 10
190.791312
 20
108.670761
 30
0.0
 10
189.208688
 20
108.670761
 30
0.0
 10
188.232420
 20
107.694700
 30
0.0
  0
LWPOLYLINE
  5
974
100
AcDbEntity
  8
0
 62
7
100
AcDbPolyline
 90
2
 70
0
 10
185.847660
 20
98.239620
 30
0.0
 10
191.767580
 20
104.159540
 30
0.0
  0
SPLINE
  5
975
100
AcDbEntity
  8
0
 62
7
100
AcDbSpline
 70
8
 71
3
 72
8
 73
4
 74
0
 40
0
 40
0
 40
0
 40
0
 40
1
 40
1
 40
1
 40
1
 10
173.000000
 20
102.507200
 30
0.0
 10
172.336959
 20
102.507200
 30
0.0
 10
171.701074
 20
102.243808
 30
0.0
 10
171.232233
 20
101.774967
 30
0.0
  0
SPLINE
  5
976
100
AcDbEntity
  8
0
 62
7
100
AcDbSpline
 70
8
 71
3
 72
8
 73
4
 74
0
 40
0
 40
0
 40
0
 40
0
 40
1
 40
1
 40
1
 40
1
 10
171.232233
 20
101.774967
 30
0.0
 10
170.763392
 20
101.306126
 30
0.0
 10
170.500000
 20
100.670241
 30
0.0
 10
170.500000
 20
100.007200
 30
0.0
  0
SPLINE
  5
977
100
AcDbEntity
  8
0
 62
7
100
AcDbSpline
 70
8
 71
3
 72
8
 73
4
 74
0
 40
0
 40
0
 40
0
 40
0
 40
1
 40
1
 40
1
 40
1
 10
170.500000
 20
100.007200
 30
0.0
 10
170.500000
 20
99.344159
 30
0.0
 10
170.763392
 20
98.708274
 30
0.0
 10
171.232233
 20
98.239433
 30
0.0
  0
SPLINE
  5
978
100
AcDbEntity
  8
0
 62
7
100
AcDbSpline
 70
8
 71
3
 72
8
 73
4
 74
0
 40
0
 40
0
 40
0
 40
0
 40
1
 40
1
 40
1
 40
1
 10
171.232233
 20
98.239433
 30
0.0
 10
171.701074
 20
97.770592
 30
0.0
 10
172.336959
 20
97.507200
 30
0.0
 10
173.000000
 20
97.507200
 30
0.0
  0
LWPOLYLINE
  5
979
100
AcDbEntity
  8
0
 62
7
100
AcDbPolyline
 90
1
 70
1
 10
188.232420
 20
107.694700
 30
0.0
  0
SPLINE
  5
97a
100
AcDbEntity
  8
0
 62
7
100
AcDbSpline
 70
8
 71
3
 72
8
 73
4
 74
0
 40
0
 40
0
 40
0
 40
0
 40
1
 40
1
 40
1
 40
1
 10
184.080080
 20
97.507200
 30
0.0
 10
184.743121
 20
97.507200
 30
0.0
 10
185.379006
 20
97.770592
 30
0.0
 10
185.847847
 20
98.239433
 30
0.0
  0
SPLINE
  5
97b
100
AcDbEntity
  8
0
 62
7
100
AcDbSpline
 70
8
 71
3
 72
8
 73
4
 74
0
 40
0
 40
0
 40
0
 40
0
 40
1
 40
1
 40
1
 40
1
 10
185.847847
 20
98.239433
 30
0.0
 10
186.316688
 20
98.708274
 30
0.0
 10
186.580080
 20
99.344159
 30
0.0
 10
186.580080
 20
100.007200
 30
0.0
  0
SPLINE
  5
97c
100
AcDbEntity
  8
0
 62
7
100
AcDbSpline
 70
8
 71
3
 72
8
 73
4
 74
0
 40
0
 40
0
 40
0
 40
0
 40
1
 40
1
 40
1
 40
1
 10
186.580080
 20
100.007200
 30
0.0
 10
186.580080
 20
100.670241
 30
0.0
 10
186.316688
 20
101.306126
 30
0.0
 10
185.847847
 20
101.774967
 30
0.0
  0
SPLINE
  5
97d
100
AcDbEntity
  8
0
 62
7
100
AcDbSpline
 70
8
 71
3
 72
8
 73
4
 74
0
 40
0
 40
0
 40
0
 40
0
 40
1
 40
1
 40
1
 40
1
 10
185.847847
 20
101.774967
 30
0.0
 10
185.379006
 20
102.243808
 30
0.0
 10
184.743121
 20
102.507200
 30
0.0
 10
184.080080
 20
102.507200
 30
0.0
  0
LWPOLYLINE
  5
97e
100
AcDbEntity
  8
0
 62
7
100
AcDbPolyline
 90
2
 70
0
 10
173.000000
 20
97.507200
 30
0.0
 10
184.080080
 20
97.507200
 30
0.0
  0
LWPOLYLINE
  5
97f
100
AcDbEntity
  8
0
 62
7
100
AcDbPolyline
 90
2
 70
0
 10
184.080080
 20
102.507200
 30
0.0
 10
173.000000
 20
102.507200
 30
0.0
  0
SPLINE
  5
980
100
AcDbEntity
  8
0
 62
7
100
AcDbSpline
 70
8
 71
3
 72
8
 73
4
 74
0
 40
0
 40
0
 40
0
 40
0
 40
1
 40
1
 40
1
 40
1
 10
171.162120
 20
129.206418
 30
0.0
 10
170.692797
 20
128.737513
 30
0.0
 10
170.429099
 20
128.101291
 30
0.0
 10
170.429099
 20
127.437863
 30
0.0
  0
SPLINE
  5
981
100
AcDbEntity
  8
0
 62
7
100
AcDbSpline
 70
8
 71
3
 72
8
 73
4
 74
0
 40
0
 40
0
 40
0
 40
0
 40
1
 40
1
 40
1
 40
1
 10
170.429099
 20
127.437863
 30
0.0
 10
170.429099
 20
126.774435
 30
0.0
 10
170.692797
 20
126.138213
 30
0.0
 10
171.162120
 20
125.669308
 30
0.0
  0
SPLINE
  5
982
100
AcDbEntity
  8
0
 62
7
100
AcDbSpline
 70
8
 71
3
 72
8
 73
4
 74
0
 40
0
 40
0
 40
0
 40
0
 40
1
 40
1
 40
1
 40
1
 10
171.162120
 20
125.669308
 30
0.0
 10
171.631025
 20
125.199985
 30
0.0
 10
172.267247
 20
124.936287
 30
0.0
 10
172.930675
 20
124.936287
 30
0.0
  0
SPLINE
  5
983
100
AcDbEntity
  8
0
 62
7
100
AcDbSpline
 70
8
 71
3
 72
8
 73
4
 74
0
 40
0
 40
0
 40
0
 40
0
 40
1
 40
1
 40
1
 40
1
 10
172.930675
 20
124.936287
 30
0.0
 10
173.594103
 20
124.936287
 30
0.0
 10
174.230325
 20
125.199985
 30
0.0
 10
174.699230
 20
125.669308
 30
0.0
  0
LWPOLYLINE
  5
984
100
AcDbEntity
  8
0
 62
7
100
AcDbPolyline
 90
2
 70
0
 10
171.232420
 20
129.274778
 30
0.0
 10
171.162120
 20
129.206418
 30
0.0
  0
SPLINE
  5
985
100
AcDbEntity
  8
0
 62
7
100
AcDbSpline
 70
8
 71
3
 72
8
 73
4
 74
0
 40
0
 40
0
 40
0
 40
0
 40
1
 40
1
 40
1
 40
1
 10
174.767630
 20
125.739618
 30
0.0
 10
175.743689
 20
126.715885
 30
0.0
 10
175.743689
 20
128.298507
 30
0.0
 10
174.767630
 20
129.274774
 30
0.0
  0
SPLINE
  5
986
100
AcDbEntity
  8
0
 62
7
100
AcDbSpline
 70
8
 71
3
 72
8
 73
4
 74
0
 40
0
 40
0
 40
0
 40
0
 40
1
 40
1
 40
1
 40
1
 10
174.767630
 20
129.274774
 30
0.0
 10
173.791362
 20
130.250835
 30
0.0
 10
172.208738
 20
130.250835
 30
0.0
 10
171.232470
 20
129.274774
 30
0.0
  0
LWPOLYLINE
  5
987
100
AcDbEntity
  8
0
 62
7
100
AcDbPolyline
 90
2
 70
0
 10
174.699230
 20
125.669308
 30
0.0
 10
174.767630
 20
125.739618
 30
0.0
  0
SPLINE
  5
988
100
AcDbEntity
  8
0
 62
7
100
AcDbSpline
 70
8
 71
3
 72
8
 73
4
 74
0
 40
0
 40
0
 40
0
 40
0
 40
1
 40
1
 40
1
 40
1
 10
151.500000
 20
129.936888
 30
0.0
 10
150.836959
 20
129.936888
 30
0.0
 10
150.201074
 20
129.673496
 30
0.0
 10
149.732233
 20
129.204655
 30
0.0
  0
SPLINE
  5
989
100
AcDbEntity
  8
0
 62
7
100
AcDbSpline
 70
8
 71
3
 72
8
 73
4
 74
0
 40
0
 40
0
 40
0
 40
0
 40
1
 40
1
 40
1
 40
1
 10
149.732233
 20
129.204655
 30
0.0
 10
149.263392
 20
128.735814
 30
0.0
 10
149.000000
 20
128.099929
 30
0.0
 10
149.000000
 20
127.436888
 30
0.0
  0
SPLINE
  5
98a
100
AcDbEntity
  8
0
 62
7
100
AcDbSpline
 70
8
 71
3
 72
8
 73
4
 74
0
 40
0
 40
0
 40
0
 40
0
 40
1
 40
1
 40
1
 40
1
 10
149.000000
 20
127.436888
 30
0.0
 10
149.000000
 20
126.773847
 30
0.0
 10
149.263392
 20
126.137962
 30
0.0
 10
149.732233
 20
125.669121
 30
0.0
  0
SPLINE
  5
98b
100
AcDbEntity
  8
0
 62
7
100
AcDbSpline
 70
8
 71
3
 72
8
 73
4
 74
0
 40
0
 40
0
 40
0
 40
0
 40
1
 40
1
 40
1
 40
1
 10
149.732233
 20
125.669121
 30
0.0
 10
150.201074
 20
125.200280
 30
0.0
 10
150.836959
 20
124.936888
 30
0.0
 10
151.500000
 20
124.936888
 30
0.0
  0
LWPOLYLINE
  5
98c
100
AcDbEntity
  8
0
 62
7
100
AcDbPolyline
 90
1
 70
1
 10
171.232470
 20
129.274774
 30
0.0
  0
SPLINE
  5
98d
100
AcDbEntity
  8
0
 62
7
100
AcDbSpline
 70
8
 71
3
 72
8
 73
4
 74
0
 40
0
 40
0
 40
0
 40
0
 40
1
 40
1
 40
1
 40
1
 10
172.929690
 20
124.936888
 30
0.0
 10
173.592731
 20
124.936888
 30
0.0
 10
174.228616
 20
125.200280
 30
0.0
 10
174.697457
 20
125.669121
 30
0.0
  0
SPLINE
  5
98e
100
AcDbEntity
  8
0
 62
7
100
AcDbSpline
 70
8
 71
3
 72
8
 73
4
 74
0
 40
0
 40
0
 40
0
 40
0
 40
1
 40
1
 40
1
 40
1
 10
174.697457
 20
125.669121
 30
0.0
 10
175.166298
 20
126.137962
 30
0.0
 10
175.429690
 20
126.773847
 30
0.0
 10
175.429690
 20
127.436888
 30
0.0
  0
SPLINE
  5
98f
100
AcDbEntity
  8
0
 62
7
100
AcDbSpline
 70
8
 71
3
 72
8
 73
4
 74
0
 40
0
 40
0
 40
0
 40
0
 40
1
 40
1
 40
1
 40
1
 10
175.429690
 20
127.436888
 30
0.0
 10
175.429690
 20
128.099929
 30
0.0
 10
175.166298
 20
128.735814
 30
0.0
 10
174.697457
 20
129.204655
 30
0.0
  0
SPLINE
  5
990
100
AcDbEntity
  8
0
 62
7
100
AcDbSpline
 70
8
 71
3
 72
8
 73
4
 74
0
 40
0
 40
0
 40
0
 40
0
 40
1
 40
1
 40
1
 40
1
 10
174.697457
 20
129.204655
 30
0.0
 10
174.228616
 20
129.673496
 30
0.0
 10
173.592731
 20
129.936888
 30
0.0
 10
172.929690
 20
129.936888
 30
0.0
  0
LWPOLYLINE
  5
991
100
AcDbEntity
  8
0
 62
7
100
AcDbPolyline
 90
2
 70
0
 10
151.500000
 20
124.936888
 30
0.0
 10
172.929690
 20
124.936888
 30
0.0
  0
LWPOLYLINE
  5
992
100
AcDbEntity
  8
0
 62
7
100
AcDbPolyline
 90
2
 70
0
 10
172.929690
 20
129.936888
 30
0.0
 10
151.500000
 20
129.936888
 30
0.0
  0
SPLINE
  5
993
100
AcDbEntity
  8
0
 62
7
100
AcDbSpline
 70
8
 71
3
 72
8
 73
4
 74
0
 40
0
 40
0
 40
0
 40
0
 40
1
 40
1
 40
1
 40
1
 10
171.162120
 20
101.706380
 30
0.0
 10
170.692797
 20
101.237475
 30
0.0
 10
170.429099
 20
100.601253
 30
0.0
 10
170.429099
 20
99.937825
 30
0.0
  0
SPLINE
  5
994
100
AcDbEntity
  8
0
 62
7
100
AcDbSpline
 70
8
 71
3
 72
8
 73
4
 74
0
 40
0
 40
0
 40
0
 40
0
 40
1
 40
1
 40
1
 40
1
 10
170.429099
 20
99.937825
 30
0.0
 10
170.429099
 20
99.274397
 30
0.0
 10
170.692797
 20
98.638175
 30
0.0
 10
171.162120
 20
98.169270
 30
0.0
  0
SPLINE
  5
995
100
AcDbEntity
  8
0
 62
7
100
AcDbSpline
 70
8
 71
3
 72
8
 73
4
 74
0
 40
0
 40
0
 40
0
 40
0
 40
1
 40
1
 40
1
 40
1
 10
171.162120
 20
98.169270
 30
0.0
 10
171.631025
 20
97.699947
 30
0.0
 10
172.267247
 20
97.436249
 30
0.0
 10
172.930675
 20
97.436249
 30
0.0
  0
SPLINE
  5
996
100
AcDbEntity
  8
0
 62
7
100
AcDbSpline
 70
8
 71
3
 72
8
 73
4
 74
0
 40
0
 40
0
 40
0
 40
0
 40
1
 40
1
 40
1
 40
1
 10
172.930675
 20
97.436249
 30
0.0
 10
173.594103
 20
97.436249
 30
0.0
 10
174.230325
 20
97.699947
 30
0.0
 10
174.699230
 20
98.169270
 30
0.0
  0
LWPOLYLINE
  5
997
100
AcDbEntity
  8
0
 62
7
100
AcDbPolyline
 90
2
 70
0
 10
171.232420
 20
101.774780
 30
0.0
 10
171.162120
 20
101.706380
 30
0.0
  0
SPLINE
  5
998
100
AcDbEntity
  8
0
 62
7
100
AcDbSpline
 70
8
 71
3
 72
8
 73
4
 74
0
 40
0
 40
0
 40
0
 40
0
 40
1
 40
1
 40
1
 40
1
 10
174.767630
 20
98.239570
 30
0.0
 10
175.743691
 20
99.215838
 30
0.0
 10
175.743691
 20
100.798462
 30
0.0
 10
174.767630
 20
101.774730
 30
0.0
  0
SPLINE
  5
999
100
AcDbEntity
  8
0
 62
7
100
AcDbSpline
 70
8
 71
3
 72
8
 73
4
 74
0
 40
0
 40
0
 40
0
 40
0
 40
1
 40
1
 40
1
 40
1
 10
174.767630
 20
101.774730
 30
0.0
 10
173.791362
 20
102.750791
 30
0.0
 10
172.208738
 20
102.750791
 30
0.0
 10
171.232470
 20
101.774730
 30
0.0
  0
LWPOLYLINE
  5
99a
100
AcDbEntity
  8
0
 62
7
100
AcDbPolyline
 90
2
 70
0
 10
174.699230
 20
98.169270
 30
0.0
 10
174.767630
 20
98.239570
 30
0.0
  0
SPLINE
  5
99b
100
AcDbEntity
  8
0
 62
7
100
AcDbSpline
 70
8
 71
3
 72
8
 73
4
 74
0
 40
0
 40
0
 40
0
 40
0
 40
1
 40
1
 40
1
 40
1
 10
151.500000
 20
102.436890
 30
0.0
 10
150.836959
 20
102.436890
 30
0.0
 10
150.201074
 20
102.173498
 30
0.0
 10
149.732233
 20
101.704657
 30
0.0
  0
SPLINE
  5
99c
100
AcDbEntity
  8
0
 62
7
100
AcDbSpline
 70
8
 71
3
 72
8
 73
4
 74
0
 40
0
 40
0
 40
0
 40
0
 40
1
 40
1
 40
1
 40
1
 10
149.732233
 20
101.704657
 30
0.0
 10
149.263392
 20
101.235816
 30
0.0
 10
149.000000
 20
100.599931
 30
0.0
 10
149.000000
 20
99.936890
 30
0.0
  0
SPLINE
  5
99d
100
AcDbEntity
  8
0
 62
7
100
AcDbSpline
 70
8
 71
3
 72
8
 73
4
 74
0
 40
0
 40
0
 40
0
 40
0
 40
1
 40
1
 40
1
 40
1
 10
149.000000
 20
99.936890
 30
0.0
 10
149.000000
 20
99.273849
 30
0.0
 10
149.263392
 20
98.637964
 30
0.0
 10
149.732233
 20
98.169123
 30
0.0
  0
SPLINE
  5
99e
100
AcDbEntity
  8
0
 62
7
100
AcDbSpline
 70
8
 71
3
 72
8
 73
4
 74
0
 40
0
 40
0
 40
0
 40
0
 40
1
 40
1
 40
1
 40
1
 10
149.732233
 20
98.169123
 30
0.0
 10
150.201074
 20
97.700282
 30
0.0
 10
150.836959
 20
97.436890
 30
0.0
 10
151.500000
 20
97.436890
 30
0.0
  0
LWPOLYLINE
  5
99f
100
AcDbEntity
  8
0
 62
7
100
AcDbPolyline
 90
1
 70
1
 10
171.232470
 20
101.774730
 30
0.0
  0
SPLINE
  5
9a0
100
AcDbEntity
  8
0
 62
7
100
AcDbSpline
 70
8
 71
3
 72
8
 73
4
 74
0
 40
0
 40
0
 40
0
 40
0
 40
1
 40
1
 40
1
 40
1
 10
172.929690
 20
97.436890
 30
0.0
 10
173.592731
 20
97.436890
 30
0.0
 10
174.228616
 20
97.700282
 30
0.0
 10
174.697457
 20
98.169123
 30
0.0
  0
SPLINE
  5
9a1
100
AcDbEntity
  8
0
 62
7
100
AcDbSpline
 70
8
 71
3
 72
8
 73
4
 74
0
 40
0
 40
0
 40
0
 40
0
 40
1
 40
1
 40
1
 40
1
 10
174.697457
 20
98.169123
 30
0.0
 10
175.166298
 20
98.637964
 30
0.0
 10
175.429690
 20
99.273849
 30
0.0
 10
175.429690
 20
99.936890
 30
0.0
  0
SPLINE
  5
9a2
100
AcDbEntity
  8
0
 62
7
100
AcDbSpline
 70
8
 71
3
 72
8
 73
4
 74
0
 40
0
 40
0
 40
0
 40
0
 40
1
 40
1
 40
1
 40
1
 10
175.429690
 20
99.936890
 30
0.0
 10
175.429690
 20
100.599931
 30
0.0
 10
175.166298
 20
101.235816
 30
0.0
 10
174.697457
 20
101.704657
 30
0.0
  0
SPLINE
  5
9a3
100
AcDbEntity
  8
0
 62
7
100
AcDbSpline
 70
8
 71
3
 72
8
 73
4
 74
0
 40
0
 40
0
 40
0
 40
0
 40
1
 40
1
 40
1
 40
1
 10
174.697457
 20
101.704657
 30
0.0
 10
174.228616
 20
102.173498
 30
0.0
 10
173.592731
 20
102.436890
 30
0.0
 10
172.929690
 20
102.436890
 30
0.0
  0
LWPOLYLINE
  5
9a4
100
AcDbEntity
  8
0
 62
7
100
AcDbPolyline
 90
2
 70
0
 10
151.500000
 20
97.436890
 30
0.0
 10
172.929690
 20
97.436890
 30
0.0
  0
SPLINE
  5
9a5
100
AcDbEntity
  8
0
 62
7
100
AcDbSpline
 70
8
 71
3
 72
8
 73
4
 74
0
 40
0
 40
0
 40
0
 40
0
 40
1
 40
1
 40
1
 40
1
 10
126.861330
 20
129.936888
 30
0.0
 10
126.198289
 20
129.936888
 30
0.0
 10
125.562404
 20
129.673496
 30
0.0
 10
125.093563
 20
129.204655
 30
0.0
  0
SPLINE
  5
9a6
100
AcDbEntity
  8
0
 62
7
100
AcDbSpline
 70
8
 71
3
 72
8
 73
4
 74
0
 40
0
 40
0
 40
0
 40
0
 40
1
 40
1
 40
1
 40
1
 10
125.093563
 20
129.204655
 30
0.0
 10
124.624722
 20
128.735814
 30
0.0
 10
124.361330
 20
128.099929
 30
0.0
 10
124.361330
 20
127.436888
 30
0.0
  0
SPLINE
  5
9a7
100
AcDbEntity
  8
0
 62
7
100
AcDbSpline
 70
8
 71
3
 72
8
 73
4
 74
0
 40
0
 40
0
 40
0
 40
0
 40
1
 40
1
 40
1
 40
1
 10
124.361330
 20
127.436888
 30
0.0
 10
124.361330
 20
126.773847
 30
0.0
 10
124.624722
 20
126.137962
 30
0.0
 10
125.093563
 20
125.669121
 30
0.0
  0
SPLINE
  5
9a8
100
AcDbEntity
  8
0
 62
7
100
AcDbSpline
 70
8
 71
3
 72
8
 73
4
 74
0
 40
0
 40
0
 40
0
 40
0
 40
1
 40
1
 40
1
 40
1
 10
125.093563
 20
125.669121
 30
0.0
 10
125.562404
 20
125.200280
 30
0.0
 10
126.198289
 20
124.936888
 30
0.0
 10
126.861330
 20
124.936888
 30
0.0
  0
LWPOLYLINE
  5
9a9
100
AcDbEntity
  8
0
 62
7
100
AcDbPolyline
 90
2
 70
0
 10
172.929690
 20
102.436890
 30
0.0
 10
151.500000
 20
102.436890
 30
0.0
  0
SPLINE
  5
9aa
100
AcDbEntity
  8
0
 62
7
100
AcDbSpline
 70
8
 71
3
 72
8
 73
4
 74
0
 40
0
 40
0
 40
0
 40
0
 40
1
 40
1
 40
1
 40
1
 10
151.500000
 20
124.936888
 30
0.0
 10
152.163041
 20
124.936888
 30
0.0
 10
152.798926
 20
125.200280
 30
0.0
 10
153.267767
 20
125.669121
 30
0.0
  0
SPLINE
  5
9ab
100
AcDbEntity
  8
0
 62
7
100
AcDbSpline
 70
8
 71
3
 72
8
 73
4
 74
0
 40
0
 40
0
 40
0
 40
0
 40
1
 40
1
 40
1
 40
1
 10
153.267767
 20
125.669121
 30
0.0
 10
153.736608
 20
126.137962
 30
0.0
 10
154.000000
 20
126.773847
 30
0.0
 10
154.000000
 20
127.436888
 30
0.0
  0
SPLINE
  5
9ac
100
AcDbEntity
  8
0
 62
7
100
AcDbSpline
 70
8
 71
3
 72
8
 73
4
 74
0
 40
0
 40
0
 40
0
 40
0
 40
1
 40
1
 40
1
 40
1
 10
154.000000
 20
127.436888
 30
0.0
 10
154.000000
 20
128.099929
 30
0.0
 10
153.736608
 20
128.735814
 30
0.0
 10
153.267767
 20
129.204655
 30
0.0
  0
SPLINE
  5
9ad
100
AcDbEntity
  8
0
 62
7
100
AcDbSpline
 70
8
 71
3
 72
8
 73
4
 74
0
 40
0
 40
0
 40
0
 40
0
 40
1
 40
1
 40
1
 40
1
 10
153.267767
 20
129.204655
 30
0.0
 10
152.798926
 20
129.673496
 30
0.0
 10
152.163041
 20
129.936888
 30
0.0
 10
151.500000
 20
129.936888
 30
0.0
  0
LWPOLYLINE
  5
9ae
100
AcDbEntity
  8
0
 62
7
100
AcDbPolyline
 90
2
 70
0
 10
126.861330
 20
124.936888
 30
0.0
 10
151.500000
 20
124.936888
 30
0.0
  0
LWPOLYLINE
  5
9af
100
AcDbEntity
  8
0
 62
7
100
AcDbPolyline
 90
2
 70
0
 10
151.500000
 20
129.936888
 30
0.0
 10
126.861330
 20
129.936888
 30
0.0
  0
SPLINE
  5
9b0
100
AcDbEntity
  8
0
 62
7
100
AcDbSpline
 70
8
 71
3
 72
8
 73
4
 74
0
 40
0
 40
0
 40
0
 40
0
 40
1
 40
1
 40
1
 40
1
 10
117.232420
 20
121.345091
 30
0.0
 10
116.763097
 20
120.876186
 30
0.0
 10
116.499399
 20
120.239964
 30
0.0
 10
116.499399
 20
119.576536
 30
0.0
  0
SPLINE
  5
9b1
100
AcDbEntity
  8
0
 62
7
100
AcDbSpline
 70
8
 71
3
 72
8
 73
4
 74
0
 40
0
 40
0
 40
0
 40
0
 40
1
 40
1
 40
1
 40
1
 10
116.499399
 20
119.576536
 30
0.0
 10
116.499399
 20
118.913108
 30
0.0
 10
116.763097
 20
118.276886
 30
0.0
 10
117.232420
 20
117.807981
 30
0.0
  0
SPLINE
  5
9b2
100
AcDbEntity
  8
0
 62
7
100
AcDbSpline
 70
8
 71
3
 72
8
 73
4
 74
0
 40
0
 40
0
 40
0
 40
0
 40
1
 40
1
 40
1
 40
1
 10
117.232420
 20
117.807981
 30
0.0
 10
118.208688
 20
116.831920
 30
0.0
 10
119.791312
 20
116.831920
 30
0.0
 10
120.767580
 20
117.807981
 30
0.0
  0
LWPOLYLINE
  5
9b3
100
AcDbEntity
  8
0
 62
7
100
AcDbPolyline
 90
2
 70
0
 10
125.093750
 20
129.206419
 30
0.0
 10
117.232420
 20
121.345091
 30
0.0
  0
SPLINE
  5
9b4
100
AcDbEntity
  8
0
 62
7
100
AcDbSpline
 70
8
 71
3
 72
8
 73
4
 74
0
 40
0
 40
0
 40
0
 40
0
 40
1
 40
1
 40
1
 40
1
 10
128.628910
 20
125.669309
 30
0.0
 10
129.098233
 20
126.138214
 30
0.0
 10
129.361931
 20
126.774436
 30
0.0
 10
129.361931
 20
127.437864
 30
0.0
  0
SPLINE
  5
9b5
100
AcDbEntity
  8
0
 62
7
100
AcDbSpline
 70
8
 71
3
 72
8
 73
4
 74
0
 40
0
 40
0
 40
0
 40
0
 40
1
 40
1
 40
1
 40
1
 10
129.361931
 20
127.437864
 30
0.0
 10
129.361931
 20
128.101292
 30
0.0
 10
129.098233
 20
128.737514
 30
0.0
 10
128.628910
 20
129.206419
 30
0.0
  0
SPLINE
  5
9b6
100
AcDbEntity
  8
0
 62
7
100
AcDbSpline
 70
8
 71
3
 72
8
 73
4
 74
0
 40
0
 40
0
 40
0
 40
0
 40
1
 40
1
 40
1
 40
1
 10
128.628910
 20
129.206419
 30
0.0
 10
127.652642
 20
130.182480
 30
0.0
 10
126.070018
 20
130.182480
 30
0.0
 10
125.093750
 20
129.206419
 30
0.0
  0
LWPOLYLINE
  5
9b7
100
AcDbEntity
  8
0
 62
7
100
AcDbPolyline
 90
2
 70
0
 10
120.767580
 20
117.807981
 30
0.0
 10
128.628910
 20
125.669309
 30
0.0
  0
SPLINE
  5
9b8
100
AcDbEntity
  8
0
 62
7
100
AcDbSpline
 70
8
 71
3
 72
8
 73
4
 74
0
 40
0
 40
0
 40
0
 40
0
 40
1
 40
1
 40
1
 40
1
 10
117.232420
 20
111.345091
 30
0.0
 10
116.763096
 20
110.876186
 30
0.0
 10
116.499398
 20
110.239963
 30
0.0
 10
116.499398
 20
109.576536
 30
0.0
  0
SPLINE
  5
9b9
100
AcDbEntity
  8
0
 62
7
100
AcDbSpline
 70
8
 71
3
 72
8
 73
4
 74
0
 40
0
 40
0
 40
0
 40
0
 40
1
 40
1
 40
1
 40
1
 10
116.499398
 20
109.576536
 30
0.0
 10
116.499398
 20
108.913108
 30
0.0
 10
116.763096
 20
108.276885
 30
0.0
 10
117.232420
 20
107.807980
 30
0.0
  0
LWPOLYLINE
  5
9ba
100
AcDbEntity
  8
0
 62
7
100
AcDbPolyline
 90
1
 70
1
 10
125.093750
 20
129.206419
 30
0.0
  0
SPLINE
  5
9bb
100
AcDbEntity
  8
0
 62
7
100
AcDbSpline
 70
8
 71
3
 72
8
 73
4
 74
0
 40
0
 40
0
 40
0
 40
0
 40
1
 40
1
 40
1
 40
1
 10
126.871090
 20
98.169310
 30
0.0
 10
127.847358
 20
97.193249
 30
0.0
 10
129.429982
 20
97.193249
 30
0.0
 10
130.406250
 20
98.169310
 30
0.0
  0
SPLINE
  5
9bc
100
AcDbEntity
  8
0
 62
7
100
AcDbSpline
 70
8
 71
3
 72
8
 73
4
 74
0
 40
0
 40
0
 40
0
 40
0
 40
1
 40
1
 40
1
 40
1
 10
130.406250
 20
98.169310
 30
0.0
 10
130.875573
 20
98.638215
 30
0.0
 10
131.139271
 20
99.274437
 30
0.0
 10
131.139271
 20
99.937865
 30
0.0
  0
SPLINE
  5
9bd
100
AcDbEntity
  8
0
 62
7
100
AcDbSpline
 70
8
 71
3
 72
8
 73
4
 74
0
 40
0
 40
0
 40
0
 40
0
 40
1
 40
1
 40
1
 40
1
 10
131.139271
 20
99.937865
 30
0.0
 10
131.139271
 20
100.601293
 30
0.0
 10
130.875573
 20
101.237515
 30
0.0
 10
130.406250
 20
101.706420
 30
0.0
  0
LWPOLYLINE
  5
9be
100
AcDbEntity
  8
0
 62
7
100
AcDbPolyline
 90
2
 70
0
 10
117.232420
 20
107.807980
 30
0.0
 10
126.871090
 20
98.169310
 30
0.0
  0
SPLINE
  5
9bf
100
AcDbEntity
  8
0
 62
7
100
AcDbSpline
 70
8
 71
3
 72
8
 73
4
 74
0
 40
0
 40
0
 40
0
 40
0
 40
1
 40
1
 40
1
 40
1
 10
120.767580
 20
111.345091
 30
0.0
 10
119.791312
 20
112.321152
 30
0.0
 10
118.208688
 20
112.321152
 30
0.0
 10
117.232420
 20
111.345091
 30
0.0
  0
LWPOLYLINE
  5
9c0
100
AcDbEntity
  8
0
 62
7
100
AcDbPolyline
 90
2
 70
0
 10
130.406250
 20
101.706420
 30
0.0
 10
120.767580
 20
111.345091
 30
0.0
  0
SPLINE
  5
9c1
100
AcDbEntity
  8
0
 62
7
100
AcDbSpline
 70
8
 71
3
 72
8
 73
4
 74
0
 40
0
 40
0
 40
0
 40
0
 40
1
 40
1
 40
1
 40
1
 10
128.638670
 20
102.436890
 30
0.0
 10
127.975629
 20
102.436890
 30
0.0
 10
127.339744
 20
102.173498
 30
0.0
 10
126.870903
 20
101.704657
 30
0.0
  0
SPLINE
  5
9c2
100
AcDbEntity
  8
0
 62
7
100
AcDbSpline
 70
8
 71
3
 72
8
 73
4
 74
0
 40
0
 40
0
 40
0
 40
0
 40
1
 40
1
 40
1
 40
1
 10
126.870903
 20
101.704657
 30
0.0
 10
126.402062
 20
101.235816
 30
0.0
 10
126.138670
 20
100.599931
 30
0.0
 10
126.138670
 20
99.936890
 30
0.0
  0
SPLINE
  5
9c3
100
AcDbEntity
  8
0
 62
7
100
AcDbSpline
 70
8
 71
3
 72
8
 73
4
 74
0
 40
0
 40
0
 40
0
 40
0
 40
1
 40
1
 40
1
 40
1
 10
126.138670
 20
99.936890
 30
0.0
 10
126.138670
 20
99.273849
 30
0.0
 10
126.402062
 20
98.637964
 30
0.0
 10
126.870903
 20
98.169123
 30
0.0
  0
SPLINE
  5
9c4
100
AcDbEntity
  8
0
 62
7
100
AcDbSpline
 70
8
 71
3
 72
8
 73
4
 74
0
 40
0
 40
0
 40
0
 40
0
 40
1
 40
1
 40
1
 40
1
 10
126.870903
 20
98.169123
 30
0.0
 10
127.339744
 20
97.700282
 30
0.0
 10
127.975629
 20
97.436890
 30
0.0
 10
128.638670
 20
97.436890
 30
0.0
  0
LWPOLYLINE
  5
9c5
100
AcDbEntity
  8
0
 62
7
100
AcDbPolyline
 90
1
 70
1
 10
117.232420
 20
111.345091
 30
0.0
  0
SPLINE
  5
9c6
100
AcDbEntity
  8
0
 62
7
100
AcDbSpline
 70
8
 71
3
 72
8
 73
4
 74
0
 40
0
 40
0
 40
0
 40
0
 40
1
 40
1
 40
1
 40
1
 10
151.500000
 20
97.436890
 30
0.0
 10
152.163041
 20
97.436890
 30
0.0
 10
152.798926
 20
97.700282
 30
0.0
 10
153.267767
 20
98.169123
 30
0.0
  0
SPLINE
  5
9c7
100
AcDbEntity
  8
0
 62
7
100
AcDbSpline
 70
8
 71
3
 72
8
 73
4
 74
0
 40
0
 40
0
 40
0
 40
0
 40
1
 40
1
 40
1
 40
1
 10
153.267767
 20
98.169123
 30
0.0
 10
153.736608
 20
98.637964
 30
0.0
 10
154.000000
 20
99.273849
 30
0.0
 10
154.000000
 20
99.936890
 30
0.0
  0
SPLINE
  5
9c8
100
AcDbEntity
  8
0
 62
7
100
AcDbSpline
 70
8
 71
3
 72
8
 73
4
 74
0
 40
0
 40
0
 40
0
 40
0
 40
1
 40
1
 40
1
 40
1
 10
154.000000
 20
99.936890
 30
0.0
 10
154.000000
 20
100.599931
 30
0.0
 10
153.736608
 20
101.235816
 30
0.0
 10
153.267767
 20
101.704657
 30
0.0
  0
SPLINE
  5
9c9
100
AcDbEntity
  8
0
 62
7
100
AcDbSpline
 70
8
 71
3
 72
8
 73
4
 74
0
 40
0
 40
0
 40
0
 40
0
 40
1
 40
1
 40
1
 40
1
 10
153.267767
 20
101.704657
 30
0.0
 10
152.798926
 20
102.173498
 30
0.0
 10
152.163041
 20
102.436890
 30
0.0
 10
151.500000
 20
102.436890
 30
0.0
  0
LWPOLYLINE
  5
9ca
100
AcDbEntity
  8
0
 62
7
100
AcDbPolyline
 90
2
 70
0
 10
128.638670
 20
97.436890
 30
0.0
 10
151.500000
 20
97.436890
 30
0.0
  0
SPLINE
  5
9cb
100
AcDbEntity
  8
0
 62
7
100
AcDbSpline
 70
8
 71
3
 72
8
 73
4
 74
0
 40
0
 40
0
 40
0
 40
0
 40
1
 40
1
 40
1
 40
1
 10
78.000000
 20
122.077513
 30
0.0
 10
77.336959
 20
122.077513
 30
0.0
 10
76.701074
 20
121.814121
 30
0.0
 10
76.232233
 20
121.345280
 30
0.0
  0
SPLINE
  5
9cc
100
AcDbEntity
  8
0
 62
7
100
AcDbSpline
 70
8
 71
3
 72
8
 73
4
 74
0
 40
0
 40
0
 40
0
 40
0
 40
1
 40
1
 40
1
 40
1
 10
76.232233
 20
121.345280
 30
0.0
 10
75.763392
 20
120.876439
 30
0.0
 10
75.500000
 20
120.240554
 30
0.0
 10
75.500000
 20
119.577513
 30
0.0
  0
SPLINE
  5
9cd
100
AcDbEntity
  8
0
 62
7
100
AcDbSpline
 70
8
 71
3
 72
8
 73
4
 74
0
 40
0
 40
0
 40
0
 40
0
 40
1
 40
1
 40
1
 40
1
 10
75.500000
 20
119.577513
 30
0.0
 10
75.500000
 20
118.914472
 30
0.0
 10
75.763392
 20
118.278587
 30
0.0
 10
76.232233
 20
117.809746
 30
0.0
  0
SPLINE
  5
9ce
100
AcDbEntity
  8
0
 62
7
100
AcDbSpline
 70
8
 71
3
 72
8
 73
4
 74
0
 40
0
 40
0
 40
0
 40
0
 40
1
 40
1
 40
1
 40
1
 10
76.232233
 20
117.809746
 30
0.0
 10
76.701074
 20
117.340905
 30
0.0
 10
77.336959
 20
117.077513
 30
0.0
 10
78.000000
 20
117.077513
 30
0.0
  0
LWPOLYLINE
  5
9cf
100
AcDbEntity
  8
0
 62
7
100
AcDbPolyline
 90
2
 70
0
 10
151.500000
 20
102.436890
 30
0.0
 10
128.638670
 20
102.436890
 30
0.0
  0
SPLINE
  5
9d0
100
AcDbEntity
  8
0
 62
7
100
AcDbSpline
 70
8
 71
3
 72
8
 73
4
 74
0
 40
0
 40
0
 40
0
 40
0
 40
1
 40
1
 40
1
 40
1
 10
119.000000
 20
117.077513
 30
0.0
 10
119.663041
 20
117.077513
 30
0.0
 10
120.298926
 20
117.340905
 30
0.0
 10
120.767767
 20
117.809746
 30
0.0
  0
SPLINE
  5
9d1
100
AcDbEntity
  8
0
 62
7
100
AcDbSpline
 70
8
 71
3
 72
8
 73
4
 74
0
 40
0
 40
0
 40
0
 40
0
 40
1
 40
1
 40
1
 40
1
 10
120.767767
 20
117.809746
 30
0.0
 10
121.236608
 20
118.278587
 30
0.0
 10
121.500000
 20
118.914472
 30
0.0
 10
121.500000
 20
119.577513
 30
0.0
  0
SPLINE
  5
9d2
100
AcDbEntity
  8
0
 62
7
100
AcDbSpline
 70
8
 71
3
 72
8
 73
4
 74
0
 40
0
 40
0
 40
0
 40
0
 40
1
 40
1
 40
1
 40
1
 10
121.500000
 20
119.577513
 30
0.0
 10
121.500000
 20
120.240554
 30
0.0
 10
121.236608
 20
120.876439
 30
0.0
 10
120.767767
 20
121.345280
 30
0.0
  0
SPLINE
  5
9d3
100
AcDbEntity
  8
0
 62
7
100
AcDbSpline
 70
8
 71
3
 72
8
 73
4
 74
0
 40
0
 40
0
 40
0
 40
0
 40
1
 40
1
 40
1
 40
1
 10
120.767767
 20
121.345280
 30
0.0
 10
120.298926
 20
121.814121
 30
0.0
 10
119.663041
 20
122.077513
 30
0.0
 10
119.000000
 20
122.077513
 30
0.0
  0
LWPOLYLINE
  5
9d4
100
AcDbEntity
  8
0
 62
7
100
AcDbPolyline
 90
2
 70
0
 10
78.000000
 20
117.077513
 30
0.0
 10
119.000000
 20
117.077513
 30
0.0
  0
SPLINE
  5
9d5
100
AcDbEntity
  8
0
 62
7
100
AcDbSpline
 70
8
 71
3
 72
8
 73
4
 74
0
 40
0
 40
0
 40
0
 40
0
 40
1
 40
1
 40
1
 40
1
 10
45.000000
 20
128.507200
 30
0.0
 10
44.336959
 20
128.507200
 30
0.0
 10
43.701074
 20
128.243808
 30
0.0
 10
43.232233
 20
127.774967
 30
0.0
  0
SPLINE
  5
9d6
100
AcDbEntity
  8
0
 62
7
100
AcDbSpline
 70
8
 71
3
 72
8
 73
4
 74
0
 40
0
 40
0
 40
0
 40
0
 40
1
 40
1
 40
1
 40
1
 10
43.232233
 20
127.774967
 30
0.0
 10
42.763392
 20
127.306126
 30
0.0
 10
42.500000
 20
126.670241
 30
0.0
 10
42.500000
 20
126.007200
 30
0.0
  0
SPLINE
  5
9d7
100
AcDbEntity
  8
0
 62
7
100
AcDbSpline
 70
8
 71
3
 72
8
 73
4
 74
0
 40
0
 40
0
 40
0
 40
0
 40
1
 40
1
 40
1
 40
1
 10
42.500000
 20
126.007200
 30
0.0
 10
42.500000
 20
125.344159
 30
0.0
 10
42.763392
 20
124.708274
 30
0.0
 10
43.232233
 20
124.239433
 30
0.0
  0
SPLINE
  5
9d8
100
AcDbEntity
  8
0
 62
7
100
AcDbSpline
 70
8
 71
3
 72
8
 73
4
 74
0
 40
0
 40
0
 40
0
 40
0
 40
1
 40
1
 40
1
 40
1
 10
43.232233
 20
124.239433
 30
0.0
 10
43.701074
 20
123.770592
 30
0.0
 10
44.336959
 20
123.507200
 30
0.0
 10
45.000000
 20
123.507200
 30
0.0
  0
LWPOLYLINE
  5
9d9
100
AcDbEntity
  8
0
 62
7
100
AcDbPolyline
 90
2
 70
0
 10
119.000000
 20
122.077513
 30
0.0
 10
78.000000
 20
122.077513
 30
0.0
  0
SPLINE
  5
9da
100
AcDbEntity
  8
0
 62
7
100
AcDbSpline
 70
8
 71
3
 72
8
 73
4
 74
0
 40
0
 40
0
 40
0
 40
0
 40
1
 40
1
 40
1
 40
1
 10
71.570312
 20
123.507200
 30
0.0
 10
72.233353
 20
123.507200
 30
0.0
 10
72.869238
 20
123.770592
 30
0.0
 10
73.338079
 20
124.239433
 30
0.0
  0
SPLINE
  5
9db
100
AcDbEntity
  8
0
 62
7
100
AcDbSpline
 70
8
 71
3
 72
8
 73
4
 74
0
 40
0
 40
0
 40
0
 40
0
 40
1
 40
1
 40
1
 40
1
 10
73.338079
 20
124.239433
 30
0.0
 10
73.806920
 20
124.708274
 30
0.0
 10
74.070312
 20
125.344159
 30
0.0
 10
74.070312
 20
126.007200
 30
0.0
  0
SPLINE
  5
9dc
100
AcDbEntity
  8
0
 62
7
100
AcDbSpline
 70
8
 71
3
 72
8
 73
4
 74
0
 40
0
 40
0
 40
0
 40
0
 40
1
 40
1
 40
1
 40
1
 10
74.070312
 20
126.007200
 30
0.0
 10
74.070312
 20
126.670241
 30
0.0
 10
73.806920
 20
127.306126
 30
0.0
 10
73.338079
 20
127.774967
 30
0.0
  0
SPLINE
  5
9dd
100
AcDbEntity
  8
0
 62
7
100
AcDbSpline
 70
8
 71
3
 72
8
 73
4
 74
0
 40
0
 40
0
 40
0
 40
0
 40
1
 40
1
 40
1
 40
1
 10
73.338079
 20
127.774967
 30
0.0
 10
72.869238
 20
128.243808
 30
0.0
 10
72.233353
 20
128.507200
 30
0.0
 10
71.570312
 20
128.507200
 30
0.0
  0
LWPOLYLINE
  5
9de
100
AcDbEntity
  8
0
 62
7
100
AcDbPolyline
 90
2
 70
0
 10
45.000000
 20
123.507200
 30
0.0
 10
71.570312
 20
123.507200
 30
0.0
  0
SPLINE
  5
9df
100
AcDbEntity
  8
0
 62
7
100
AcDbSpline
 70
8
 71
3
 72
8
 73
4
 74
0
 40
0
 40
0
 40
0
 40
0
 40
1
 40
1
 40
1
 40
1
 10
69.800781
 20
127.774778
 30
0.0
 10
68.824722
 20
126.798511
 30
0.0
 10
68.824722
 20
125.215889
 30
0.0
 10
69.800781
 20
124.239622
 30
0.0
  0
LWPOLYLINE
  5
9e0
100
AcDbEntity
  8
0
 62
7
100
AcDbPolyline
 90
2
 70
0
 10
71.570312
 20
128.507200
 30
0.0
 10
45.000000
 20
128.507200
 30
0.0
  0
SPLINE
  5
9e1
100
AcDbEntity
  8
0
 62
7
100
AcDbSpline
 70
8
 71
3
 72
8
 73
4
 74
0
 40
0
 40
0
 40
0
 40
0
 40
1
 40
1
 40
1
 40
1
 10
76.232422
 20
117.807981
 30
0.0
 10
77.208689
 20
116.831922
 30
0.0
 10
78.791311
 20
116.831922
 30
0.0
 10
79.767578
 20
117.807981
 30
0.0
  0
SPLINE
  5
9e2
100
AcDbEntity
  8
0
 62
7
100
AcDbSpline
 70
8
 71
3
 72
8
 73
4
 74
0
 40
0
 40
0
 40
0
 40
0
 40
1
 40
1
 40
1
 40
1
 10
79.767578
 20
117.807981
 30
0.0
 10
80.236901
 20
118.276886
 30
0.0
 10
80.500599
 20
118.913108
 30
0.0
 10
80.500599
 20
119.576536
 30
0.0
  0
SPLINE
  5
9e3
100
AcDbEntity
  8
0
 62
7
100
AcDbSpline
 70
8
 71
3
 72
8
 73
4
 74
0
 40
0
 40
0
 40
0
 40
0
 40
1
 40
1
 40
1
 40
1
 10
80.500599
 20
119.576536
 30
0.0
 10
80.500599
 20
120.239964
 30
0.0
 10
80.236901
 20
120.876186
 30
0.0
 10
79.767578
 20
121.345091
 30
0.0
  0
LWPOLYLINE
  5
9e4
100
AcDbEntity
  8
0
 62
7
100
AcDbPolyline
 90
2
 70
0
 10
69.800781
 20
124.239622
 30
0.0
 10
76.232422
 20
117.807981
 30
0.0
  0
SPLINE
  5
9e5
100
AcDbEntity
  8
0
 62
7
100
AcDbSpline
 70
8
 71
3
 72
8
 73
4
 74
0
 40
0
 40
0
 40
0
 40
0
 40
1
 40
1
 40
1
 40
1
 10
73.337891
 20
127.774778
 30
0.0
 10
72.868986
 20
128.244101
 30
0.0
 10
72.232764
 20
128.507799
 30
0.0
 10
71.569336
 20
128.507799
 30
0.0
  0
SPLINE
  5
9e6
100
AcDbEntity
  8
0
 62
7
100
AcDbSpline
 70
8
 71
3
 72
8
 73
4
 74
0
 40
0
 40
0
 40
0
 40
0
 40
1
 40
1
 40
1
 40
1
 10
71.569336
 20
128.507799
 30
0.0
 10
70.905908
 20
128.507799
 30
0.0
 10
70.269686
 20
128.244101
 30
0.0
 10
69.800781
 20
127.774778
 30
0.0
  0
LWPOLYLINE
  5
9e7
100
AcDbEntity
  8
0
 62
7
100
AcDbPolyline
 90
2
 70
0
 10
79.767578
 20
121.345091
 30
0.0
 10
73.337891
 20
127.774778
 30
0.0
  0
SPLINE
  5
9e8
100
AcDbEntity
  8
0
 62
7
100
AcDbSpline
 70
8
 71
3
 72
8
 73
4
 74
0
 40
0
 40
0
 40
0
 40
0
 40
1
 40
1
 40
1
 40
1
 10
78.000000
 20
112.077513
 30
0.0
 10
77.336958
 20
112.077513
 30
0.0
 10
76.701073
 20
111.814120
 30
0.0
 10
76.232232
 20
111.345279
 30
0.0
  0
SPLINE
  5
9e9
100
AcDbEntity
  8
0
 62
7
100
AcDbSpline
 70
8
 71
3
 72
8
 73
4
 74
0
 40
0
 40
0
 40
0
 40
0
 40
1
 40
1
 40
1
 40
1
 10
76.232232
 20
111.345279
 30
0.0
 10
75.763391
 20
110.876437
 30
0.0
 10
75.499999
 20
110.240552
 30
0.0
 10
75.500000
 20
109.577510
 30
0.0
  0
SPLINE
  5
9ea
100
AcDbEntity
  8
0
 62
7
100
AcDbSpline
 70
8
 71
3
 72
8
 73
4
 74
0
 40
0
 40
0
 40
0
 40
0
 40
1
 40
1
 40
1
 40
1
 10
75.500000
 20
109.577510
 30
0.0
 10
75.500000
 20
108.914469
 30
0.0
 10
75.763392
 20
108.278584
 30
0.0
 10
76.232233
 20
107.809743
 30
0.0
  0
SPLINE
  5
9eb
100
AcDbEntity
  8
0
 62
7
100
AcDbSpline
 70
8
 71
3
 72
8
 73
4
 74
0
 40
0
 40
0
 40
0
 40
0
 40
1
 40
1
 40
1
 40
1
 10
76.232233
 20
107.809743
 30
0.0
 10
76.701074
 20
107.340902
 30
0.0
 10
77.336959
 20
107.077510
 30
0.0
 10
78.000000
 20
107.077510
 30
0.0
  0
LWPOLYLINE
  5
9ec
100
AcDbEntity
  8
0
 62
7
100
AcDbPolyline
 90
1
 70
1
 10
69.800781
 20
127.774778
 30
0.0
  0
SPLINE
  5
9ed
100
AcDbEntity
  8
0
 62
7
100
AcDbSpline
 70
8
 71
3
 72
8
 73
4
 74
0
 40
0
 40
0
 40
0
 40
0
 40
1
 40
1
 40
1
 40
1
 10
119.000000
 20
107.077510
 30
0.0
 10
119.663041
 20
107.077510
 30
0.0
 10
120.298926
 20
107.340902
 30
0.0
 10
120.767767
 20
107.809743
 30
0.0
  0
SPLINE
  5
9ee
100
AcDbEntity
  8
0
 62
7
100
AcDbSpline
 70
8
 71
3
 72
8
 73
4
 74
0
 40
0
 40
0
 40
0
 40
0
 40
1
 40
1
 40
1
 40
1
 10
120.767767
 20
107.809743
 30
0.0
 10
121.236608
 20
108.278584
 30
0.0
 10
121.500000
 20
108.914469
 30
0.0
 10
121.500000
 20
109.577510
 30
0.0
  0
SPLINE
  5
9ef
100
AcDbEntity
  8
0
 62
7
100
AcDbSpline
 70
8
 71
3
 72
8
 73
4
 74
0
 40
0
 40
0
 40
0
 40
0
 40
1
 40
1
 40
1
 40
1
 10
121.500000
 20
109.577510
 30
0.0
 10
121.500001
 20
110.240552
 30
0.0
 10
121.236609
 20
110.876437
 30
0.0
 10
120.767768
 20
111.345279
 30
0.0
  0
SPLINE
  5
9f0
100
AcDbEntity
  8
0
 62
7
100
AcDbSpline
 70
8
 71
3
 72
8
 73
4
 74
0
 40
0
 40
0
 40
0
 40
0
 40
1
 40
1
 40
1
 40
1
 10
120.767768
 20
111.345279
 30
0.0
 10
120.298927
 20
111.814120
 30
0.0
 10
119.663042
 20
112.077513
 30
0.0
 10
119.000000
 20
112.077513
 30
0.0
  0
LWPOLYLINE
  5
9f1
100
AcDbEntity
  8
0
 62
7
100
AcDbPolyline
 90
2
 70
0
 10
78.000000
 20
107.077510
 30
0.0
 10
119.000000
 20
107.077510
 30
0.0
  0
SPLINE
  5
9f2
100
AcDbEntity
  8
0
 62
7
100
AcDbSpline
 70
8
 71
3
 72
8
 73
4
 74
0
 40
0
 40
0
 40
0
 40
0
 40
1
 40
1
 40
1
 40
1
 10
77.070312
 20
112.077513
 30
0.0
 10
76.407270
 20
112.077513
 30
0.0
 10
75.771385
 20
111.814120
 30
0.0
 10
75.302544
 20
111.345279
 30
0.0
  0
SPLINE
  5
9f3
100
AcDbEntity
  8
0
 62
7
100
AcDbSpline
 70
8
 71
3
 72
8
 73
4
 74
0
 40
0
 40
0
 40
0
 40
0
 40
1
 40
1
 40
1
 40
1
 10
75.302544
 20
111.345279
 30
0.0
 10
74.833703
 20
110.876437
 30
0.0
 10
74.570311
 20
110.240552
 30
0.0
 10
74.570312
 20
109.577510
 30
0.0
  0
SPLINE
  5
9f4
100
AcDbEntity
  8
0
 62
7
100
AcDbSpline
 70
8
 71
3
 72
8
 73
4
 74
0
 40
0
 40
0
 40
0
 40
0
 40
1
 40
1
 40
1
 40
1
 10
74.570312
 20
109.577510
 30
0.0
 10
74.570312
 20
108.914469
 30
0.0
 10
74.833704
 20
108.278584
 30
0.0
 10
75.302545
 20
107.809743
 30
0.0
  0
SPLINE
  5
9f5
100
AcDbEntity
  8
0
 62
7
100
AcDbSpline
 70
8
 71
3
 72
8
 73
4
 74
0
 40
0
 40
0
 40
0
 40
0
 40
1
 40
1
 40
1
 40
1
 10
75.302545
 20
107.809743
 30
0.0
 10
75.771386
 20
107.340902
 30
0.0
 10
76.407271
 20
107.077510
 30
0.0
 10
77.070312
 20
107.077510
 30
0.0
  0
LWPOLYLINE
  5
9f6
100
AcDbEntity
  8
0
 62
7
100
AcDbPolyline
 90
2
 70
0
 10
119.000000
 20
112.077513
 30
0.0
 10
78.000000
 20
112.077513
 30
0.0
  0
SPLINE
  5
9f7
100
AcDbEntity
  8
0
 62
7
100
AcDbSpline
 70
8
 71
3
 72
8
 73
4
 74
0
 40
0
 40
0
 40
0
 40
0
 40
1
 40
1
 40
1
 40
1
 10
78.000000
 20
107.077510
 30
0.0
 10
78.663041
 20
107.077510
 30
0.0
 10
79.298926
 20
107.340902
 30
0.0
 10
79.767767
 20
107.809743
 30
0.0
  0
SPLINE
  5
9f8
100
AcDbEntity
  8
0
 62
7
100
AcDbSpline
 70
8
 71
3
 72
8
 73
4
 74
0
 40
0
 40
0
 40
0
 40
0
 40
1
 40
1
 40
1
 40
1
 10
79.767767
 20
107.809743
 30
0.0
 10
80.236608
 20
108.278584
 30
0.0
 10
80.500000
 20
108.914469
 30
0.0
 10
80.500000
 20
109.577510
 30
0.0
  0
SPLINE
  5
9f9
100
AcDbEntity
  8
0
 62
7
100
AcDbSpline
 70
8
 71
3
 72
8
 73
4
 74
0
 40
0
 40
0
 40
0
 40
0
 40
1
 40
1
 40
1
 40
1
 10
80.500000
 20
109.577510
 30
0.0
 10
80.500001
 20
110.240552
 30
0.0
 10
80.236609
 20
110.876437
 30
0.0
 10
79.767768
 20
111.345279
 30
0.0
  0
SPLINE
  5
9fa
100
AcDbEntity
  8
0
 62
7
100
AcDbSpline
 70
8
 71
3
 72
8
 73
4
 74
0
 40
0
 40
0
 40
0
 40
0
 40
1
 40
1
 40
1
 40
1
 10
79.767768
 20
111.345279
 30
0.0
 10
79.298927
 20
111.814120
 30
0.0
 10
78.663042
 20
112.077513
 30
0.0
 10
78.000000
 20
112.077513
 30
0.0
  0
LWPOLYLINE
  5
9fb
100
AcDbEntity
  8
0
 62
7
100
AcDbPolyline
 90
2
 70
0
 10
77.070312
 20
107.077510
 30
0.0
 10
78.000000
 20
107.077510
 30
0.0
  0
LWPOLYLINE
  5
9fc
100
AcDbEntity
  8
0
 62
7
100
AcDbPolyline
 90
2
 70
0
 10
78.000000
 20
112.077513
 30
0.0
 10
77.070312
 20
112.077513
 30
0.0
  0
SPLINE
  5
9fd
100
AcDbEntity
  8
0
 62
7
100
AcDbSpline
 70
8
 71
3
 72
8
 73
4
 74
0
 40
0
 40
0
 40
0
 40
0
 40
1
 40
1
 40
1
 40
1
 10
59.732422
 20
95.774780
 30
0.0
 10
58.756361
 20
94.798512
 30
0.0
 10
58.756361
 20
93.215888
 30
0.0
 10
59.732422
 20
92.239620
 30
0.0
  0
SPLINE
  5
9fe
100
AcDbEntity
  8
0
 62
7
100
AcDbSpline
 70
8
 71
3
 72
8
 73
4
 74
0
 40
0
 40
0
 40
0
 40
0
 40
1
 40
1
 40
1
 40
1
 10
59.732422
 20
92.239620
 30
0.0
 10
60.708689
 20
91.263561
 30
0.0
 10
62.291311
 20
91.263561
 30
0.0
 10
63.267578
 20
92.239620
 30
0.0
  0
LWPOLYLINE
  5
9ff
100
AcDbEntity
  8
0
 62
7
100
AcDbPolyline
 90
2
 70
0
 10
75.300781
 20
111.345091
 30
0.0
 10
59.732422
 20
95.774780
 30
0.0
  0
SPLINE
  5
a00
100
AcDbEntity
  8
0
 62
7
100
AcDbSpline
 70
8
 71
3
 72
8
 73
4
 74
0
 40
0
 40
0
 40
0
 40
0
 40
1
 40
1
 40
1
 40
1
 10
78.837891
 20
107.807980
 30
0.0
 10
79.307215
 20
108.276885
 30
0.0
 10
79.570913
 20
108.913108
 30
0.0
 10
79.570913
 20
109.576536
 30
0.0
  0
SPLINE
  5
a01
100
AcDbEntity
  8
0
 62
7
100
AcDbSpline
 70
8
 71
3
 72
8
 73
4
 74
0
 40
0
 40
0
 40
0
 40
0
 40
1
 40
1
 40
1
 40
1
 10
79.570913
 20
109.576536
 30
0.0
 10
79.570913
 20
110.239963
 30
0.0
 10
79.307215
 20
110.876186
 30
0.0
 10
78.837891
 20
111.345091
 30
0.0
  0
SPLINE
  5
a02
100
AcDbEntity
  8
0
 62
7
100
AcDbSpline
 70
8
 71
3
 72
8
 73
4
 74
0
 40
0
 40
0
 40
0
 40
0
 40
1
 40
1
 40
1
 40
1
 10
78.837891
 20
111.345091
 30
0.0
 10
78.368986
 20
111.814414
 30
0.0
 10
77.732764
 20
112.078112
 30
0.0
 10
77.069336
 20
112.078112
 30
0.0
  0
SPLINE
  5
a03
100
AcDbEntity
  8
0
 62
7
100
AcDbSpline
 70
8
 71
3
 72
8
 73
4
 74
0
 40
0
 40
0
 40
0
 40
0
 40
1
 40
1
 40
1
 40
1
 10
77.069336
 20
112.078112
 30
0.0
 10
76.405908
 20
112.078112
 30
0.0
 10
75.769686
 20
111.814414
 30
0.0
 10
75.300781
 20
111.345091
 30
0.0
  0
LWPOLYLINE
  5
a04
100
AcDbEntity
  8
0
 62
7
100
AcDbPolyline
 90
2
 70
0
 10
63.267578
 20
92.239620
 30
0.0
 10
78.837891
 20
107.807980
 30
0.0
  0
SPLINE
  5
a05
100
AcDbEntity
  8
0
 62
7
100
AcDbSpline
 70
8
 71
3
 72
8
 73
4
 74
0
 40
0
 40
0
 40
0
 40
0
 40
1
 40
1
 40
1
 40
1
 10
76.179687
 20
111.186888
 30
0.0
 10
74.798976
 20
111.186888
 30
0.0
 10
73.679688
 20
110.067601
 30
0.0
 10
73.679687
 20
108.686890
 30
0.0
  0
SPLINE
  5
a06
100
AcDbEntity
  8
0
 62
7
100
AcDbSpline
 70
8
 71
3
 72
8
 73
4
 74
0
 40
0
 40
0
 40
0
 40
0
 40
1
 40
1
 40
1
 40
1
 10
73.679687
 20
108.686890
 30
0.0
 10
73.679687
 20
108.023849
 30
0.0
 10
73.943079
 20
107.387964
 30
0.0
 10
74.411920
 20
106.919123
 30
0.0
  0
SPLINE
  5
a07
100
AcDbEntity
  8
0
 62
7
100
AcDbSpline
 70
8
 71
3
 72
8
 73
4
 74
0
 40
0
 40
0
 40
0
 40
0
 40
1
 40
1
 40
1
 40
1
 10
74.411920
 20
106.919123
 30
0.0
 10
74.880761
 20
106.450282
 30
0.0
 10
75.516646
 20
106.186890
 30
0.0
 10
76.179687
 20
106.186890
 30
0.0
  0
LWPOLYLINE
  5
a08
100
AcDbEntity
  8
0
 62
7
100
AcDbPolyline
 90
1
 70
1
 10
75.300781
 20
111.345091
 30
0.0
  0
SPLINE
  5
a09
100
AcDbEntity
  8
0
 62
7
100
AcDbSpline
 70
8
 71
3
 72
8
 73
4
 74
0
 40
0
 40
0
 40
0
 40
0
 40
1
 40
1
 40
1
 40
1
 10
76.500000
 20
106.186890
 30
0.0
 10
77.163041
 20
106.186890
 30
0.0
 10
77.798926
 20
106.450282
 30
0.0
 10
78.267767
 20
106.919123
 30
0.0
  0
SPLINE
  5
a0a
100
AcDbEntity
  8
0
 62
7
100
AcDbSpline
 70
8
 71
3
 72
8
 73
4
 74
0
 40
0
 40
0
 40
0
 40
0
 40
1
 40
1
 40
1
 40
1
 10
78.267767
 20
106.919123
 30
0.0
 10
78.736608
 20
107.387964
 30
0.0
 10
79.000000
 20
108.023849
 30
0.0
 10
79.000000
 20
108.686890
 30
0.0
  0
SPLINE
  5
a0b
100
AcDbEntity
  8
0
 62
7
100
AcDbSpline
 70
8
 71
3
 72
8
 73
4
 74
0
 40
0
 40
0
 40
0
 40
0
 40
1
 40
1
 40
1
 40
1
 10
79.000000
 20
108.686890
 30
0.0
 10
78.999999
 20
110.067601
 30
0.0
 10
77.880711
 20
111.186888
 30
0.0
 10
76.500000
 20
111.186888
 30
0.0
  0
LWPOLYLINE
  5
a0c
100
AcDbEntity
  8
0
 62
7
100
AcDbPolyline
 90
2
 70
0
 10
76.179687
 20
106.186890
 30
0.0
 10
76.500000
 20
106.186890
 30
0.0
  0
LWPOLYLINE
  5
a0d
100
AcDbEntity
  8
0
 62
7
100
AcDbPolyline
 90
2
 70
0
 10
76.500000
 20
111.186888
 30
0.0
 10
76.179687
 20
111.186888
 30
0.0
  0
SPLINE
  5
a0e
100
AcDbEntity
  8
0
 62
7
100
AcDbSpline
 70
8
 71
3
 72
8
 73
4
 74
0
 40
0
 40
0
 40
0
 40
0
 40
1
 40
1
 40
1
 40
1
 10
24.232422
 20
102.774780
 30
0.0
 10
23.256361
 20
101.798512
 30
0.0
 10
23.256361
 20
100.215888
 30
0.0
 10
24.232422
 20
99.239620
 30
0.0
  0
SPLINE
  5
a0f
100
AcDbEntity
  8
0
 62
7
100
AcDbSpline
 70
8
 71
3
 72
8
 73
4
 74
0
 40
0
 40
0
 40
0
 40
0
 40
1
 40
1
 40
1
 40
1
 10
24.232422
 20
99.239620
 30
0.0
 10
25.208689
 20
98.263561
 30
0.0
 10
26.791311
 20
98.263561
 30
0.0
 10
27.767578
 20
99.239620
 30
0.0
  0
LWPOLYLINE
  5
a10
100
AcDbEntity
  8
0
 62
7
100
AcDbPolyline
 90
2
 70
0
 10
31.232422
 20
109.774780
 30
0.0
 10
24.232422
 20
102.774780
 30
0.0
  0
SPLINE
  5
a11
100
AcDbEntity
  8
0
 62
7
100
AcDbSpline
 70
8
 71
3
 72
8
 73
4
 74
0
 40
0
 40
0
 40
0
 40
0
 40
1
 40
1
 40
1
 40
1
 10
34.767578
 20
106.239620
 30
0.0
 10
35.743639
 20
107.215888
 30
0.0
 10
35.743639
 20
108.798512
 30
0.0
 10
34.767578
 20
109.774780
 30
0.0
  0
SPLINE
  5
a12
100
AcDbEntity
  8
0
 62
7
100
AcDbSpline
 70
8
 71
3
 72
8
 73
4
 74
0
 40
0
 40
0
 40
0
 40
0
 40
1
 40
1
 40
1
 40
1
 10
34.767578
 20
109.774780
 30
0.0
 10
33.791311
 20
110.750839
 30
0.0
 10
32.208689
 20
110.750839
 30
0.0
 10
31.232422
 20
109.774780
 30
0.0
  0
LWPOLYLINE
  5
a13
100
AcDbEntity
  8
0
 62
7
100
AcDbPolyline
 90
2
 70
0
 10
27.767578
 20
99.239620
 30
0.0
 10
34.767578
 20
106.239620
 30
0.0
  0
SPLINE
  5
a14
100
AcDbEntity
  8
0
 62
7
100
AcDbSpline
 70
8
 71
3
 72
8
 73
4
 74
0
 40
0
 40
0
 40
0
 40
0
 40
1
 40
1
 40
1
 40
1
 10
33.000000
 20
110.507200
 30
0.0
 10
32.336959
 20
110.507200
 30
0.0
 10
31.701074
 20
110.243808
 30
0.0
 10
31.232233
 20
109.774967
 30
0.0
  0
SPLINE
  5
a15
100
AcDbEntity
  8
0
 62
7
100
AcDbSpline
 70
8
 71
3
 72
8
 73
4
 74
0
 40
0
 40
0
 40
0
 40
0
 40
1
 40
1
 40
1
 40
1
 10
31.232233
 20
109.774967
 30
0.0
 10
30.763392
 20
109.306126
 30
0.0
 10
30.500000
 20
108.670241
 30
0.0
 10
30.500000
 20
108.007200
 30
0.0
  0
SPLINE
  5
a16
100
AcDbEntity
  8
0
 62
7
100
AcDbSpline
 70
8
 71
3
 72
8
 73
4
 74
0
 40
0
 40
0
 40
0
 40
0
 40
1
 40
1
 40
1
 40
1
 10
30.500000
 20
108.007200
 30
0.0
 10
30.500000
 20
106.626488
 30
0.0
 10
31.619288
 20
105.507200
 30
0.0
 10
33.000000
 20
105.507200
 30
0.0
  0
LWPOLYLINE
  5
a17
100
AcDbEntity
  8
0
 62
7
100
AcDbPolyline
 90
1
 70
1
 10
31.232422
 20
109.774780
 30
0.0
  0
SPLINE
  5
a18
100
AcDbEntity
  8
0
 62
7
100
AcDbSpline
 70
8
 71
3
 72
8
 73
4
 74
0
 40
0
 40
0
 40
0
 40
0
 40
1
 40
1
 40
1
 40
1
 10
33.400391
 20
105.507200
 30
0.0
 10
34.063432
 20
105.507200
 30
0.0
 10
34.699317
 20
105.770592
 30
0.0
 10
35.168158
 20
106.239433
 30
0.0
  0
SPLINE
  5
a19
100
AcDbEntity
  8
0
 62
7
100
AcDbSpline
 70
8
 71
3
 72
8
 73
4
 74
0
 40
0
 40
0
 40
0
 40
0
 40
1
 40
1
 40
1
 40
1
 10
35.168158
 20
106.239433
 30
0.0
 10
35.636999
 20
106.708274
 30
0.0
 10
35.900391
 20
107.344159
 30
0.0
 10
35.900391
 20
108.007200
 30
0.0
  0
SPLINE
  5
a1a
100
AcDbEntity
  8
0
 62
7
100
AcDbSpline
 70
8
 71
3
 72
8
 73
4
 74
0
 40
0
 40
0
 40
0
 40
0
 40
1
 40
1
 40
1
 40
1
 10
35.900391
 20
108.007200
 30
0.0
 10
35.900391
 20
108.670241
 30
0.0
 10
35.636999
 20
109.306126
 30
0.0
 10
35.168158
 20
109.774967
 30
0.0
  0
SPLINE
  5
a1b
100
AcDbEntity
  8
0
 62
7
100
AcDbSpline
 70
8
 71
3
 72
8
 73
4
 74
0
 40
0
 40
0
 40
0
 40
0
 40
1
 40
1
 40
1
 40
1
 10
35.168158
 20
109.774967
 30
0.0
 10
34.699317
 20
110.243808
 30
0.0
 10
34.063432
 20
110.507200
 30
0.0
 10
33.400391
 20
110.507200
 30
0.0
  0
LWPOLYLINE
  5
a1c
100
AcDbEntity
  8
0
 62
7
100
AcDbPolyline
 90
2
 70
0
 10
33.000000
 20
105.507200
 30
0.0
 10
33.400391
 20
105.507200
 30
0.0
  0
SPLINE
  5
a1d
100
AcDbEntity
  8
0
 62
7
100
AcDbSpline
 70
8
 71
3
 72
8
 73
4
 74
0
 40
0
 40
0
 40
0
 40
0
 40
1
 40
1
 40
1
 40
1
 10
24.232422
 20
102.774780
 30
0.0
 10
23.256361
 20
101.798512
 30
0.0
 10
23.256361
 20
100.215888
 30
0.0
 10
24.232422
 20
99.239620
 30
0.0
  0
LWPOLYLINE
  5
a1e
100
AcDbEntity
  8
0
 62
7
100
AcDbPolyline
 90
2
 70
0
 10
33.400391
 20
110.507200
 30
0.0
 10
33.000000
 20
110.507200
 30
0.0
  0
SPLINE
  5
a1f
100
AcDbEntity
  8
0
 62
7
100
AcDbSpline
 70
8
 71
3
 72
8
 73
4
 74
0
 40
0
 40
0
 40
0
 40
0
 40
1
 40
1
 40
1
 40
1
 10
31.232422
 20
92.239620
 30
0.0
 10
32.208689
 20
91.263561
 30
0.0
 10
33.791311
 20
91.263561
 30
0.0
 10
34.767578
 20
92.239620
 30
0.0
  0
SPLINE
  5
a20
100
AcDbEntity
  8
0
 62
7
100
AcDbSpline
 70
8
 71
3
 72
8
 73
4
 74
0
 40
0
 40
0
 40
0
 40
0
 40
1
 40
1
 40
1
 40
1
 10
34.767578
 20
92.239620
 30
0.0
 10
35.743639
 20
93.215888
 30
0.0
 10
35.743639
 20
94.798512
 30
0.0
 10
34.767578
 20
95.774780
 30
0.0
  0
LWPOLYLINE
  5
a21
100
AcDbEntity
  8
0
 62
7
100
AcDbPolyline
 90
2
 70
0
 10
24.232422
 20
99.239620
 30
0.0
 10
31.232422
 20
92.239620
 30
0.0
  0
SPLINE
  5
a22
100
AcDbEntity
  8
0
 62
7
100
AcDbSpline
 70
8
 71
3
 72
8
 73
4
 74
0
 40
0
 40
0
 40
0
 40
0
 40
1
 40
1
 40
1
 40
1
 10
27.767578
 20
102.774780
 30
0.0
 10
26.791311
 20
103.750839
 30
0.0
 10
25.208689
 20
103.750839
 30
0.0
 10
24.232422
 20
102.774780
 30
0.0
  0
LWPOLYLINE
  5
a23
100
AcDbEntity
  8
0
 62
7
100
AcDbPolyline
 90
2
 70
0
 10
34.767578
 20
95.774780
 30
0.0
 10
27.767578
 20
102.774780
 30
0.0
  0
SPLINE
  5
a24
100
AcDbEntity
  8
0
 62
7
100
AcDbSpline
 70
8
 71
3
 72
8
 73
4
 74
0
 40
0
 40
0
 40
0
 40
0
 40
1
 40
1
 40
1
 40
1
 10
33.000000
 20
96.507200
 30
0.0
 10
32.336959
 20
96.507200
 30
0.0
 10
31.701074
 20
96.243808
 30
0.0
 10
31.232233
 20
95.774967
 30
0.0
  0
SPLINE
  5
a25
100
AcDbEntity
  8
0
 62
7
100
AcDbSpline
 70
8
 71
3
 72
8
 73
4
 74
0
 40
0
 40
0
 40
0
 40
0
 40
1
 40
1
 40
1
 40
1
 10
31.232233
 20
95.774967
 30
0.0
 10
30.763392
 20
95.306126
 30
0.0
 10
30.500000
 20
94.670241
 30
0.0
 10
30.500000
 20
94.007200
 30
0.0
  0
SPLINE
  5
a26
100
AcDbEntity
  8
0
 62
7
100
AcDbSpline
 70
8
 71
3
 72
8
 73
4
 74
0
 40
0
 40
0
 40
0
 40
0
 40
1
 40
1
 40
1
 40
1
 10
30.500000
 20
94.007200
 30
0.0
 10
30.500000
 20
92.626488
 30
0.0
 10
31.619288
 20
91.507200
 30
0.0
 10
33.000000
 20
91.507200
 30
0.0
  0
LWPOLYLINE
  5
a27
100
AcDbEntity
  8
0
 62
7
100
AcDbPolyline
 90
1
 70
1
 10
24.232422
 20
102.774780
 30
0.0
  0
SPLINE
  5
a28
100
AcDbEntity
  8
0
 62
7
100
AcDbSpline
 70
8
 71
3
 72
8
 73
4
 74
0
 40
0
 40
0
 40
0
 40
0
 40
1
 40
1
 40
1
 40
1
 10
61.500000
 20
91.507200
 30
0.0
 10
62.163041
 20
91.507200
 30
0.0
 10
62.798926
 20
91.770592
 30
0.0
 10
63.267767
 20
92.239433
 30
0.0
  0
SPLINE
  5
a29
100
AcDbEntity
  8
0
 62
7
100
AcDbSpline
 70
8
 71
3
 72
8
 73
4
 74
0
 40
0
 40
0
 40
0
 40
0
 40
1
 40
1
 40
1
 40
1
 10
63.267767
 20
92.239433
 30
0.0
 10
63.736608
 20
92.708274
 30
0.0
 10
64.000000
 20
93.344159
 30
0.0
 10
64.000000
 20
94.007200
 30
0.0
  0
SPLINE
  5
a2a
100
AcDbEntity
  8
0
 62
7
100
AcDbSpline
 70
8
 71
3
 72
8
 73
4
 74
0
 40
0
 40
0
 40
0
 40
0
 40
1
 40
1
 40
1
 40
1
 10
64.000000
 20
94.007200
 30
0.0
 10
64.000000
 20
94.670241
 30
0.0
 10
63.736608
 20
95.306126
 30
0.0
 10
63.267767
 20
95.774967
 30
0.0
  0
SPLINE
  5
a2b
100
AcDbEntity
  8
0
 62
7
100
AcDbSpline
 70
8
 71
3
 72
8
 73
4
 74
0
 40
0
 40
0
 40
0
 40
0
 40
1
 40
1
 40
1
 40
1
 10
63.267767
 20
95.774967
 30
0.0
 10
62.798926
 20
96.243808
 30
0.0
 10
62.163041
 20
96.507200
 30
0.0
 10
61.500000
 20
96.507200
 30
0.0
  0
LWPOLYLINE
  5
a2c
100
AcDbEntity
  8
0
 62
7
100
AcDbPolyline
 90
2
 70
0
 10
33.000000
 20
91.507200
 30
0.0
 10
61.500000
 20
91.507200
 30
0.0
  0
SPLINE
  5
a2d
100
AcDbEntity
  8
0
 62
7
100
AcDbSpline
 70
8
 71
3
 72
8
 73
4
 74
0
 40
0
 40
0
 40
0
 40
0
 40
1
 40
1
 40
1
 40
1
 10
148.019530
 20
162.073606
 30
0.0
 10
147.433895
 20
161.487846
 30
0.0
 10
147.433895
 20
160.538273
 30
0.0
 10
148.019530
 20
159.952513
 30
0.0
  0
LWPOLYLINE
  5
a2e
100
AcDbEntity
  8
0
 62
7
100
AcDbPolyline
 90
2
 70
0
 10
61.500000
 20
96.507200
 30
0.0
 10
33.000000
 20
96.507200
 30
0.0
  0
SPLINE
  5
a2f
100
AcDbEntity
  8
0
 62
7
100
AcDbSpline
 70
8
 71
3
 72
8
 73
4
 74
0
 40
0
 40
0
 40
0
 40
0
 40
1
 40
1
 40
1
 40
1
 10
148.023530
 20
159.946613
 30
0.0
 10
148.304904
 20
159.664782
 30
0.0
 10
148.686804
 20
159.506413
 30
0.0
 10
149.085050
 20
159.506413
 30
0.0
  0
SPLINE
  5
a30
100
AcDbEntity
  8
0
 62
7
100
AcDbSpline
 70
8
 71
3
 72
8
 73
4
 74
0
 40
0
 40
0
 40
0
 40
0
 40
1
 40
1
 40
1
 40
1
 10
149.085050
 20
159.506413
 30
0.0
 10
149.483296
 20
159.506413
 30
0.0
 10
149.865196
 20
159.664782
 30
0.0
 10
150.146570
 20
159.946613
 30
0.0
  0
SPLINE
  5
a31
100
AcDbEntity
  8
0
 62
7
100
AcDbSpline
 70
8
 71
3
 72
8
 73
4
 74
0
 40
0
 40
0
 40
0
 40
0
 40
1
 40
1
 40
1
 40
1
 10
150.146570
 20
159.946613
 30
0.0
 10
150.732206
 20
160.532374
 30
0.0
 10
150.732206
 20
161.481946
 30
0.0
 10
150.146570
 20
162.067707
 30
0.0
  0
LWPOLYLINE
  5
a32
100
AcDbEntity
  8
0
 62
7
100
AcDbPolyline
 90
2
 70
0
 10
148.019530
 20
159.952513
 30
0.0
 10
148.023530
 20
159.946613
 30
0.0
  0
SPLINE
  5
a33
100
AcDbEntity
  8
0
 62
7
100
AcDbSpline
 70
8
 71
3
 72
8
 73
4
 74
0
 40
0
 40
0
 40
0
 40
0
 40
1
 40
1
 40
1
 40
1
 10
150.140570
 20
162.073607
 30
0.0
 10
149.554810
 20
162.659240
 30
0.0
 10
148.605240
 20
162.659240
 30
0.0
 10
148.019480
 20
162.073607
 30
0.0
  0
LWPOLYLINE
  5
a34
100
AcDbEntity
  8
0
 62
7
100
AcDbPolyline
 90
2
 70
0
 10
150.146570
 20
162.067707
 30
0.0
 10
150.140570
 20
162.073607
 30
0.0
  0
SPLINE
  5
a35
100
AcDbEntity
  8
0
 62
7
100
AcDbSpline
 70
8
 71
3
 72
8
 73
4
 74
0
 40
0
 40
0
 40
0
 40
0
 40
1
 40
1
 40
1
 40
1
 10
137.308590
 20
151.067747
 30
0.0
 10
136.722954
 20
150.481986
 30
0.0
 10
136.722954
 20
149.532414
 30
0.0
 10
137.308590
 20
148.946653
 30
0.0
  0
LWPOLYLINE
  5
a36
100
AcDbEntity
  8
0
 62
7
100
AcDbPolyline
 90
1
 70
1
 10
148.019480
 20
162.073607
 30
0.0
  0
SPLINE
  5
a37
100
AcDbEntity
  8
0
 62
7
100
AcDbSpline
 70
8
 71
3
 72
8
 73
4
 74
0
 40
0
 40
0
 40
0
 40
0
 40
1
 40
1
 40
1
 40
1
 10
137.490230
 20
148.766966
 30
0.0
 10
138.075991
 20
148.181326
 30
0.0
 10
139.025569
 20
148.181326
 30
0.0
 10
139.611330
 20
148.766966
 30
0.0
  0
SPLINE
  5
a38
100
AcDbEntity
  8
0
 62
7
100
AcDbSpline
 70
8
 71
3
 72
8
 73
4
 74
0
 40
0
 40
0
 40
0
 40
0
 40
1
 40
1
 40
1
 40
1
 10
139.611330
 20
148.766966
 30
0.0
 10
140.196965
 20
149.352726
 30
0.0
 10
140.196965
 20
150.302299
 30
0.0
 10
139.611330
 20
150.888059
 30
0.0
  0
LWPOLYLINE
  5
a39
100
AcDbEntity
  8
0
 62
7
100
AcDbPolyline
 90
2
 70
0
 10
137.308590
 20
148.946653
 30
0.0
 10
137.490230
 20
148.766966
 30
0.0
  0
SPLINE
  5
a3a
100
AcDbEntity
  8
0
 62
7
100
AcDbSpline
 70
8
 71
3
 72
8
 73
4
 74
0
 40
0
 40
0
 40
0
 40
0
 40
1
 40
1
 40
1
 40
1
 10
139.429690
 20
151.067747
 30
0.0
 10
138.843929
 20
151.653387
 30
0.0
 10
137.894351
 20
151.653387
 30
0.0
 10
137.308590
 20
151.067747
 30
0.0
  0
LWPOLYLINE
  5
a3b
100
AcDbEntity
  8
0
 62
7
100
AcDbPolyline
 90
2
 70
0
 10
139.611330
 20
150.888059
 30
0.0
 10
139.429690
 20
151.067747
 30
0.0
  0
SPLINE
  5
a3c
100
AcDbEntity
  8
0
 62
7
100
AcDbSpline
 70
8
 71
3
 72
8
 73
4
 74
0
 40
0
 40
0
 40
0
 40
0
 40
1
 40
1
 40
1
 40
1
 10
148.019530
 20
162.073606
 30
0.0
 10
147.433895
 20
161.487846
 30
0.0
 10
147.433895
 20
160.538273
 30
0.0
 10
148.019530
 20
159.952513
 30
0.0
  0
LWPOLYLINE
  5
a3d
100
AcDbEntity
  8
0
 62
7
100
AcDbPolyline
 90
1
 70
1
 10
137.308590
 20
151.067747
 30
0.0
  0
SPLINE
  5
a3e
100
AcDbEntity
  8
0
 62
7
100
AcDbSpline
 70
8
 71
3
 72
8
 73
4
 74
0
 40
0
 40
0
 40
0
 40
0
 40
1
 40
1
 40
1
 40
1
 10
148.388670
 20
159.581419
 30
0.0
 10
148.974431
 20
158.995779
 30
0.0
 10
149.924009
 20
158.995779
 30
0.0
 10
150.509770
 20
159.581419
 30
0.0
  0
SPLINE
  5
a3f
100
AcDbEntity
  8
0
 62
7
100
AcDbSpline
 70
8
 71
3
 72
8
 73
4
 74
0
 40
0
 40
0
 40
0
 40
0
 40
1
 40
1
 40
1
 40
1
 10
150.509770
 20
159.581419
 30
0.0
 10
151.095406
 20
160.167180
 30
0.0
 10
151.095406
 20
161.116752
 30
0.0
 10
150.509770
 20
161.702513
 30
0.0
  0
LWPOLYLINE
  5
a40
100
AcDbEntity
  8
0
 62
7
100
AcDbPolyline
 90
2
 70
0
 10
148.019530
 20
159.952513
 30
0.0
 10
148.388670
 20
159.581419
 30
0.0
  0
SPLINE
  5
a41
100
AcDbEntity
  8
0
 62
7
100
AcDbSpline
 70
8
 71
3
 72
8
 73
4
 74
0
 40
0
 40
0
 40
0
 40
0
 40
1
 40
1
 40
1
 40
1
 10
150.140620
 20
162.073606
 30
0.0
 10
149.554860
 20
162.659239
 30
0.0
 10
148.605290
 20
162.659239
 30
0.0
 10
148.019530
 20
162.073606
 30
0.0
  0
LWPOLYLINE
  5
a42
100
AcDbEntity
  8
0
 62
7
100
AcDbPolyline
 90
2
 70
0
 10
150.509770
 20
161.702513
 30
0.0
 10
150.140620
 20
162.073606
 30
0.0
  0
LWPOLYLINE
  5
a43
100
AcDbEntity
  8
0
 62
7
100
AcDbPolyline
 90
1
 70
1
 10
148.019530
 20
162.073606
 30
0.0
  0
SPLINE
  5
a44
100
AcDbEntity
  8
0
 62
7
100
AcDbSpline
 70
8
 71
3
 72
8
 73
4
 74
0
 40
0
 40
0
 40
0
 40
0
 40
1
 40
1
 40
1
 40
1
 10
137.490230
 20
161.702513
 30
0.0
 10
136.904594
 20
161.116752
 30
0.0
 10
136.904594
 20
160.167180
 30
0.0
 10
137.490230
 20
159.581419
 30
0.0
  0
SPLINE
  5
a45
100
AcDbEntity
  8
0
 62
7
100
AcDbSpline
 70
8
 71
3
 72
8
 73
4
 74
0
 40
0
 40
0
 40
0
 40
0
 40
1
 40
1
 40
1
 40
1
 10
137.490230
 20
159.581419
 30
0.0
 10
138.075991
 20
158.995779
 30
0.0
 10
139.025569
 20
158.995779
 30
0.0
 10
139.611330
 20
159.581419
 30
0.0
  0
LWPOLYLINE
  5
a46
100
AcDbEntity
  8
0
 62
7
100
AcDbPolyline
 90
2
 70
0
 10
137.859370
 20
162.073606
 30
0.0
 10
137.490230
 20
161.702513
 30
0.0
  0
SPLINE
  5
a47
100
AcDbEntity
  8
0
 62
7
100
AcDbSpline
 70
8
 71
3
 72
8
 73
4
 74
0
 40
0
 40
0
 40
0
 40
0
 40
1
 40
1
 40
1
 40
1
 10
139.980470
 20
159.952513
 30
0.0
 10
140.566105
 20
160.538273
 30
0.0
 10
140.566105
 20
161.487846
 30
0.0
 10
139.980470
 20
162.073606
 30
0.0
  0
SPLINE
  5
a48
100
AcDbEntity
  8
0
 62
7
100
AcDbSpline
 70
8
 71
3
 72
8
 73
4
 74
0
 40
0
 40
0
 40
0
 40
0
 40
1
 40
1
 40
1
 40
1
 10
139.980470
 20
162.073606
 30
0.0
 10
139.394709
 20
162.659246
 30
0.0
 10
138.445131
 20
162.659246
 30
0.0
 10
137.859370
 20
162.073606
 30
0.0
  0
LWPOLYLINE
  5
a49
100
AcDbEntity
  8
0
 62
7
100
AcDbPolyline
 90
2
 70
0
 10
139.611330
 20
159.581419
 30
0.0
 10
139.980470
 20
159.952513
 30
0.0
  0
SPLINE
  5
a4a
100
AcDbEntity
  8
0
 62
7
100
AcDbSpline
 70
8
 71
3
 72
8
 73
4
 74
0
 40
0
 40
0
 40
0
 40
0
 40
1
 40
1
 40
1
 40
1
 10
126.000000
 20
176.007200
 30
0.0
 10
125.867398
 20
176.007181
 30
0.0
 10
125.740234
 20
175.954490
 30
0.0
 10
125.646480
 20
175.860716
 30
0.0
  0
LWPOLYLINE
  5
a4b
100
AcDbEntity
  8
0
 62
7
100
AcDbPolyline
 90
1
 70
1
 10
137.859370
 20
162.073606
 30
0.0
  0
SPLINE
  5
a4c
100
AcDbEntity
  8
0
 62
7
100
AcDbSpline
 70
8
 71
3
 72
8
 73
4
 74
0
 40
0
 40
0
 40
0
 40
0
 40
1
 40
1
 40
1
 40
1
 10
118.646480
 20
168.860716
 30
0.0
 10
118.451268
 20
168.665462
 30
0.0
 10
118.451268
 20
168.348938
 30
0.0
 10
118.646480
 20
168.153684
 30
0.0
  0
SPLINE
  5
a4d
100
AcDbEntity
  8
0
 62
7
100
AcDbSpline
 70
8
 71
3
 72
8
 73
4
 74
0
 40
0
 40
0
 40
0
 40
0
 40
1
 40
1
 40
1
 40
1
 10
118.646480
 20
168.153684
 30
0.0
 10
118.841735
 20
167.958466
 30
0.0
 10
119.158265
 20
167.958466
 30
0.0
 10
119.353520
 20
168.153684
 30
0.0
  0
LWPOLYLINE
  5
a4e
100
AcDbEntity
  8
0
 62
7
100
AcDbPolyline
 90
2
 70
0
 10
125.646480
 20
175.860716
 30
0.0
 10
118.646480
 20
168.860716
 30
0.0
  0
SPLINE
  5
a4f
100
AcDbEntity
  8
0
 62
7
100
AcDbSpline
 70
8
 71
3
 72
8
 73
4
 74
0
 40
0
 40
0
 40
0
 40
0
 40
1
 40
1
 40
1
 40
1
 10
126.353520
 20
175.153684
 30
0.0
 10
126.548732
 20
175.348938
 30
0.0
 10
126.548732
 20
175.665462
 30
0.0
 10
126.353520
 20
175.860716
 30
0.0
  0
SPLINE
  5
a50
100
AcDbEntity
  8
0
 62
7
100
AcDbSpline
 70
8
 71
3
 72
8
 73
4
 74
0
 40
0
 40
0
 40
0
 40
0
 40
1
 40
1
 40
1
 40
1
 10
126.353520
 20
175.860716
 30
0.0
 10
126.259766
 20
175.954490
 30
0.0
 10
126.132602
 20
176.007181
 30
0.0
 10
126.000000
 20
176.007200
 30
0.0
  0
LWPOLYLINE
  5
a51
100
AcDbEntity
  8
0
 62
7
100
AcDbPolyline
 90
2
 70
0
 10
119.353520
 20
168.153684
 30
0.0
 10
126.353520
 20
175.153684
 30
0.0
  0
SPLINE
  5
a52
100
AcDbEntity
  8
0
 62
7
100
AcDbSpline
 70
8
 71
3
 72
8
 73
4
 74
0
 40
0
 40
0
 40
0
 40
0
 40
1
 40
1
 40
1
 40
1
 10
139.460940
 20
176.007200
 30
0.0
 10
139.328338
 20
176.007181
 30
0.0
 10
139.201174
 20
175.954490
 30
0.0
 10
139.107420
 20
175.860716
 30
0.0
  0
SPLINE
  5
a53
100
AcDbEntity
  8
0
 62
7
100
AcDbSpline
 70
8
 71
3
 72
8
 73
4
 74
0
 40
0
 40
0
 40
0
 40
0
 40
1
 40
1
 40
1
 40
1
 10
139.107420
 20
175.860716
 30
0.0
 10
138.912208
 20
175.665462
 30
0.0
 10
138.912208
 20
175.348938
 30
0.0
 10
139.107420
 20
175.153684
 30
0.0
  0
LWPOLYLINE
  5
a54
100
AcDbEntity
  8
0
 62
7
100
AcDbPolyline
 90
1
 70
1
 10
126.000000
 20
176.007200
 30
0.0
  0
SPLINE
  5
a55
100
AcDbEntity
  8
0
 62
7
100
AcDbSpline
 70
8
 71
3
 72
8
 73
4
 74
0
 40
0
 40
0
 40
0
 40
0
 40
1
 40
1
 40
1
 40
1
 10
139.146520
 20
175.114624
 30
0.0
 10
139.341775
 20
174.919406
 30
0.0
 10
139.658305
 20
174.919406
 30
0.0
 10
139.853560
 20
175.114624
 30
0.0
  0
SPLINE
  5
a56
100
AcDbEntity
  8
0
 62
7
100
AcDbSpline
 70
8
 71
3
 72
8
 73
4
 74
0
 40
0
 40
0
 40
0
 40
0
 40
1
 40
1
 40
1
 40
1
 10
139.853560
 20
175.114624
 30
0.0
 10
140.048772
 20
175.309877
 30
0.0
 10
140.048772
 20
175.626402
 30
0.0
 10
139.853560
 20
175.821655
 30
0.0
  0
LWPOLYLINE
  5
a57
100
AcDbEntity
  8
0
 62
7
100
AcDbPolyline
 90
2
 70
0
 10
139.107420
 20
175.153684
 30
0.0
 10
139.146520
 20
175.114624
 30
0.0
  0
SPLINE
  5
a58
100
AcDbEntity
  8
0
 62
7
100
AcDbSpline
 70
8
 71
3
 72
8
 73
4
 74
0
 40
0
 40
0
 40
0
 40
0
 40
1
 40
1
 40
1
 40
1
 10
139.814460
 20
175.860715
 30
0.0
 10
139.720706
 20
175.954489
 30
0.0
 10
139.593542
 20
176.007181
 30
0.0
 10
139.460940
 20
176.007200
 30
0.0
  0
LWPOLYLINE
  5
a59
100
AcDbEntity
  8
0
 62
7
100
AcDbPolyline
 90
2
 70
0
 10
139.853560
 20
175.821655
 30
0.0
 10
139.814460
 20
175.860715
 30
0.0
  0
SPLINE
  5
a5a
100
AcDbEntity
  8
0
 62
7
100
AcDbSpline
 70
8
 71
3
 72
8
 73
4
 74
0
 40
0
 40
0
 40
0
 40
0
 40
1
 40
1
 40
1
 40
1
 10
126.000000
 20
176.007200
 30
0.0
 10
125.867392
 20
176.007200
 30
0.0
 10
125.740215
 20
175.954522
 30
0.0
 10
125.646447
 20
175.860753
 30
0.0
  0
SPLINE
  5
a5b
100
AcDbEntity
  8
0
 62
7
100
AcDbSpline
 70
8
 71
3
 72
8
 73
4
 74
0
 40
0
 40
0
 40
0
 40
0
 40
1
 40
1
 40
1
 40
1
 10
125.646447
 20
175.860753
 30
0.0
 10
125.552678
 20
175.766985
 30
0.0
 10
125.500000
 20
175.639808
 30
0.0
 10
125.500000
 20
175.507200
 30
0.0
  0
SPLINE
  5
a5c
100
AcDbEntity
  8
0
 62
7
100
AcDbSpline
 70
8
 71
3
 72
8
 73
4
 74
0
 40
0
 40
0
 40
0
 40
0
 40
1
 40
1
 40
1
 40
1
 10
125.500000
 20
175.507200
 30
0.0
 10
125.500000
 20
175.374592
 30
0.0
 10
125.552678
 20
175.247415
 30
0.0
 10
125.646447
 20
175.153647
 30
0.0
  0
SPLINE
  5
a5d
100
AcDbEntity
  8
0
 62
7
100
AcDbSpline
 70
8
 71
3
 72
8
 73
4
 74
0
 40
0
 40
0
 40
0
 40
0
 40
1
 40
1
 40
1
 40
1
 10
125.646447
 20
175.153647
 30
0.0
 10
125.740215
 20
175.059878
 30
0.0
 10
125.867392
 20
175.007200
 30
0.0
 10
126.000000
 20
175.007200
 30
0.0
  0
LWPOLYLINE
  5
a5e
100
AcDbEntity
  8
0
 62
7
100
AcDbPolyline
 90
1
 70
1
 10
139.460940
 20
176.007200
 30
0.0
  0
SPLINE
  5
a5f
100
AcDbEntity
  8
0
 62
7
100
AcDbSpline
 70
8
 71
3
 72
8
 73
4
 74
0
 40
0
 40
0
 40
0
 40
0
 40
1
 40
1
 40
1
 40
1
 10
139.460940
 20
175.007200
 30
0.0
 10
139.593548
 20
175.007200
 30
0.0
 10
139.720725
 20
175.059878
 30
0.0
 10
139.814493
 20
175.153647
 30
0.0
  0
SPLINE
  5
a60
100
AcDbEntity
  8
0
 62
7
100
AcDbSpline
 70
8
 71
3
 72
8
 73
4
 74
0
 40
0
 40
0
 40
0
 40
0
 40
1
 40
1
 40
1
 40
1
 10
139.814493
 20
175.153647
 30
0.0
 10
139.908262
 20
175.247415
 30
0.0
 10
139.960940
 20
175.374592
 30
0.0
 10
139.960940
 20
175.507200
 30
0.0
  0
SPLINE
  5
a61
100
AcDbEntity
  8
0
 62
7
100
AcDbSpline
 70
8
 71
3
 72
8
 73
4
 74
0
 40
0
 40
0
 40
0
 40
0
 40
1
 40
1
 40
1
 40
1
 10
139.960940
 20
175.507200
 30
0.0
 10
139.960940
 20
175.639808
 30
0.0
 10
139.908262
 20
175.766985
 30
0.0
 10
139.814493
 20
175.860753
 30
0.0
  0
SPLINE
  5
a62
100
AcDbEntity
  8
0
 62
7
100
AcDbSpline
 70
8
 71
3
 72
8
 73
4
 74
0
 40
0
 40
0
 40
0
 40
0
 40
1
 40
1
 40
1
 40
1
 10
139.814493
 20
175.860753
 30
0.0
 10
139.720725
 20
175.954522
 30
0.0
 10
139.593548
 20
176.007200
 30
0.0
 10
139.460940
 20
176.007200
 30
0.0
  0
LWPOLYLINE
  5
a63
100
AcDbEntity
  8
0
 62
7
100
AcDbPolyline
 90
2
 70
0
 10
126.000000
 20
175.007200
 30
0.0
 10
139.460940
 20
175.007200
 30
0.0
  0
SPLINE
  5
a64
100
AcDbEntity
  8
0
 62
7
100
AcDbSpline
 70
8
 71
3
 72
8
 73
4
 74
0
 40
0
 40
0
 40
0
 40
0
 40
1
 40
1
 40
1
 40
1
 10
108.792970
 20
169.007200
 30
0.0
 10
108.660362
 20
169.007200
 30
0.0
 10
108.533185
 20
168.954522
 30
0.0
 10
108.439417
 20
168.860753
 30
0.0
  0
SPLINE
  5
a65
100
AcDbEntity
  8
0
 62
7
100
AcDbSpline
 70
8
 71
3
 72
8
 73
4
 74
0
 40
0
 40
0
 40
0
 40
0
 40
1
 40
1
 40
1
 40
1
 10
108.439417
 20
168.860753
 30
0.0
 10
108.345648
 20
168.766985
 30
0.0
 10
108.292970
 20
168.639808
 30
0.0
 10
108.292970
 20
168.507200
 30
0.0
  0
SPLINE
  5
a66
100
AcDbEntity
  8
0
 62
7
100
AcDbSpline
 70
8
 71
3
 72
8
 73
4
 74
0
 40
0
 40
0
 40
0
 40
0
 40
1
 40
1
 40
1
 40
1
 10
108.292970
 20
168.507200
 30
0.0
 10
108.292970
 20
168.374592
 30
0.0
 10
108.345648
 20
168.247415
 30
0.0
 10
108.439417
 20
168.153647
 30
0.0
  0
SPLINE
  5
a67
100
AcDbEntity
  8
0
 62
7
100
AcDbSpline
 70
8
 71
3
 72
8
 73
4
 74
0
 40
0
 40
0
 40
0
 40
0
 40
1
 40
1
 40
1
 40
1
 10
108.439417
 20
168.153647
 30
0.0
 10
108.533185
 20
168.059878
 30
0.0
 10
108.660362
 20
168.007200
 30
0.0
 10
108.792970
 20
168.007200
 30
0.0
  0
LWPOLYLINE
  5
a68
100
AcDbEntity
  8
0
 62
7
100
AcDbPolyline
 90
2
 70
0
 10
139.460940
 20
176.007200
 30
0.0
 10
126.000000
 20
176.007200
 30
0.0
  0
SPLINE
  5
a69
100
AcDbEntity
  8
0
 62
7
100
AcDbSpline
 70
8
 71
3
 72
8
 73
4
 74
0
 40
0
 40
0
 40
0
 40
0
 40
1
 40
1
 40
1
 40
1
 10
119.000000
 20
168.007200
 30
0.0
 10
119.132608
 20
168.007200
 30
0.0
 10
119.259785
 20
168.059878
 30
0.0
 10
119.353553
 20
168.153647
 30
0.0
  0
SPLINE
  5
a6a
100
AcDbEntity
  8
0
 62
7
100
AcDbSpline
 70
8
 71
3
 72
8
 73
4
 74
0
 40
0
 40
0
 40
0
 40
0
 40
1
 40
1
 40
1
 40
1
 10
119.353553
 20
168.153647
 30
0.0
 10
119.447322
 20
168.247415
 30
0.0
 10
119.500000
 20
168.374592
 30
0.0
 10
119.500000
 20
168.507200
 30
0.0
  0
SPLINE
  5
a6b
100
AcDbEntity
  8
0
 62
7
100
AcDbSpline
 70
8
 71
3
 72
8
 73
4
 74
0
 40
0
 40
0
 40
0
 40
0
 40
1
 40
1
 40
1
 40
1
 10
119.500000
 20
168.507200
 30
0.0
 10
119.500000
 20
168.639808
 30
0.0
 10
119.447322
 20
168.766985
 30
0.0
 10
119.353553
 20
168.860753
 30
0.0
  0
SPLINE
  5
a6c
100
AcDbEntity
  8
0
 62
7
100
AcDbSpline
 70
8
 71
3
 72
8
 73
4
 74
0
 40
0
 40
0
 40
0
 40
0
 40
1
 40
1
 40
1
 40
1
 10
119.353553
 20
168.860753
 30
0.0
 10
119.259785
 20
168.954522
 30
0.0
 10
119.132608
 20
169.007200
 30
0.0
 10
119.000000
 20
169.007200
 30
0.0
  0
LWPOLYLINE
  5
a6d
100
AcDbEntity
  8
0
 62
7
100
AcDbPolyline
 90
2
 70
0
 10
108.792970
 20
168.007200
 30
0.0
 10
119.000000
 20
168.007200
 30
0.0
  0
SPLINE
  5
a6e
100
AcDbEntity
  8
0
 62
7
100
AcDbSpline
 70
8
 71
3
 72
8
 73
4
 74
0
 40
0
 40
0
 40
0
 40
0
 40
1
 40
1
 40
1
 40
1
 10
126.000000
 20
178.507200
 30
0.0
 10
125.867392
 20
178.507200
 30
0.0
 10
125.740215
 20
178.454522
 30
0.0
 10
125.646447
 20
178.360753
 30
0.0
  0
SPLINE
  5
a6f
100
AcDbEntity
  8
0
 62
7
100
AcDbSpline
 70
8
 71
3
 72
8
 73
4
 74
0
 40
0
 40
0
 40
0
 40
0
 40
1
 40
1
 40
1
 40
1
 10
125.646447
 20
178.360753
 30
0.0
 10
125.552678
 20
178.266985
 30
0.0
 10
125.500000
 20
178.139808
 30
0.0
 10
125.500000
 20
178.007200
 30
0.0
  0
SPLINE
  5
a70
100
AcDbEntity
  8
0
 62
7
100
AcDbSpline
 70
8
 71
3
 72
8
 73
4
 74
0
 40
0
 40
0
 40
0
 40
0
 40
1
 40
1
 40
1
 40
1
 10
125.500000
 20
178.007200
 30
0.0
 10
125.500000
 20
177.874592
 30
0.0
 10
125.552678
 20
177.747415
 30
0.0
 10
125.646447
 20
177.653647
 30
0.0
  0
SPLINE
  5
a71
100
AcDbEntity
  8
0
 62
7
100
AcDbSpline
 70
8
 71
3
 72
8
 73
4
 74
0
 40
0
 40
0
 40
0
 40
0
 40
1
 40
1
 40
1
 40
1
 10
125.646447
 20
177.653647
 30
0.0
 10
125.740215
 20
177.559878
 30
0.0
 10
125.867392
 20
177.507200
 30
0.0
 10
126.000000
 20
177.507200
 30
0.0
  0
LWPOLYLINE
  5
a72
100
AcDbEntity
  8
0
 62
7
100
AcDbPolyline
 90
2
 70
0
 10
119.000000
 20
169.007200
 30
0.0
 10
108.792970
 20
169.007200
 30
0.0
  0
SPLINE
  5
a73
100
AcDbEntity
  8
0
 62
7
100
AcDbSpline
 70
8
 71
3
 72
8
 73
4
 74
0
 40
0
 40
0
 40
0
 40
0
 40
1
 40
1
 40
1
 40
1
 10
139.500000
 20
177.507200
 30
0.0
 10
139.632608
 20
177.507200
 30
0.0
 10
139.759785
 20
177.559878
 30
0.0
 10
139.853553
 20
177.653647
 30
0.0
  0
SPLINE
  5
a74
100
AcDbEntity
  8
0
 62
7
100
AcDbSpline
 70
8
 71
3
 72
8
 73
4
 74
0
 40
0
 40
0
 40
0
 40
0
 40
1
 40
1
 40
1
 40
1
 10
139.853553
 20
177.653647
 30
0.0
 10
139.947322
 20
177.747415
 30
0.0
 10
140.000000
 20
177.874592
 30
0.0
 10
140.000000
 20
178.007200
 30
0.0
  0
SPLINE
  5
a75
100
AcDbEntity
  8
0
 62
7
100
AcDbSpline
 70
8
 71
3
 72
8
 73
4
 74
0
 40
0
 40
0
 40
0
 40
0
 40
1
 40
1
 40
1
 40
1
 10
140.000000
 20
178.007200
 30
0.0
 10
140.000000
 20
178.139808
 30
0.0
 10
139.947322
 20
178.266985
 30
0.0
 10
139.853553
 20
178.360753
 30
0.0
  0
SPLINE
  5
a76
100
AcDbEntity
  8
0
 62
7
100
AcDbSpline
 70
8
 71
3
 72
8
 73
4
 74
0
 40
0
 40
0
 40
0
 40
0
 40
1
 40
1
 40
1
 40
1
 10
139.853553
 20
178.360753
 30
0.0
 10
139.759785
 20
178.454522
 30
0.0
 10
139.632608
 20
178.507200
 30
0.0
 10
139.500000
 20
178.507200
 30
0.0
  0
LWPOLYLINE
  5
a77
100
AcDbEntity
  8
0
 62
7
100
AcDbPolyline
 90
2
 70
0
 10
126.000000
 20
177.507200
 30
0.0
 10
139.500000
 20
177.507200
 30
0.0
  0
SPLINE
  5
a78
100
AcDbEntity
  8
0
 62
7
100
AcDbSpline
 70
8
 71
3
 72
8
 73
4
 74
0
 40
0
 40
0
 40
0
 40
0
 40
1
 40
1
 40
1
 40
1
 10
108.792970
 20
184.007200
 30
0.0
 10
108.660362
 20
184.007200
 30
0.0
 10
108.533185
 20
183.954522
 30
0.0
 10
108.439417
 20
183.860753
 30
0.0
  0
SPLINE
  5
a79
100
AcDbEntity
  8
0
 62
7
100
AcDbSpline
 70
8
 71
3
 72
8
 73
4
 74
0
 40
0
 40
0
 40
0
 40
0
 40
1
 40
1
 40
1
 40
1
 10
108.439417
 20
183.860753
 30
0.0
 10
108.345648
 20
183.766985
 30
0.0
 10
108.292970
 20
183.639808
 30
0.0
 10
108.292970
 20
183.507200
 30
0.0
  0
SPLINE
  5
a7a
100
AcDbEntity
  8
0
 62
7
100
AcDbSpline
 70
8
 71
3
 72
8
 73
4
 74
0
 40
0
 40
0
 40
0
 40
0
 40
1
 40
1
 40
1
 40
1
 10
108.292970
 20
183.507200
 30
0.0
 10
108.292970
 20
183.374592
 30
0.0
 10
108.345648
 20
183.247415
 30
0.0
 10
108.439417
 20
183.153647
 30
0.0
  0
SPLINE
  5
a7b
100
AcDbEntity
  8
0
 62
7
100
AcDbSpline
 70
8
 71
3
 72
8
 73
4
 74
0
 40
0
 40
0
 40
0
 40
0
 40
1
 40
1
 40
1
 40
1
 10
108.439417
 20
183.153647
 30
0.0
 10
108.533185
 20
183.059878
 30
0.0
 10
108.660362
 20
183.007200
 30
0.0
 10
108.792970
 20
183.007200
 30
0.0
  0
LWPOLYLINE
  5
a7c
100
AcDbEntity
  8
0
 62
7
100
AcDbPolyline
 90
2
 70
0
 10
139.500000
 20
178.507200
 30
0.0
 10
126.000000
 20
178.507200
 30
0.0
  0
SPLINE
  5
a7d
100
AcDbEntity
  8
0
 62
7
100
AcDbSpline
 70
8
 71
3
 72
8
 73
4
 74
0
 40
0
 40
0
 40
0
 40
0
 40
1
 40
1
 40
1
 40
1
 10
120.500000
 20
183.007200
 30
0.0
 10
120.632608
 20
183.007200
 30
0.0
 10
120.759785
 20
183.059878
 30
0.0
 10
120.853553
 20
183.153647
 30
0.0
  0
SPLINE
  5
a7e
100
AcDbEntity
  8
0
 62
7
100
AcDbSpline
 70
8
 71
3
 72
8
 73
4
 74
0
 40
0
 40
0
 40
0
 40
0
 40
1
 40
1
 40
1
 40
1
 10
120.853553
 20
183.153647
 30
0.0
 10
120.947322
 20
183.247415
 30
0.0
 10
121.000000
 20
183.374592
 30
0.0
 10
121.000000
 20
183.507200
 30
0.0
  0
SPLINE
  5
a7f
100
AcDbEntity
  8
0
 62
7
100
AcDbSpline
 70
8
 71
3
 72
8
 73
4
 74
0
 40
0
 40
0
 40
0
 40
0
 40
1
 40
1
 40
1
 40
1
 10
121.000000
 20
183.507200
 30
0.0
 10
121.000000
 20
183.639808
 30
0.0
 10
120.947322
 20
183.766985
 30
0.0
 10
120.853553
 20
183.860753
 30
0.0
  0
SPLINE
  5
a80
100
AcDbEntity
  8
0
 62
7
100
AcDbSpline
 70
8
 71
3
 72
8
 73
4
 74
0
 40
0
 40
0
 40
0
 40
0
 40
1
 40
1
 40
1
 40
1
 10
120.853553
 20
183.860753
 30
0.0
 10
120.759785
 20
183.954522
 30
0.0
 10
120.632608
 20
184.007200
 30
0.0
 10
120.500000
 20
184.007200
 30
0.0
  0
LWPOLYLINE
  5
a81
100
AcDbEntity
  8
0
 62
7
100
AcDbPolyline
 90
2
 70
0
 10
108.792970
 20
183.007200
 30
0.0
 10
120.500000
 20
183.007200
 30
0.0
  0
SPLINE
  5
a82
100
AcDbEntity
  8
0
 62
7
100
AcDbSpline
 70
8
 71
3
 72
8
 73
4
 74
0
 40
0
 40
0
 40
0
 40
0
 40
1
 40
1
 40
1
 40
1
 10
120.500000
 20
184.007200
 30
0.0
 10
120.367398
 20
184.007181
 30
0.0
 10
120.240234
 20
183.954490
 30
0.0
 10
120.146480
 20
183.860716
 30
0.0
  0
SPLINE
  5
a83
100
AcDbEntity
  8
0
 62
7
100
AcDbSpline
 70
8
 71
3
 72
8
 73
4
 74
0
 40
0
 40
0
 40
0
 40
0
 40
1
 40
1
 40
1
 40
1
 10
120.146480
 20
183.860716
 30
0.0
 10
119.951268
 20
183.665462
 30
0.0
 10
119.951268
 20
183.348938
 30
0.0
 10
120.146480
 20
183.153684
 30
0.0
  0
LWPOLYLINE
  5
a84
100
AcDbEntity
  8
0
 62
7
100
AcDbPolyline
 90
2
 70
0
 10
120.500000
 20
184.007200
 30
0.0
 10
108.792970
 20
184.007200
 30
0.0
  0
SPLINE
  5
a85
100
AcDbEntity
  8
0
 62
7
100
AcDbSpline
 70
8
 71
3
 72
8
 73
4
 74
0
 40
0
 40
0
 40
0
 40
0
 40
1
 40
1
 40
1
 40
1
 10
125.646480
 20
177.653684
 30
0.0
 10
125.841735
 20
177.458466
 30
0.0
 10
126.158265
 20
177.458466
 30
0.0
 10
126.353520
 20
177.653684
 30
0.0
  0
SPLINE
  5
a86
100
AcDbEntity
  8
0
 62
7
100
AcDbSpline
 70
8
 71
3
 72
8
 73
4
 74
0
 40
0
 40
0
 40
0
 40
0
 40
1
 40
1
 40
1
 40
1
 10
126.353520
 20
177.653684
 30
0.0
 10
126.548732
 20
177.848938
 30
0.0
 10
126.548732
 20
178.165462
 30
0.0
 10
126.353520
 20
178.360716
 30
0.0
  0
LWPOLYLINE
  5
a87
100
AcDbEntity
  8
0
 62
7
100
AcDbPolyline
 90
2
 70
0
 10
120.146480
 20
183.153684
 30
0.0
 10
125.646480
 20
177.653684
 30
0.0
  0
SPLINE
  5
a88
100
AcDbEntity
  8
0
 62
7
100
AcDbSpline
 70
8
 71
3
 72
8
 73
4
 74
0
 40
0
 40
0
 40
0
 40
0
 40
1
 40
1
 40
1
 40
1
 10
120.853520
 20
183.860716
 30
0.0
 10
120.759766
 20
183.954490
 30
0.0
 10
120.632602
 20
184.007181
 30
0.0
 10
120.500000
 20
184.007200
 30
0.0
  0
LWPOLYLINE
  5
a89
100
AcDbEntity
  8
0
 62
7
100
AcDbPolyline
 90
2
 70
0
 10
126.353520
 20
178.360716
 30
0.0
 10
120.853520
 20
183.860716
 30
0.0
  0
SPLINE
  5
a8a
100
AcDbEntity
  8
0
 62
7
100
AcDbSpline
 70
8
 71
3
 72
8
 73
4
 74
0
 40
0
 40
0
 40
0
 40
0
 40
1
 40
1
 40
1
 40
1
 10
22.464844
 20
180.972044
 30
0.0
 10
22.067042
 20
180.971984
 30
0.0
 10
21.685555
 20
180.813909
 30
0.0
 10
21.404297
 20
180.532591
 30
0.0
  0
LWPOLYLINE
  5
a8b
100
AcDbEntity
  8
0
 62
7
100
AcDbPolyline
 90
1
 70
1
 10
120.500000
 20
184.007200
 30
0.0
  0
SPLINE
  5
a8c
100
AcDbEntity
  8
0
 62
7
100
AcDbSpline
 70
8
 71
3
 72
8
 73
4
 74
0
 40
0
 40
0
 40
0
 40
0
 40
1
 40
1
 40
1
 40
1
 10
20.939453
 20
180.067747
 30
0.0
 10
20.353817
 20
179.481986
 30
0.0
 10
20.353817
 20
178.532414
 30
0.0
 10
20.939453
 20
177.946653
 30
0.0
  0
SPLINE
  5
a8d
100
AcDbEntity
  8
0
 62
7
100
AcDbSpline
 70
8
 71
3
 72
8
 73
4
 74
0
 40
0
 40
0
 40
0
 40
0
 40
1
 40
1
 40
1
 40
1
 10
20.939453
 20
177.946653
 30
0.0
 10
21.525214
 20
177.361017
 30
0.0
 10
22.474786
 20
177.361017
 30
0.0
 10
23.060547
 20
177.946653
 30
0.0
  0
LWPOLYLINE
  5
a8e
100
AcDbEntity
  8
0
 62
7
100
AcDbPolyline
 90
2
 70
0
 10
21.404297
 20
180.532591
 30
0.0
 10
20.939453
 20
180.067747
 30
0.0
  0
SPLINE
  5
a8f
100
AcDbEntity
  8
0
 62
7
100
AcDbSpline
 70
8
 71
3
 72
8
 73
4
 74
0
 40
0
 40
0
 40
0
 40
0
 40
1
 40
1
 40
1
 40
1
 10
23.525391
 20
178.411497
 30
0.0
 10
24.111027
 20
178.997258
 30
0.0
 10
24.111027
 20
179.946830
 30
0.0
 10
23.525391
 20
180.532591
 30
0.0
  0
SPLINE
  5
a90
100
AcDbEntity
  8
0
 62
7
100
AcDbSpline
 70
8
 71
3
 72
8
 73
4
 74
0
 40
0
 40
0
 40
0
 40
0
 40
1
 40
1
 40
1
 40
1
 10
23.525391
 20
180.532591
 30
0.0
 10
23.244133
 20
180.813909
 30
0.0
 10
22.862646
 20
180.971984
 30
0.0
 10
22.464844
 20
180.972044
 30
0.0
  0
LWPOLYLINE
  5
a91
100
AcDbEntity
  8
0
 62
7
100
AcDbPolyline
 90
2
 70
0
 10
23.060547
 20
177.946653
 30
0.0
 10
23.525391
 20
178.411497
 30
0.0
  0
SPLINE
  5
a92
100
AcDbEntity
  8
0
 62
7
100
AcDbSpline
 70
8
 71
3
 72
8
 73
4
 74
0
 40
0
 40
0
 40
0
 40
0
 40
1
 40
1
 40
1
 40
1
 10
23.000000
 20
194.507200
 30
0.0
 10
22.602198
 20
194.507140
 30
0.0
 10
22.220711
 20
194.349065
 30
0.0
 10
21.939453
 20
194.067747
 30
0.0
  0
LWPOLYLINE
  5
a93
100
AcDbEntity
  8
0
 62
7
100
AcDbPolyline
 90
1
 70
1
 10
22.464844
 20
180.972044
 30
0.0
  0
SPLINE
  5
a94
100
AcDbEntity
  8
0
 62
7
100
AcDbSpline
 70
8
 71
3
 72
8
 73
4
 74
0
 40
0
 40
0
 40
0
 40
0
 40
1
 40
1
 40
1
 40
1
 10
21.404297
 20
193.532591
 30
0.0
 10
20.818661
 20
192.946830
 30
0.0
 10
20.818661
 20
191.997258
 30
0.0
 10
21.404297
 20
191.411497
 30
0.0
  0
SPLINE
  5
a95
100
AcDbEntity
  8
0
 62
7
100
AcDbSpline
 70
8
 71
3
 72
8
 73
4
 74
0
 40
0
 40
0
 40
0
 40
0
 40
1
 40
1
 40
1
 40
1
 10
21.404297
 20
191.411497
 30
0.0
 10
21.990058
 20
190.825861
 30
0.0
 10
22.939630
 20
190.825861
 30
0.0
 10
23.525391
 20
191.411497
 30
0.0
  0
LWPOLYLINE
  5
a96
100
AcDbEntity
  8
0
 62
7
100
AcDbPolyline
 90
2
 70
0
 10
21.939453
 20
194.067747
 30
0.0
 10
21.404297
 20
193.532591
 30
0.0
  0
SPLINE
  5
a97
100
AcDbEntity
  8
0
 62
7
100
AcDbSpline
 70
8
 71
3
 72
8
 73
4
 74
0
 40
0
 40
0
 40
0
 40
0
 40
1
 40
1
 40
1
 40
1
 10
24.060547
 20
191.946653
 30
0.0
 10
24.646183
 20
192.532414
 30
0.0
 10
24.646183
 20
193.481986
 30
0.0
 10
24.060547
 20
194.067747
 30
0.0
  0
SPLINE
  5
a98
100
AcDbEntity
  8
0
 62
7
100
AcDbSpline
 70
8
 71
3
 72
8
 73
4
 74
0
 40
0
 40
0
 40
0
 40
0
 40
1
 40
1
 40
1
 40
1
 10
24.060547
 20
194.067747
 30
0.0
 10
23.779289
 20
194.349065
 30
0.0
 10
23.397802
 20
194.507140
 30
0.0
 10
23.000000
 20
194.507200
 30
0.0
  0
LWPOLYLINE
  5
a99
100
AcDbEntity
  8
0
 62
7
100
AcDbPolyline
 90
2
 70
0
 10
23.525391
 20
191.411497
 30
0.0
 10
24.060547
 20
191.946653
 30
0.0
  0
SPLINE
  5
a9a
100
AcDbEntity
  8
0
 62
7
100
AcDbSpline
 70
8
 71
3
 72
8
 73
4
 74
0
 40
0
 40
0
 40
0
 40
0
 40
1
 40
1
 40
1
 40
1
 10
23.000000
 20
194.507200
 30
0.0
 10
22.602175
 20
194.507200
 30
0.0
 10
22.220644
 20
194.349165
 30
0.0
 10
21.939340
 20
194.067860
 30
0.0
  0
SPLINE
  5
a9b
100
AcDbEntity
  8
0
 62
7
100
AcDbSpline
 70
8
 71
3
 72
8
 73
4
 74
0
 40
0
 40
0
 40
0
 40
0
 40
1
 40
1
 40
1
 40
1
 10
21.939340
 20
194.067860
 30
0.0
 10
21.658035
 20
193.786556
 30
0.0
 10
21.500000
 20
193.405025
 30
0.0
 10
21.500000
 20
193.007200
 30
0.0
  0
SPLINE
  5
a9c
100
AcDbEntity
  8
0
 62
7
100
AcDbSpline
 70
8
 71
3
 72
8
 73
4
 74
0
 40
0
 40
0
 40
0
 40
0
 40
1
 40
1
 40
1
 40
1
 10
21.500000
 20
193.007200
 30
0.0
 10
21.500000
 20
192.609375
 30
0.0
 10
21.658035
 20
192.227844
 30
0.0
 10
21.939340
 20
191.946540
 30
0.0
  0
SPLINE
  5
a9d
100
AcDbEntity
  8
0
 62
7
100
AcDbSpline
 70
8
 71
3
 72
8
 73
4
 74
0
 40
0
 40
0
 40
0
 40
0
 40
1
 40
1
 40
1
 40
1
 10
21.939340
 20
191.946540
 30
0.0
 10
22.220644
 20
191.665235
 30
0.0
 10
22.602175
 20
191.507200
 30
0.0
 10
23.000000
 20
191.507200
 30
0.0
  0
LWPOLYLINE
  5
a9e
100
AcDbEntity
  8
0
 62
7
100
AcDbPolyline
 90
1
 70
1
 10
23.000000
 20
194.507200
 30
0.0
  0
SPLINE
  5
a9f
100
AcDbEntity
  8
0
 62
7
100
AcDbSpline
 70
8
 71
3
 72
8
 73
4
 74
0
 40
0
 40
0
 40
0
 40
0
 40
1
 40
1
 40
1
 40
1
 10
35.500000
 20
191.507200
 30
0.0
 10
35.897825
 20
191.507200
 30
0.0
 10
36.279356
 20
191.665235
 30
0.0
 10
36.560660
 20
191.946540
 30
0.0
  0
SPLINE
  5
aa0
100
AcDbEntity
  8
0
 62
7
100
AcDbSpline
 70
8
 71
3
 72
8
 73
4
 74
0
 40
0
 40
0
 40
0
 40
0
 40
1
 40
1
 40
1
 40
1
 10
36.560660
 20
191.946540
 30
0.0
 10
36.841965
 20
192.227844
 30
0.0
 10
37.000000
 20
192.609375
 30
0.0
 10
37.000000
 20
193.007200
 30
0.0
  0
SPLINE
  5
aa1
100
AcDbEntity
  8
0
 62
7
100
AcDbSpline
 70
8
 71
3
 72
8
 73
4
 74
0
 40
0
 40
0
 40
0
 40
0
 40
1
 40
1
 40
1
 40
1
 10
37.000000
 20
193.007200
 30
0.0
 10
37.000000
 20
193.405025
 30
0.0
 10
36.841965
 20
193.786556
 30
0.0
 10
36.560660
 20
194.067860
 30
0.0
  0
SPLINE
  5
aa2
100
AcDbEntity
  8
0
 62
7
100
AcDbSpline
 70
8
 71
3
 72
8
 73
4
 74
0
 40
0
 40
0
 40
0
 40
0
 40
1
 40
1
 40
1
 40
1
 10
36.560660
 20
194.067860
 30
0.0
 10
36.279356
 20
194.349165
 30
0.0
 10
35.897825
 20
194.507200
 30
0.0
 10
35.500000
 20
194.507200
 30
0.0
  0
LWPOLYLINE
  5
aa3
100
AcDbEntity
  8
0
 62
7
100
AcDbPolyline
 90
2
 70
0
 10
23.000000
 20
191.507200
 30
0.0
 10
35.500000
 20
191.507200
 30
0.0
  0
SPLINE
  5
aa4
100
AcDbEntity
  8
0
 62
7
100
AcDbSpline
 70
8
 71
3
 72
8
 73
4
 74
0
 40
0
 40
0
 40
0
 40
0
 40
1
 40
1
 40
1
 40
1
 10
22.464844
 20
186.679075
 30
0.0
 10
22.067019
 20
186.679075
 30
0.0
 10
21.685488
 20
186.521040
 30
0.0
 10
21.404184
 20
186.239735
 30
0.0
  0
SPLINE
  5
aa5
100
AcDbEntity
  8
0
 62
7
100
AcDbSpline
 70
8
 71
3
 72
8
 73
4
 74
0
 40
0
 40
0
 40
0
 40
0
 40
1
 40
1
 40
1
 40
1
 10
21.404184
 20
186.239735
 30
0.0
 10
21.122879
 20
185.958431
 30
0.0
 10
20.964844
 20
185.576900
 30
0.0
 10
20.964844
 20
185.179075
 30
0.0
  0
LWPOLYLINE
  5
aa6
100
AcDbEntity
  8
0
 62
7
100
AcDbPolyline
 90
2
 70
0
 10
35.500000
 20
194.507200
 30
0.0
 10
23.000000
 20
194.507200
 30
0.0
  0
SPLINE
  5
aa7
100
AcDbEntity
  8
0
 62
7
100
AcDbSpline
 70
8
 71
3
 72
8
 73
4
 74
0
 40
0
 40
0
 40
0
 40
0
 40
1
 40
1
 40
1
 40
1
 10
20.964844
 20
179.472044
 30
0.0
 10
20.964844
 20
179.074219
 30
0.0
 10
21.122879
 20
178.692688
 30
0.0
 10
21.404184
 20
178.411384
 30
0.0
  0
SPLINE
  5
aa8
100
AcDbEntity
  8
0
 62
7
100
AcDbSpline
 70
8
 71
3
 72
8
 73
4
 74
0
 40
0
 40
0
 40
0
 40
0
 40
1
 40
1
 40
1
 40
1
 10
21.404184
 20
178.411384
 30
0.0
 10
21.685488
 20
178.130079
 30
0.0
 10
22.067019
 20
177.972044
 30
0.0
 10
22.464844
 20
177.972044
 30
0.0
  0
SPLINE
  5
aa9
100
AcDbEntity
  8
0
 62
7
100
AcDbSpline
 70
8
 71
3
 72
8
 73
4
 74
0
 40
0
 40
0
 40
0
 40
0
 40
1
 40
1
 40
1
 40
1
 10
22.464844
 20
177.972044
 30
0.0
 10
22.862669
 20
177.972044
 30
0.0
 10
23.244200
 20
178.130079
 30
0.0
 10
23.525504
 20
178.411384
 30
0.0
  0
SPLINE
  5
aaa
100
AcDbEntity
  8
0
 62
7
100
AcDbSpline
 70
8
 71
3
 72
8
 73
4
 74
0
 40
0
 40
0
 40
0
 40
0
 40
1
 40
1
 40
1
 40
1
 10
23.525504
 20
178.411384
 30
0.0
 10
23.806809
 20
178.692688
 30
0.0
 10
23.964844
 20
179.074219
 30
0.0
 10
23.964844
 20
179.472044
 30
0.0
  0
LWPOLYLINE
  5
aab
100
AcDbEntity
  8
0
 62
7
100
AcDbPolyline
 90
2
 70
0
 10
20.964844
 20
185.179075
 30
0.0
 10
20.964844
 20
179.472044
 30
0.0
  0
SPLINE
  5
aac
100
AcDbEntity
  8
0
 62
7
100
AcDbSpline
 70
8
 71
3
 72
8
 73
4
 74
0
 40
0
 40
0
 40
0
 40
0
 40
1
 40
1
 40
1
 40
1
 10
23.964844
 20
185.179075
 30
0.0
 10
23.964844
 20
185.576900
 30
0.0
 10
23.806809
 20
185.958431
 30
0.0
 10
23.525504
 20
186.239735
 30
0.0
  0
SPLINE
  5
aad
100
AcDbEntity
  8
0
 62
7
100
AcDbSpline
 70
8
 71
3
 72
8
 73
4
 74
0
 40
0
 40
0
 40
0
 40
0
 40
1
 40
1
 40
1
 40
1
 10
23.525504
 20
186.239735
 30
0.0
 10
23.244200
 20
186.521040
 30
0.0
 10
22.862669
 20
186.679075
 30
0.0
 10
22.464844
 20
186.679075
 30
0.0
  0
LWPOLYLINE
  5
aae
100
AcDbEntity
  8
0
 62
7
100
AcDbPolyline
 90
2
 70
0
 10
23.964844
 20
179.472044
 30
0.0
 10
23.964844
 20
185.179075
 30
0.0
  0
SPLINE
  5
aaf
100
AcDbEntity
  8
0
 62
7
100
AcDbSpline
 70
8
 71
3
 72
8
 73
4
 74
0
 40
0
 40
0
 40
0
 40
0
 40
1
 40
1
 40
1
 40
1
 10
22.464844
 20
193.972044
 30
0.0
 10
22.067019
 20
193.972044
 30
0.0
 10
21.685488
 20
193.814009
 30
0.0
 10
21.404184
 20
193.532704
 30
0.0
  0
SPLINE
  5
ab0
100
AcDbEntity
  8
0
 62
7
100
AcDbSpline
 70
8
 71
3
 72
8
 73
4
 74
0
 40
0
 40
0
 40
0
 40
0
 40
1
 40
1
 40
1
 40
1
 10
21.404184
 20
193.532704
 30
0.0
 10
21.122879
 20
193.251400
 30
0.0
 10
20.964844
 20
192.869869
 30
0.0
 10
20.964844
 20
192.472044
 30
0.0
  0
LWPOLYLINE
  5
ab1
100
AcDbEntity
  8
0
 62
7
100
AcDbPolyline
 90
1
 70
1
 10
22.464844
 20
186.679075
 30
0.0
  0
SPLINE
  5
ab2
100
AcDbEntity
  8
0
 62
7
100
AcDbSpline
 70
8
 71
3
 72
8
 73
4
 74
0
 40
0
 40
0
 40
0
 40
0
 40
1
 40
1
 40
1
 40
1
 10
20.964844
 20
185.179075
 30
0.0
 10
20.964844
 20
184.781250
 30
0.0
 10
21.122879
 20
184.399719
 30
0.0
 10
21.404184
 20
184.118415
 30
0.0
  0
SPLINE
  5
ab3
100
AcDbEntity
  8
0
 62
7
100
AcDbSpline
 70
8
 71
3
 72
8
 73
4
 74
0
 40
0
 40
0
 40
0
 40
0
 40
1
 40
1
 40
1
 40
1
 10
21.404184
 20
184.118415
 30
0.0
 10
21.685488
 20
183.837110
 30
0.0
 10
22.067019
 20
183.679075
 30
0.0
 10
22.464844
 20
183.679075
 30
0.0
  0
SPLINE
  5
ab4
100
AcDbEntity
  8
0
 62
7
100
AcDbSpline
 70
8
 71
3
 72
8
 73
4
 74
0
 40
0
 40
0
 40
0
 40
0
 40
1
 40
1
 40
1
 40
1
 10
22.464844
 20
183.679075
 30
0.0
 10
22.862669
 20
183.679075
 30
0.0
 10
23.244200
 20
183.837110
 30
0.0
 10
23.525504
 20
184.118415
 30
0.0
  0
SPLINE
  5
ab5
100
AcDbEntity
  8
0
 62
7
100
AcDbSpline
 70
8
 71
3
 72
8
 73
4
 74
0
 40
0
 40
0
 40
0
 40
0
 40
1
 40
1
 40
1
 40
1
 10
23.525504
 20
184.118415
 30
0.0
 10
23.806809
 20
184.399719
 30
0.0
 10
23.964844
 20
184.781250
 30
0.0
 10
23.964844
 20
185.179075
 30
0.0
  0
LWPOLYLINE
  5
ab6
100
AcDbEntity
  8
0
 62
7
100
AcDbPolyline
 90
2
 70
0
 10
20.964844
 20
192.472044
 30
0.0
 10
20.964844
 20
185.179075
 30
0.0
  0
SPLINE
  5
ab7
100
AcDbEntity
  8
0
 62
7
100
AcDbSpline
 70
8
 71
3
 72
8
 73
4
 74
0
 40
0
 40
0
 40
0
 40
0
 40
1
 40
1
 40
1
 40
1
 10
23.964844
 20
192.472044
 30
0.0
 10
23.964844
 20
192.869869
 30
0.0
 10
23.806809
 20
193.251400
 30
0.0
 10
23.525504
 20
193.532704
 30
0.0
  0
SPLINE
  5
ab8
100
AcDbEntity
  8
0
 62
7
100
AcDbSpline
 70
8
 71
3
 72
8
 73
4
 74
0
 40
0
 40
0
 40
0
 40
0
 40
1
 40
1
 40
1
 40
1
 10
23.525504
 20
193.532704
 30
0.0
 10
23.244200
 20
193.814009
 30
0.0
 10
22.862669
 20
193.972044
 30
0.0
 10
22.464844
 20
193.972044
 30
0.0
  0
LWPOLYLINE
  5
ab9
100
AcDbEntity
  8
0
 62
7
100
AcDbPolyline
 90
2
 70
0
 10
23.964844
 20
185.179075
 30
0.0
 10
23.964844
 20
192.472044
 30
0.0
  0
SPLINE
  5
aba
100
AcDbEntity
  8
0
 62
7
100
AcDbSpline
 70
8
 71
3
 72
8
 73
4
 74
0
 40
0
 40
0
 40
0
 40
0
 40
1
 40
1
 40
1
 40
1
 10
35.500000
 20
194.507200
 30
0.0
 10
35.102198
 20
194.507140
 30
0.0
 10
34.720711
 20
194.349065
 30
0.0
 10
34.439453
 20
194.067747
 30
0.0
  0
SPLINE
  5
abb
100
AcDbEntity
  8
0
 62
7
100
AcDbSpline
 70
8
 71
3
 72
8
 73
4
 74
0
 40
0
 40
0
 40
0
 40
0
 40
1
 40
1
 40
1
 40
1
 10
34.439453
 20
194.067747
 30
0.0
 10
33.853817
 20
193.481986
 30
0.0
 10
33.853817
 20
192.532414
 30
0.0
 10
34.439453
 20
191.946653
 30
0.0
  0
LWPOLYLINE
  5
abc
100
AcDbEntity
  8
0
 62
7
100
AcDbPolyline
 90
1
 70
1
 10
22.464844
 20
193.972044
 30
0.0
  0
SPLINE
  5
abd
100
AcDbEntity
  8
0
 62
7
100
AcDbSpline
 70
8
 71
3
 72
8
 73
4
 74
0
 40
0
 40
0
 40
0
 40
0
 40
1
 40
1
 40
1
 40
1
 10
39.439453
 20
186.946653
 30
0.0
 10
40.025214
 20
186.361017
 30
0.0
 10
40.974786
 20
186.361017
 30
0.0
 10
41.560547
 20
186.946653
 30
0.0
  0
SPLINE
  5
abe
100
AcDbEntity
  8
0
 62
7
100
AcDbSpline
 70
8
 71
3
 72
8
 73
4
 74
0
 40
0
 40
0
 40
0
 40
0
 40
1
 40
1
 40
1
 40
1
 10
41.560547
 20
186.946653
 30
0.0
 10
42.146183
 20
187.532414
 30
0.0
 10
42.146183
 20
188.481986
 30
0.0
 10
41.560547
 20
189.067747
 30
0.0
  0
LWPOLYLINE
  5
abf
100
AcDbEntity
  8
0
 62
7
100
AcDbPolyline
 90
2
 70
0
 10
34.439453
 20
191.946653
 30
0.0
 10
39.439453
 20
186.946653
 30
0.0
  0
SPLINE
  5
ac0
100
AcDbEntity
  8
0
 62
7
100
AcDbSpline
 70
8
 71
3
 72
8
 73
4
 74
0
 40
0
 40
0
 40
0
 40
0
 40
1
 40
1
 40
1
 40
1
 10
36.560547
 20
194.067747
 30
0.0
 10
36.279289
 20
194.349065
 30
0.0
 10
35.897802
 20
194.507140
 30
0.0
 10
35.500000
 20
194.507200
 30
0.0
  0
LWPOLYLINE
  5
ac1
100
AcDbEntity
  8
0
 62
7
100
AcDbPolyline
 90
2
 70
0
 10
41.560547
 20
189.067747
 30
0.0
 10
36.560547
 20
194.067747
 30
0.0
  0
SPLINE
  5
ac2
100
AcDbEntity
  8
0
 62
7
100
AcDbSpline
 70
8
 71
3
 72
8
 73
4
 74
0
 40
0
 40
0
 40
0
 40
0
 40
1
 40
1
 40
1
 40
1
 10
22.000000
 20
181.507200
 30
0.0
 10
21.336959
 20
181.507200
 30
0.0
 10
20.701074
 20
181.243808
 30
0.0
 10
20.232233
 20
180.774967
 30
0.0
  0
SPLINE
  5
ac3
100
AcDbEntity
  8
0
 62
7
100
AcDbSpline
 70
8
 71
3
 72
8
 73
4
 74
0
 40
0
 40
0
 40
0
 40
0
 40
1
 40
1
 40
1
 40
1
 10
20.232233
 20
180.774967
 30
0.0
 10
19.763392
 20
180.306126
 30
0.0
 10
19.500000
 20
179.670241
 30
0.0
 10
19.500000
 20
179.007200
 30
0.0
  0
LWPOLYLINE
  5
ac4
100
AcDbEntity
  8
0
 62
7
100
AcDbPolyline
 90
1
 70
1
 10
35.500000
 20
194.507200
 30
0.0
  0
SPLINE
  5
ac5
100
AcDbEntity
  8
0
 62
7
100
AcDbSpline
 70
8
 71
3
 72
8
 73
4
 74
0
 40
0
 40
0
 40
0
 40
0
 40
1
 40
1
 40
1
 40
1
 10
19.500000
 20
151.007200
 30
0.0
 10
19.500000
 20
150.344159
 30
0.0
 10
19.763392
 20
149.708274
 30
0.0
 10
20.232233
 20
149.239433
 30
0.0
  0
SPLINE
  5
ac6
100
AcDbEntity
  8
0
 62
7
100
AcDbSpline
 70
8
 71
3
 72
8
 73
4
 74
0
 40
0
 40
0
 40
0
 40
0
 40
1
 40
1
 40
1
 40
1
 10
20.232233
 20
149.239433
 30
0.0
 10
20.701074
 20
148.770592
 30
0.0
 10
21.336959
 20
148.507200
 30
0.0
 10
22.000000
 20
148.507200
 30
0.0
  0
SPLINE
  5
ac7
100
AcDbEntity
  8
0
 62
7
100
AcDbSpline
 70
8
 71
3
 72
8
 73
4
 74
0
 40
0
 40
0
 40
0
 40
0
 40
1
 40
1
 40
1
 40
1
 10
22.000000
 20
148.507200
 30
0.0
 10
22.663041
 20
148.507200
 30
0.0
 10
23.298926
 20
148.770592
 30
0.0
 10
23.767767
 20
149.239433
 30
0.0
  0
SPLINE
  5
ac8
100
AcDbEntity
  8
0
 62
7
100
AcDbSpline
 70
8
 71
3
 72
8
 73
4
 74
0
 40
0
 40
0
 40
0
 40
0
 40
1
 40
1
 40
1
 40
1
 10
23.767767
 20
149.239433
 30
0.0
 10
24.236608
 20
149.708274
 30
0.0
 10
24.500000
 20
150.344159
 30
0.0
 10
24.500000
 20
151.007200
 30
0.0
  0
LWPOLYLINE
  5
ac9
100
AcDbEntity
  8
0
 62
7
100
AcDbPolyline
 90
2
 70
0
 10
19.500000
 20
179.007200
 30
0.0
 10
19.500000
 20
151.007200
 30
0.0
  0
SPLINE
  5
aca
100
AcDbEntity
  8
0
 62
7
100
AcDbSpline
 70
8
 71
3
 72
8
 73
4
 74
0
 40
0
 40
0
 40
0
 40
0
 40
1
 40
1
 40
1
 40
1
 10
24.500000
 20
179.007200
 30
0.0
 10
24.500000
 20
179.670241
 30
0.0
 10
24.236608
 20
180.306126
 30
0.0
 10
23.767767
 20
180.774967
 30
0.0
  0
SPLINE
  5
acb
100
AcDbEntity
  8
0
 62
7
100
AcDbSpline
 70
8
 71
3
 72
8
 73
4
 74
0
 40
0
 40
0
 40
0
 40
0
 40
1
 40
1
 40
1
 40
1
 10
23.767767
 20
180.774967
 30
0.0
 10
23.298926
 20
181.243808
 30
0.0
 10
22.663041
 20
181.507200
 30
0.0
 10
22.000000
 20
181.507200
 30
0.0
  0
LWPOLYLINE
  5
acc
100
AcDbEntity
  8
0
 62
7
100
AcDbPolyline
 90
2
 70
0
 10
24.500000
 20
151.007200
 30
0.0
 10
24.500000
 20
179.007200
 30
0.0
  0
SPLINE
  5
acd
100
AcDbEntity
  8
0
 62
7
100
AcDbSpline
 70
8
 71
3
 72
8
 73
4
 74
0
 40
0
 40
0
 40
0
 40
0
 40
1
 40
1
 40
1
 40
1
 10
22.000000
 20
143.507200
 30
0.0
 10
21.336959
 20
143.507200
 30
0.0
 10
20.701074
 20
143.243808
 30
0.0
 10
20.232233
 20
142.774967
 30
0.0
  0
SPLINE
  5
ace
100
AcDbEntity
  8
0
 62
7
100
AcDbSpline
 70
8
 71
3
 72
8
 73
4
 74
0
 40
0
 40
0
 40
0
 40
0
 40
1
 40
1
 40
1
 40
1
 10
20.232233
 20
142.774967
 30
0.0
 10
19.763392
 20
142.306126
 30
0.0
 10
19.500000
 20
141.670241
 30
0.0
 10
19.500000
 20
141.007200
 30
0.0
  0
LWPOLYLINE
  5
acf
100
AcDbEntity
  8
0
 62
7
100
AcDbPolyline
 90
1
 70
1
 10
22.000000
 20
181.507200
 30
0.0
  0
SPLINE
  5
ad0
100
AcDbEntity
  8
0
 62
7
100
AcDbSpline
 70
8
 71
3
 72
8
 73
4
 74
0
 40
0
 40
0
 40
0
 40
0
 40
1
 40
1
 40
1
 40
1
 10
19.500000
 20
131.007200
 30
0.0
 10
19.500000
 20
130.344159
 30
0.0
 10
19.763392
 20
129.708274
 30
0.0
 10
20.232233
 20
129.239433
 30
0.0
  0
SPLINE
  5
ad1
100
AcDbEntity
  8
0
 62
7
100
AcDbSpline
 70
8
 71
3
 72
8
 73
4
 74
0
 40
0
 40
0
 40
0
 40
0
 40
1
 40
1
 40
1
 40
1
 10
20.232233
 20
129.239433
 30
0.0
 10
20.701074
 20
128.770592
 30
0.0
 10
21.336959
 20
128.507200
 30
0.0
 10
22.000000
 20
128.507200
 30
0.0
  0
SPLINE
  5
ad2
100
AcDbEntity
  8
0
 62
7
100
AcDbSpline
 70
8
 71
3
 72
8
 73
4
 74
0
 40
0
 40
0
 40
0
 40
0
 40
1
 40
1
 40
1
 40
1
 10
22.000000
 20
128.507200
 30
0.0
 10
22.663041
 20
128.507200
 30
0.0
 10
23.298926
 20
128.770592
 30
0.0
 10
23.767767
 20
129.239433
 30
0.0
  0
SPLINE
  5
ad3
100
AcDbEntity
  8
0
 62
7
100
AcDbSpline
 70
8
 71
3
 72
8
 73
4
 74
0
 40
0
 40
0
 40
0
 40
0
 40
1
 40
1
 40
1
 40
1
 10
23.767767
 20
129.239433
 30
0.0
 10
24.236608
 20
129.708274
 30
0.0
 10
24.500000
 20
130.344159
 30
0.0
 10
24.500000
 20
131.007200
 30
0.0
  0
LWPOLYLINE
  5
ad4
100
AcDbEntity
  8
0
 62
7
100
AcDbPolyline
 90
2
 70
0
 10
19.500000
 20
141.007200
 30
0.0
 10
19.500000
 20
131.007200
 30
0.0
  0
SPLINE
  5
ad5
100
AcDbEntity
  8
0
 62
7
100
AcDbSpline
 70
8
 71
3
 72
8
 73
4
 74
0
 40
0
 40
0
 40
0
 40
0
 40
1
 40
1
 40
1
 40
1
 10
24.500000
 20
141.007200
 30
0.0
 10
24.500000
 20
141.670241
 30
0.0
 10
24.236608
 20
142.306126
 30
0.0
 10
23.767767
 20
142.774967
 30
0.0
  0
SPLINE
  5
ad6
100
AcDbEntity
  8
0
 62
7
100
AcDbSpline
 70
8
 71
3
 72
8
 73
4
 74
0
 40
0
 40
0
 40
0
 40
0
 40
1
 40
1
 40
1
 40
1
 10
23.767767
 20
142.774967
 30
0.0
 10
23.298926
 20
143.243808
 30
0.0
 10
22.663041
 20
143.507200
 30
0.0
 10
22.000000
 20
143.507200
 30
0.0
  0
LWPOLYLINE
  5
ad7
100
AcDbEntity
  8
0
 62
7
100
AcDbPolyline
 90
2
 70
0
 10
24.500000
 20
131.007200
 30
0.0
 10
24.500000
 20
141.007200
 30
0.0
  0
SPLINE
  5
ad8
100
AcDbEntity
  8
0
 62
7
100
AcDbSpline
 70
8
 71
3
 72
8
 73
4
 74
0
 40
0
 40
0
 40
0
 40
0
 40
1
 40
1
 40
1
 40
1
 10
20.232422
 20
132.774778
 30
0.0
 10
19.256363
 20
131.798511
 30
0.0
 10
19.256363
 20
130.215889
 30
0.0
 10
20.232422
 20
129.239622
 30
0.0
  0
LWPOLYLINE
  5
ad9
100
AcDbEntity
  8
0
 62
7
100
AcDbPolyline
 90
1
 70
1
 10
22.000000
 20
143.507200
 30
0.0
  0
SPLINE
  5
ada
100
AcDbEntity
  8
0
 62
7
100
AcDbSpline
 70
8
 71
3
 72
8
 73
4
 74
0
 40
0
 40
0
 40
0
 40
0
 40
1
 40
1
 40
1
 40
1
 10
25.232422
 20
124.239622
 30
0.0
 10
26.208689
 20
123.263563
 30
0.0
 10
27.791311
 20
123.263563
 30
0.0
 10
28.767578
 20
124.239622
 30
0.0
  0
SPLINE
  5
adb
100
AcDbEntity
  8
0
 62
7
100
AcDbSpline
 70
8
 71
3
 72
8
 73
4
 74
0
 40
0
 40
0
 40
0
 40
0
 40
1
 40
1
 40
1
 40
1
 10
28.767578
 20
124.239622
 30
0.0
 10
29.743637
 20
125.215889
 30
0.0
 10
29.743637
 20
126.798511
 30
0.0
 10
28.767578
 20
127.774778
 30
0.0
  0
LWPOLYLINE
  5
adc
100
AcDbEntity
  8
0
 62
7
100
AcDbPolyline
 90
2
 70
0
 10
20.232422
 20
129.239622
 30
0.0
 10
25.232422
 20
124.239622
 30
0.0
  0
SPLINE
  5
add
100
AcDbEntity
  8
0
 62
7
100
AcDbSpline
 70
8
 71
3
 72
8
 73
4
 74
0
 40
0
 40
0
 40
0
 40
0
 40
1
 40
1
 40
1
 40
1
 10
23.767578
 20
132.774778
 30
0.0
 10
22.791311
 20
133.750837
 30
0.0
 10
21.208689
 20
133.750837
 30
0.0
 10
20.232422
 20
132.774778
 30
0.0
  0
LWPOLYLINE
  5
ade
100
AcDbEntity
  8
0
 62
7
100
AcDbPolyline
 90
2
 70
0
 10
28.767578
 20
127.774778
 30
0.0
 10
23.767578
 20
132.774778
 30
0.0
  0
SPLINE
  5
adf
100
AcDbEntity
  8
0
 62
7
100
AcDbSpline
 70
8
 71
3
 72
8
 73
4
 74
0
 40
0
 40
0
 40
0
 40
0
 40
1
 40
1
 40
1
 40
1
 10
36.000000
 20
170.507200
 30
0.0
 10
35.602175
 20
170.507200
 30
0.0
 10
35.220644
 20
170.349165
 30
0.0
 10
34.939340
 20
170.067860
 30
0.0
  0
SPLINE
  5
ae0
100
AcDbEntity
  8
0
 62
7
100
AcDbSpline
 70
8
 71
3
 72
8
 73
4
 74
0
 40
0
 40
0
 40
0
 40
0
 40
1
 40
1
 40
1
 40
1
 10
34.939340
 20
170.067860
 30
0.0
 10
34.658035
 20
169.786556
 30
0.0
 10
34.500000
 20
169.405025
 30
0.0
 10
34.500000
 20
169.007200
 30
0.0
  0
SPLINE
  5
ae1
100
AcDbEntity
  8
0
 62
7
100
AcDbSpline
 70
8
 71
3
 72
8
 73
4
 74
0
 40
0
 40
0
 40
0
 40
0
 40
1
 40
1
 40
1
 40
1
 10
34.500000
 20
169.007200
 30
0.0
 10
34.500000
 20
168.609375
 30
0.0
 10
34.658035
 20
168.227844
 30
0.0
 10
34.939340
 20
167.946540
 30
0.0
  0
SPLINE
  5
ae2
100
AcDbEntity
  8
0
 62
7
100
AcDbSpline
 70
8
 71
3
 72
8
 73
4
 74
0
 40
0
 40
0
 40
0
 40
0
 40
1
 40
1
 40
1
 40
1
 10
34.939340
 20
167.946540
 30
0.0
 10
35.220644
 20
167.665235
 30
0.0
 10
35.602175
 20
167.507200
 30
0.0
 10
36.000000
 20
167.507200
 30
0.0
  0
LWPOLYLINE
  5
ae3
100
AcDbEntity
  8
0
 62
7
100
AcDbPolyline
 90
1
 70
1
 10
20.232422
 20
132.774778
 30
0.0
  0
SPLINE
  5
ae4
100
AcDbEntity
  8
0
 62
7
100
AcDbSpline
 70
8
 71
3
 72
8
 73
4
 74
0
 40
0
 40
0
 40
0
 40
0
 40
1
 40
1
 40
1
 40
1
 10
69.000000
 20
167.507200
 30
0.0
 10
69.397825
 20
167.507200
 30
0.0
 10
69.779356
 20
167.665235
 30
0.0
 10
70.060660
 20
167.946540
 30
0.0
  0
SPLINE
  5
ae5
100
AcDbEntity
  8
0
 62
7
100
AcDbSpline
 70
8
 71
3
 72
8
 73
4
 74
0
 40
0
 40
0
 40
0
 40
0
 40
1
 40
1
 40
1
 40
1
 10
70.060660
 20
167.946540
 30
0.0
 10
70.341965
 20
168.227844
 30
0.0
 10
70.500000
 20
168.609375
 30
0.0
 10
70.500000
 20
169.007200
 30
0.0
  0
SPLINE
  5
ae6
100
AcDbEntity
  8
0
 62
7
100
AcDbSpline
 70
8
 71
3
 72
8
 73
4
 74
0
 40
0
 40
0
 40
0
 40
0
 40
1
 40
1
 40
1
 40
1
 10
70.500000
 20
169.007200
 30
0.0
 10
70.500000
 20
169.405025
 30
0.0
 10
70.341965
 20
169.786556
 30
0.0
 10
70.060660
 20
170.067860
 30
0.0
  0
SPLINE
  5
ae7
100
AcDbEntity
  8
0
 62
7
100
AcDbSpline
 70
8
 71
3
 72
8
 73
4
 74
0
 40
0
 40
0
 40
0
 40
0
 40
1
 40
1
 40
1
 40
1
 10
70.060660
 20
170.067860
 30
0.0
 10
69.779356
 20
170.349165
 30
0.0
 10
69.397825
 20
170.507200
 30
0.0
 10
69.000000
 20
170.507200
 30
0.0
  0
LWPOLYLINE
  5
ae8
100
AcDbEntity
  8
0
 62
7
100
AcDbPolyline
 90
2
 70
0
 10
36.000000
 20
167.507200
 30
0.0
 10
69.000000
 20
167.507200
 30
0.0
  0
LWPOLYLINE
  5
ae9
100
AcDbEntity
  8
0
 62
7
100
AcDbPolyline
 90
2
 70
0
 10
69.000000
 20
170.507200
 30
0.0
 10
36.000000
 20
170.507200
 30
0.0
  0
SPLINE
  5
aea
100
AcDbEntity
  8
0
 62
7
100
AcDbSpline
 70
8
 71
3
 72
8
 73
4
 74
0
 40
0
 40
0
 40
0
 40
0
 40
1
 40
1
 40
1
 40
1
 10
74.152344
 20
170.067747
 30
0.0
 10
73.566708
 20
169.481986
 30
0.0
 10
73.566708
 20
168.532414
 30
0.0
 10
74.152344
 20
167.946653
 30
0.0
  0
SPLINE
  5
aeb
100
AcDbEntity
  8
0
 62
7
100
AcDbSpline
 70
8
 71
3
 72
8
 73
4
 74
0
 40
0
 40
0
 40
0
 40
0
 40
1
 40
1
 40
1
 40
1
 10
74.152344
 20
167.946653
 30
0.0
 10
74.738104
 20
167.361018
 30
0.0
 10
75.687677
 20
167.361018
 30
0.0
 10
76.273437
 20
167.946653
 30
0.0
  0
LWPOLYLINE
  5
aec
100
AcDbEntity
  8
0
 62
7
100
AcDbPolyline
 90
2
 70
0
 10
78.652344
 20
174.567747
 30
0.0
 10
74.152344
 20
170.067747
 30
0.0
  0
SPLINE
  5
aed
100
AcDbEntity
  8
0
 62
7
100
AcDbSpline
 70
8
 71
3
 72
8
 73
4
 74
0
 40
0
 40
0
 40
0
 40
0
 40
1
 40
1
 40
1
 40
1
 10
80.773437
 20
172.446653
 30
0.0
 10
81.359073
 20
173.032414
 30
0.0
 10
81.359073
 20
173.981986
 30
0.0
 10
80.773437
 20
174.567747
 30
0.0
  0
SPLINE
  5
aee
100
AcDbEntity
  8
0
 62
7
100
AcDbSpline
 70
8
 71
3
 72
8
 73
4
 74
0
 40
0
 40
0
 40
0
 40
0
 40
1
 40
1
 40
1
 40
1
 10
80.773437
 20
174.567747
 30
0.0
 10
80.187677
 20
175.153382
 30
0.0
 10
79.238104
 20
175.153382
 30
0.0
 10
78.652344
 20
174.567747
 30
0.0
  0
LWPOLYLINE
  5
aef
100
AcDbEntity
  8
0
 62
7
100
AcDbPolyline
 90
2
 70
0
 10
76.273437
 20
167.946653
 30
0.0
 10
80.773437
 20
172.446653
 30
0.0
  0
SPLINE
  5
af0
100
AcDbEntity
  8
0
 62
7
100
AcDbSpline
 70
8
 71
3
 72
8
 73
4
 74
0
 40
0
 40
0
 40
0
 40
0
 40
1
 40
1
 40
1
 40
1
 10
36.000000
 20
176.507200
 30
0.0
 10
35.336959
 20
176.507200
 30
0.0
 10
34.701074
 20
176.243808
 30
0.0
 10
34.232233
 20
175.774967
 30
0.0
  0
SPLINE
  5
af1
100
AcDbEntity
  8
0
 62
7
100
AcDbSpline
 70
8
 71
3
 72
8
 73
4
 74
0
 40
0
 40
0
 40
0
 40
0
 40
1
 40
1
 40
1
 40
1
 10
34.232233
 20
175.774967
 30
0.0
 10
33.763392
 20
175.306126
 30
0.0
 10
33.500000
 20
174.670241
 30
0.0
 10
33.500000
 20
174.007200
 30
0.0
  0
LWPOLYLINE
  5
af2
100
AcDbEntity
  8
0
 62
7
100
AcDbPolyline
 90
1
 70
1
 10
78.652344
 20
174.567747
 30
0.0
  0
SPLINE
  5
af3
100
AcDbEntity
  8
0
 62
7
100
AcDbSpline
 70
8
 71
3
 72
8
 73
4
 74
0
 40
0
 40
0
 40
0
 40
0
 40
1
 40
1
 40
1
 40
1
 10
33.500000
 20
120.007200
 30
0.0
 10
33.500000
 20
119.344159
 30
0.0
 10
33.763392
 20
118.708274
 30
0.0
 10
34.232233
 20
118.239433
 30
0.0
  0
SPLINE
  5
af4
100
AcDbEntity
  8
0
 62
7
100
AcDbSpline
 70
8
 71
3
 72
8
 73
4
 74
0
 40
0
 40
0
 40
0
 40
0
 40
1
 40
1
 40
1
 40
1
 10
34.232233
 20
118.239433
 30
0.0
 10
34.701074
 20
117.770592
 30
0.0
 10
35.336959
 20
117.507200
 30
0.0
 10
36.000000
 20
117.507200
 30
0.0
  0
SPLINE
  5
af5
100
AcDbEntity
  8
0
 62
7
100
AcDbSpline
 70
8
 71
3
 72
8
 73
4
 74
0
 40
0
 40
0
 40
0
 40
0
 40
1
 40
1
 40
1
 40
1
 10
36.000000
 20
117.507200
 30
0.0
 10
36.663041
 20
117.507200
 30
0.0
 10
37.298926
 20
117.770592
 30
0.0
 10
37.767767
 20
118.239433
 30
0.0
  0
SPLINE
  5
af6
100
AcDbEntity
  8
0
 62
7
100
AcDbSpline
 70
8
 71
3
 72
8
 73
4
 74
0
 40
0
 40
0
 40
0
 40
0
 40
1
 40
1
 40
1
 40
1
 10
37.767767
 20
118.239433
 30
0.0
 10
38.236608
 20
118.708274
 30
0.0
 10
38.500000
 20
119.344159
 30
0.0
 10
38.500000
 20
120.007200
 30
0.0
  0
LWPOLYLINE
  5
af7
100
AcDbEntity
  8
0
 62
7
100
AcDbPolyline
 90
2
 70
0
 10
33.500000
 20
174.007200
 30
0.0
 10
33.500000
 20
120.007200
 30
0.0
  0
SPLINE
  5
af8
100
AcDbEntity
  8
0
 62
7
100
AcDbSpline
 70
8
 71
3
 72
8
 73
4
 74
0
 40
0
 40
0
 40
0
 40
0
 40
1
 40
1
 40
1
 40
1
 10
38.500000
 20
174.007200
 30
0.0
 10
38.500000
 20
174.670241
 30
0.0
 10
38.236608
 20
175.306126
 30
0.0
 10
37.767767
 20
175.774967
 30
0.0
  0
SPLINE
  5
af9
100
AcDbEntity
  8
0
 62
7
100
AcDbSpline
 70
8
 71
3
 72
8
 73
4
 74
0
 40
0
 40
0
 40
0
 40
0
 40
1
 40
1
 40
1
 40
1
 10
37.767767
 20
175.774967
 30
0.0
 10
37.298926
 20
176.243808
 30
0.0
 10
36.663041
 20
176.507200
 30
0.0
 10
36.000000
 20
176.507200
 30
0.0
  0
LWPOLYLINE
  5
afa
100
AcDbEntity
  8
0
 62
7
100
AcDbPolyline
 90
2
 70
0
 10
38.500000
 20
120.007200
 30
0.0
 10
38.500000
 20
174.007200
 30
0.0
  0
SPLINE
  5
afb
100
AcDbEntity
  8
0
 62
7
100
AcDbSpline
 70
8
 71
3
 72
8
 73
4
 74
0
 40
0
 40
0
 40
0
 40
0
 40
1
 40
1
 40
1
 40
1
 10
69.000000
 20
176.507200
 30
0.0
 10
68.602175
 20
176.507200
 30
0.0
 10
68.220644
 20
176.349165
 30
0.0
 10
67.939340
 20
176.067860
 30
0.0
  0
SPLINE
  5
afc
100
AcDbEntity
  8
0
 62
7
100
AcDbSpline
 70
8
 71
3
 72
8
 73
4
 74
0
 40
0
 40
0
 40
0
 40
0
 40
1
 40
1
 40
1
 40
1
 10
67.939340
 20
176.067860
 30
0.0
 10
67.658035
 20
175.786556
 30
0.0
 10
67.500000
 20
175.405025
 30
0.0
 10
67.500000
 20
175.007200
 30
0.0
  0
LWPOLYLINE
  5
afd
100
AcDbEntity
  8
0
 62
7
100
AcDbPolyline
 90
1
 70
1
 10
36.000000
 20
176.507200
 30
0.0
  0
SPLINE
  5
afe
100
AcDbEntity
  8
0
 62
7
100
AcDbSpline
 70
8
 71
3
 72
8
 73
4
 74
0
 40
0
 40
0
 40
0
 40
0
 40
1
 40
1
 40
1
 40
1
 10
67.500000
 20
169.007200
 30
0.0
 10
67.500000
 20
168.609375
 30
0.0
 10
67.658035
 20
168.227844
 30
0.0
 10
67.939340
 20
167.946540
 30
0.0
  0
SPLINE
  5
aff
100
AcDbEntity
  8
0
 62
7
100
AcDbSpline
 70
8
 71
3
 72
8
 73
4
 74
0
 40
0
 40
0
 40
0
 40
0
 40
1
 40
1
 40
1
 40
1
 10
67.939340
 20
167.946540
 30
0.0
 10
68.220644
 20
167.665235
 30
0.0
 10
68.602175
 20
167.507200
 30
0.0
 10
69.000000
 20
167.507200
 30
0.0
  0
SPLINE
  5
b00
100
AcDbEntity
  8
0
 62
7
100
AcDbSpline
 70
8
 71
3
 72
8
 73
4
 74
0
 40
0
 40
0
 40
0
 40
0
 40
1
 40
1
 40
1
 40
1
 10
69.000000
 20
167.507200
 30
0.0
 10
69.397825
 20
167.507200
 30
0.0
 10
69.779356
 20
167.665235
 30
0.0
 10
70.060660
 20
167.946540
 30
0.0
  0
SPLINE
  5
b01
100
AcDbEntity
  8
0
 62
7
100
AcDbSpline
 70
8
 71
3
 72
8
 73
4
 74
0
 40
0
 40
0
 40
0
 40
0
 40
1
 40
1
 40
1
 40
1
 10
70.060660
 20
167.946540
 30
0.0
 10
70.341965
 20
168.227844
 30
0.0
 10
70.500000
 20
168.609375
 30
0.0
 10
70.500000
 20
169.007200
 30
0.0
  0
LWPOLYLINE
  5
b02
100
AcDbEntity
  8
0
 62
7
100
AcDbPolyline
 90
2
 70
0
 10
67.500000
 20
175.007200
 30
0.0
 10
67.500000
 20
169.007200
 30
0.0
  0
SPLINE
  5
b03
100
AcDbEntity
  8
0
 62
7
100
AcDbSpline
 70
8
 71
3
 72
8
 73
4
 74
0
 40
0
 40
0
 40
0
 40
0
 40
1
 40
1
 40
1
 40
1
 10
70.500000
 20
175.007200
 30
0.0
 10
70.500000
 20
175.405025
 30
0.0
 10
70.341965
 20
175.786556
 30
0.0
 10
70.060660
 20
176.067860
 30
0.0
  0
SPLINE
  5
b04
100
AcDbEntity
  8
0
 62
7
100
AcDbSpline
 70
8
 71
3
 72
8
 73
4
 74
0
 40
0
 40
0
 40
0
 40
0
 40
1
 40
1
 40
1
 40
1
 10
70.060660
 20
176.067860
 30
0.0
 10
69.779356
 20
176.349165
 30
0.0
 10
69.397825
 20
176.507200
 30
0.0
 10
69.000000
 20
176.507200
 30
0.0
  0
LWPOLYLINE
  5
b05
100
AcDbEntity
  8
0
 62
7
100
AcDbPolyline
 90
2
 70
0
 10
70.500000
 20
169.007200
 30
0.0
 10
70.500000
 20
175.007200
 30
0.0
  0
SPLINE
  5
b06
100
AcDbEntity
  8
0
 62
7
100
AcDbSpline
 70
8
 71
3
 72
8
 73
4
 74
0
 40
0
 40
0
 40
0
 40
0
 40
1
 40
1
 40
1
 40
1
 10
34.232422
 20
121.774778
 30
0.0
 10
33.256363
 20
120.798511
 30
0.0
 10
33.256363
 20
119.215889
 30
0.0
 10
34.232422
 20
118.239622
 30
0.0
  0
LWPOLYLINE
  5
b07
100
AcDbEntity
  8
0
 62
7
100
AcDbPolyline
 90
1
 70
1
 10
69.000000
 20
176.507200
 30
0.0
  0
SPLINE
  5
b08
100
AcDbEntity
  8
0
 62
7
100
AcDbSpline
 70
8
 71
3
 72
8
 73
4
 74
0
 40
0
 40
0
 40
0
 40
0
 40
1
 40
1
 40
1
 40
1
 10
43.232422
 20
109.239620
 30
0.0
 10
44.208689
 20
108.263561
 30
0.0
 10
45.791311
 20
108.263561
 30
0.0
 10
46.767578
 20
109.239620
 30
0.0
  0
SPLINE
  5
b09
100
AcDbEntity
  8
0
 62
7
100
AcDbSpline
 70
8
 71
3
 72
8
 73
4
 74
0
 40
0
 40
0
 40
0
 40
0
 40
1
 40
1
 40
1
 40
1
 10
46.767578
 20
109.239620
 30
0.0
 10
47.743638
 20
110.215888
 30
0.0
 10
47.743638
 20
111.798510
 30
0.0
 10
46.767578
 20
112.774778
 30
0.0
  0
LWPOLYLINE
  5
b0a
100
AcDbEntity
  8
0
 62
7
100
AcDbPolyline
 90
2
 70
0
 10
34.232422
 20
118.239622
 30
0.0
 10
43.232422
 20
109.239620
 30
0.0
  0
SPLINE
  5
b0b
100
AcDbEntity
  8
0
 62
7
100
AcDbSpline
 70
8
 71
3
 72
8
 73
4
 74
0
 40
0
 40
0
 40
0
 40
0
 40
1
 40
1
 40
1
 40
1
 10
37.767578
 20
121.774778
 30
0.0
 10
36.791311
 20
122.750837
 30
0.0
 10
35.208689
 20
122.750837
 30
0.0
 10
34.232422
 20
121.774778
 30
0.0
  0
LWPOLYLINE
  5
b0c
100
AcDbEntity
  8
0
 62
7
100
AcDbPolyline
 90
2
 70
0
 10
46.767578
 20
112.774778
 30
0.0
 10
37.767578
 20
121.774778
 30
0.0
  0
SPLINE
  5
b0d
100
AcDbEntity
  8
0
 62
7
100
AcDbSpline
 70
8
 71
3
 72
8
 73
4
 74
0
 40
0
 40
0
 40
0
 40
0
 40
1
 40
1
 40
1
 40
1
 10
36.000000
 20
183.507200
 30
0.0
 10
35.336959
 20
183.507200
 30
0.0
 10
34.701074
 20
183.243808
 30
0.0
 10
34.232233
 20
182.774967
 30
0.0
  0
SPLINE
  5
b0e
100
AcDbEntity
  8
0
 62
7
100
AcDbSpline
 70
8
 71
3
 72
8
 73
4
 74
0
 40
0
 40
0
 40
0
 40
0
 40
1
 40
1
 40
1
 40
1
 10
34.232233
 20
182.774967
 30
0.0
 10
33.763392
 20
182.306126
 30
0.0
 10
33.500000
 20
181.670241
 30
0.0
 10
33.500000
 20
181.007200
 30
0.0
  0
LWPOLYLINE
  5
b0f
100
AcDbEntity
  8
0
 62
7
100
AcDbPolyline
 90
1
 70
1
 10
34.232422
 20
121.774778
 30
0.0
  0
SPLINE
  5
b10
100
AcDbEntity
  8
0
 62
7
100
AcDbSpline
 70
8
 71
3
 72
8
 73
4
 74
0
 40
0
 40
0
 40
0
 40
0
 40
1
 40
1
 40
1
 40
1
 10
33.500000
 20
174.007200
 30
0.0
 10
33.500000
 20
173.344159
 30
0.0
 10
33.763392
 20
172.708274
 30
0.0
 10
34.232233
 20
172.239433
 30
0.0
  0
SPLINE
  5
b11
100
AcDbEntity
  8
0
 62
7
100
AcDbSpline
 70
8
 71
3
 72
8
 73
4
 74
0
 40
0
 40
0
 40
0
 40
0
 40
1
 40
1
 40
1
 40
1
 10
34.232233
 20
172.239433
 30
0.0
 10
34.701074
 20
171.770592
 30
0.0
 10
35.336959
 20
171.507200
 30
0.0
 10
36.000000
 20
171.507200
 30
0.0
  0
SPLINE
  5
b12
100
AcDbEntity
  8
0
 62
7
100
AcDbSpline
 70
8
 71
3
 72
8
 73
4
 74
0
 40
0
 40
0
 40
0
 40
0
 40
1
 40
1
 40
1
 40
1
 10
36.000000
 20
171.507200
 30
0.0
 10
36.663041
 20
171.507200
 30
0.0
 10
37.298926
 20
171.770592
 30
0.0
 10
37.767767
 20
172.239433
 30
0.0
  0
SPLINE
  5
b13
100
AcDbEntity
  8
0
 62
7
100
AcDbSpline
 70
8
 71
3
 72
8
 73
4
 74
0
 40
0
 40
0
 40
0
 40
0
 40
1
 40
1
 40
1
 40
1
 10
37.767767
 20
172.239433
 30
0.0
 10
38.236608
 20
172.708274
 30
0.0
 10
38.500000
 20
173.344159
 30
0.0
 10
38.500000
 20
174.007200
 30
0.0
  0
LWPOLYLINE
  5
b14
100
AcDbEntity
  8
0
 62
7
100
AcDbPolyline
 90
2
 70
0
 10
33.500000
 20
181.007200
 30
0.0
 10
33.500000
 20
174.007200
 30
0.0
  0
SPLINE
  5
b15
100
AcDbEntity
  8
0
 62
7
100
AcDbSpline
 70
8
 71
3
 72
8
 73
4
 74
0
 40
0
 40
0
 40
0
 40
0
 40
1
 40
1
 40
1
 40
1
 10
38.500000
 20
181.007200
 30
0.0
 10
38.500000
 20
181.670241
 30
0.0
 10
38.236608
 20
182.306126
 30
0.0
 10
37.767767
 20
182.774967
 30
0.0
  0
SPLINE
  5
b16
100
AcDbEntity
  8
0
 62
7
100
AcDbSpline
 70
8
 71
3
 72
8
 73
4
 74
0
 40
0
 40
0
 40
0
 40
0
 40
1
 40
1
 40
1
 40
1
 10
37.767767
 20
182.774967
 30
0.0
 10
37.298926
 20
183.243808
 30
0.0
 10
36.663041
 20
183.507200
 30
0.0
 10
36.000000
 20
183.507200
 30
0.0
  0
LWPOLYLINE
  5
b17
100
AcDbEntity
  8
0
 62
7
100
AcDbPolyline
 90
2
 70
0
 10
38.500000
 20
174.007200
 30
0.0
 10
38.500000
 20
181.007200
 30
0.0
  0
SPLINE
  5
b18
100
AcDbEntity
  8
0
 62
7
100
AcDbSpline
 70
8
 71
3
 72
8
 73
4
 74
0
 40
0
 40
0
 40
0
 40
0
 40
1
 40
1
 40
1
 40
1
 10
30.060547
 20
186.946653
 30
0.0
 10
29.084488
 20
185.970386
 30
0.0
 10
29.084488
 20
184.387764
 30
0.0
 10
30.060547
 20
183.411497
 30
0.0
  0
LWPOLYLINE
  5
b19
100
AcDbEntity
  8
0
 62
7
100
AcDbPolyline
 90
1
 70
1
 10
36.000000
 20
183.507200
 30
0.0
  0
SPLINE
  5
b1a
100
AcDbEntity
  8
0
 62
7
100
AcDbSpline
 70
8
 71
3
 72
8
 73
4
 74
0
 40
0
 40
0
 40
0
 40
0
 40
1
 40
1
 40
1
 40
1
 10
34.232422
 20
179.239622
 30
0.0
 10
35.208689
 20
178.263563
 30
0.0
 10
36.791311
 20
178.263563
 30
0.0
 10
37.767578
 20
179.239622
 30
0.0
  0
SPLINE
  5
b1b
100
AcDbEntity
  8
0
 62
7
100
AcDbSpline
 70
8
 71
3
 72
8
 73
4
 74
0
 40
0
 40
0
 40
0
 40
0
 40
1
 40
1
 40
1
 40
1
 10
37.767578
 20
179.239622
 30
0.0
 10
38.743637
 20
180.215889
 30
0.0
 10
38.743637
 20
181.798511
 30
0.0
 10
37.767578
 20
182.774778
 30
0.0
  0
LWPOLYLINE
  5
b1c
100
AcDbEntity
  8
0
 62
7
100
AcDbPolyline
 90
2
 70
0
 10
30.060547
 20
183.411497
 30
0.0
 10
34.232422
 20
179.239622
 30
0.0
  0
SPLINE
  5
b1d
100
AcDbEntity
  8
0
 62
7
100
AcDbSpline
 70
8
 71
3
 72
8
 73
4
 74
0
 40
0
 40
0
 40
0
 40
0
 40
1
 40
1
 40
1
 40
1
 10
33.595703
 20
186.946653
 30
0.0
 10
32.619436
 20
187.922712
 30
0.0
 10
31.036814
 20
187.922712
 30
0.0
 10
30.060547
 20
186.946653
 30
0.0
  0
LWPOLYLINE
  5
b1e
100
AcDbEntity
  8
0
 62
7
100
AcDbPolyline
 90
2
 70
0
 10
37.767578
 20
182.774778
 30
0.0
 10
33.595703
 20
186.946653
 30
0.0
  0
SPLINE
  5
b1f
100
AcDbEntity
  8
0
 62
7
100
AcDbSpline
 70
8
 71
3
 72
8
 73
4
 74
0
 40
0
 40
0
 40
0
 40
0
 40
1
 40
1
 40
1
 40
1
 10
69.000000
 20
170.507200
 30
0.0
 10
68.602175
 20
170.507200
 30
0.0
 10
68.220644
 20
170.349165
 30
0.0
 10
67.939340
 20
170.067860
 30
0.0
  0
SPLINE
  5
b20
100
AcDbEntity
  8
0
 62
7
100
AcDbSpline
 70
8
 71
3
 72
8
 73
4
 74
0
 40
0
 40
0
 40
0
 40
0
 40
1
 40
1
 40
1
 40
1
 10
67.939340
 20
170.067860
 30
0.0
 10
67.658035
 20
169.786556
 30
0.0
 10
67.500000
 20
169.405025
 30
0.0
 10
67.500000
 20
169.007200
 30
0.0
  0
SPLINE
  5
b21
100
AcDbEntity
  8
0
 62
7
100
AcDbSpline
 70
8
 71
3
 72
8
 73
4
 74
0
 40
0
 40
0
 40
0
 40
0
 40
1
 40
1
 40
1
 40
1
 10
67.500000
 20
169.007200
 30
0.0
 10
67.500000
 20
168.609375
 30
0.0
 10
67.658035
 20
168.227844
 30
0.0
 10
67.939340
 20
167.946540
 30
0.0
  0
SPLINE
  5
b22
100
AcDbEntity
  8
0
 62
7
100
AcDbSpline
 70
8
 71
3
 72
8
 73
4
 74
0
 40
0
 40
0
 40
0
 40
0
 40
1
 40
1
 40
1
 40
1
 10
67.939340
 20
167.946540
 30
0.0
 10
68.220644
 20
167.665235
 30
0.0
 10
68.602175
 20
167.507200
 30
0.0
 10
69.000000
 20
167.507200
 30
0.0
  0
LWPOLYLINE
  5
b23
100
AcDbEntity
  8
0
 62
7
100
AcDbPolyline
 90
1
 70
1
 10
30.060547
 20
186.946653
 30
0.0
  0
SPLINE
  5
b24
100
AcDbEntity
  8
0
 62
7
100
AcDbSpline
 70
8
 71
3
 72
8
 73
4
 74
0
 40
0
 40
0
 40
0
 40
0
 40
1
 40
1
 40
1
 40
1
 10
75.212891
 20
167.507200
 30
0.0
 10
75.610716
 20
167.507200
 30
0.0
 10
75.992247
 20
167.665235
 30
0.0
 10
76.273551
 20
167.946540
 30
0.0
  0
SPLINE
  5
b25
100
AcDbEntity
  8
0
 62
7
100
AcDbSpline
 70
8
 71
3
 72
8
 73
4
 74
0
 40
0
 40
0
 40
0
 40
0
 40
1
 40
1
 40
1
 40
1
 10
76.273551
 20
167.946540
 30
0.0
 10
76.554856
 20
168.227844
 30
0.0
 10
76.712891
 20
168.609375
 30
0.0
 10
76.712891
 20
169.007200
 30
0.0
  0
SPLINE
  5
b26
100
AcDbEntity
  8
0
 62
7
100
AcDbSpline
 70
8
 71
3
 72
8
 73
4
 74
0
 40
0
 40
0
 40
0
 40
0
 40
1
 40
1
 40
1
 40
1
 10
76.712891
 20
169.007200
 30
0.0
 10
76.712891
 20
169.405025
 30
0.0
 10
76.554856
 20
169.786556
 30
0.0
 10
76.273551
 20
170.067860
 30
0.0
  0
SPLINE
  5
b27
100
AcDbEntity
  8
0
 62
7
100
AcDbSpline
 70
8
 71
3
 72
8
 73
4
 74
0
 40
0
 40
0
 40
0
 40
0
 40
1
 40
1
 40
1
 40
1
 10
76.273551
 20
170.067860
 30
0.0
 10
75.992247
 20
170.349165
 30
0.0
 10
75.610716
 20
170.507200
 30
0.0
 10
75.212891
 20
170.507200
 30
0.0
  0
LWPOLYLINE
  5
b28
100
AcDbEntity
  8
0
 62
7
100
AcDbPolyline
 90
2
 70
0
 10
69.000000
 20
167.507200
 30
0.0
 10
75.212891
 20
167.507200
 30
0.0
  0
SPLINE
  5
b29
100
AcDbEntity
  8
0
 62
7
100
AcDbSpline
 70
8
 71
3
 72
8
 73
4
 74
0
 40
0
 40
0
 40
0
 40
0
 40
1
 40
1
 40
1
 40
1
 10
27.544922
 20
186.679075
 30
0.0
 10
27.147097
 20
186.679075
 30
0.0
 10
26.765566
 20
186.521040
 30
0.0
 10
26.484262
 20
186.239735
 30
0.0
  0
SPLINE
  5
b2a
100
AcDbEntity
  8
0
 62
7
100
AcDbSpline
 70
8
 71
3
 72
8
 73
4
 74
0
 40
0
 40
0
 40
0
 40
0
 40
1
 40
1
 40
1
 40
1
 10
26.484262
 20
186.239735
 30
0.0
 10
26.202957
 20
185.958431
 30
0.0
 10
26.044922
 20
185.576900
 30
0.0
 10
26.044922
 20
185.179075
 30
0.0
  0
SPLINE
  5
b2b
100
AcDbEntity
  8
0
 62
7
100
AcDbSpline
 70
8
 71
3
 72
8
 73
4
 74
0
 40
0
 40
0
 40
0
 40
0
 40
1
 40
1
 40
1
 40
1
 10
26.044922
 20
185.179075
 30
0.0
 10
26.044922
 20
184.781250
 30
0.0
 10
26.202957
 20
184.399719
 30
0.0
 10
26.484262
 20
184.118415
 30
0.0
  0
SPLINE
  5
b2c
100
AcDbEntity
  8
0
 62
7
100
AcDbSpline
 70
8
 71
3
 72
8
 73
4
 74
0
 40
0
 40
0
 40
0
 40
0
 40
1
 40
1
 40
1
 40
1
 10
26.484262
 20
184.118415
 30
0.0
 10
26.765566
 20
183.837110
 30
0.0
 10
27.147097
 20
183.679075
 30
0.0
 10
27.544922
 20
183.679075
 30
0.0
  0
LWPOLYLINE
  5
b2d
100
AcDbEntity
  8
0
 62
7
100
AcDbPolyline
 90
2
 70
0
 10
75.212891
 20
170.507200
 30
0.0
 10
69.000000
 20
170.507200
 30
0.0
  0
SPLINE
  5
b2e
100
AcDbEntity
  8
0
 62
7
100
AcDbSpline
 70
8
 71
3
 72
8
 73
4
 74
0
 40
0
 40
0
 40
0
 40
0
 40
1
 40
1
 40
1
 40
1
 10
31.828125
 20
183.679075
 30
0.0
 10
32.225950
 20
183.679075
 30
0.0
 10
32.607481
 20
183.837110
 30
0.0
 10
32.888785
 20
184.118415
 30
0.0
  0
SPLINE
  5
b2f
100
AcDbEntity
  8
0
 62
7
100
AcDbSpline
 70
8
 71
3
 72
8
 73
4
 74
0
 40
0
 40
0
 40
0
 40
0
 40
1
 40
1
 40
1
 40
1
 10
32.888785
 20
184.118415
 30
0.0
 10
33.170090
 20
184.399719
 30
0.0
 10
33.328125
 20
184.781250
 30
0.0
 10
33.328125
 20
185.179075
 30
0.0
  0
SPLINE
  5
b30
100
AcDbEntity
  8
0
 62
7
100
AcDbSpline
 70
8
 71
3
 72
8
 73
4
 74
0
 40
0
 40
0
 40
0
 40
0
 40
1
 40
1
 40
1
 40
1
 10
33.328125
 20
185.179075
 30
0.0
 10
33.328125
 20
185.576900
 30
0.0
 10
33.170090
 20
185.958431
 30
0.0
 10
32.888785
 20
186.239735
 30
0.0
  0
SPLINE
  5
b31
100
AcDbEntity
  8
0
 62
7
100
AcDbSpline
 70
8
 71
3
 72
8
 73
4
 74
0
 40
0
 40
0
 40
0
 40
0
 40
1
 40
1
 40
1
 40
1
 10
32.888785
 20
186.239735
 30
0.0
 10
32.607481
 20
186.521040
 30
0.0
 10
32.225950
 20
186.679075
 30
0.0
 10
31.828125
 20
186.679075
 30
0.0
  0
LWPOLYLINE
  5
b32
100
AcDbEntity
  8
0
 62
7
100
AcDbPolyline
 90
2
 70
0
 10
27.544922
 20
183.679075
 30
0.0
 10
31.828125
 20
183.679075
 30
0.0
  0
SPLINE
  5
b33
100
AcDbEntity
  8
0
 62
7
100
AcDbSpline
 70
8
 71
3
 72
8
 73
4
 74
0
 40
0
 40
0
 40
0
 40
0
 40
1
 40
1
 40
1
 40
1
 10
45.000000
 20
113.507200
 30
0.0
 10
44.336959
 20
113.507200
 30
0.0
 10
43.701074
 20
113.243808
 30
0.0
 10
43.232233
 20
112.774967
 30
0.0
  0
SPLINE
  5
b34
100
AcDbEntity
  8
0
 62
7
100
AcDbSpline
 70
8
 71
3
 72
8
 73
4
 74
0
 40
0
 40
0
 40
0
 40
0
 40
1
 40
1
 40
1
 40
1
 10
43.232233
 20
112.774967
 30
0.0
 10
42.763392
 20
112.306126
 30
0.0
 10
42.500000
 20
111.670241
 30
0.0
 10
42.500000
 20
111.007200
 30
0.0
  0
LWPOLYLINE
  5
b35
100
AcDbEntity
  8
0
 62
7
100
AcDbPolyline
 90
2
 70
0
 10
31.828125
 20
186.679075
 30
0.0
 10
27.544922
 20
186.679075
 30
0.0
  0
SPLINE
  5
b36
100
AcDbEntity
  8
0
 62
7
100
AcDbSpline
 70
8
 71
3
 72
8
 73
4
 74
0
 40
0
 40
0
 40
0
 40
0
 40
1
 40
1
 40
1
 40
1
 10
42.500000
 20
108.007200
 30
0.0
 10
42.500000
 20
107.344159
 30
0.0
 10
42.763392
 20
106.708274
 30
0.0
 10
43.232233
 20
106.239433
 30
0.0
  0
SPLINE
  5
b37
100
AcDbEntity
  8
0
 62
7
100
AcDbSpline
 70
8
 71
3
 72
8
 73
4
 74
0
 40
0
 40
0
 40
0
 40
0
 40
1
 40
1
 40
1
 40
1
 10
43.232233
 20
106.239433
 30
0.0
 10
43.701074
 20
105.770592
 30
0.0
 10
44.336959
 20
105.507200
 30
0.0
 10
45.000000
 20
105.507200
 30
0.0
  0
SPLINE
  5
b38
100
AcDbEntity
  8
0
 62
7
100
AcDbSpline
 70
8
 71
3
 72
8
 73
4
 74
0
 40
0
 40
0
 40
0
 40
0
 40
1
 40
1
 40
1
 40
1
 10
45.000000
 20
105.507200
 30
0.0
 10
45.663041
 20
105.507200
 30
0.0
 10
46.298926
 20
105.770592
 30
0.0
 10
46.767767
 20
106.239433
 30
0.0
  0
SPLINE
  5
b39
100
AcDbEntity
  8
0
 62
7
100
AcDbSpline
 70
8
 71
3
 72
8
 73
4
 74
0
 40
0
 40
0
 40
0
 40
0
 40
1
 40
1
 40
1
 40
1
 10
46.767767
 20
106.239433
 30
0.0
 10
47.236608
 20
106.708274
 30
0.0
 10
47.500000
 20
107.344159
 30
0.0
 10
47.500000
 20
108.007200
 30
0.0
  0
LWPOLYLINE
  5
b3a
100
AcDbEntity
  8
0
 62
7
100
AcDbPolyline
 90
2
 70
0
 10
42.500000
 20
111.007200
 30
0.0
 10
42.500000
 20
108.007200
 30
0.0
  0
SPLINE
  5
b3b
100
AcDbEntity
  8
0
 62
7
100
AcDbSpline
 70
8
 71
3
 72
8
 73
4
 74
0
 40
0
 40
0
 40
0
 40
0
 40
1
 40
1
 40
1
 40
1
 10
47.500000
 20
111.007200
 30
0.0
 10
47.500000
 20
111.670241
 30
0.0
 10
47.236608
 20
112.306126
 30
0.0
 10
46.767767
 20
112.774967
 30
0.0
  0
SPLINE
  5
b3c
100
AcDbEntity
  8
0
 62
7
100
AcDbSpline
 70
8
 71
3
 72
8
 73
4
 74
0
 40
0
 40
0
 40
0
 40
0
 40
1
 40
1
 40
1
 40
1
 10
46.767767
 20
112.774967
 30
0.0
 10
46.298926
 20
113.243808
 30
0.0
 10
45.663041
 20
113.507200
 30
0.0
 10
45.000000
 20
113.507200
 30
0.0
  0
LWPOLYLINE
  5
b3d
100
AcDbEntity
  8
0
 62
7
100
AcDbPolyline
 90
2
 70
0
 10
47.500000
 20
108.007200
 30
0.0
 10
47.500000
 20
111.007200
 30
0.0
  0
SPLINE
  5
b3e
100
AcDbEntity
  8
0
 62
7
100
AcDbSpline
 70
8
 71
3
 72
8
 73
4
 74
0
 40
0
 40
0
 40
0
 40
0
 40
1
 40
1
 40
1
 40
1
 10
69.000000
 20
189.507200
 30
0.0
 10
68.602175
 20
189.507200
 30
0.0
 10
68.220644
 20
189.349165
 30
0.0
 10
67.939340
 20
189.067860
 30
0.0
  0
SPLINE
  5
b3f
100
AcDbEntity
  8
0
 62
7
100
AcDbSpline
 70
8
 71
3
 72
8
 73
4
 74
0
 40
0
 40
0
 40
0
 40
0
 40
1
 40
1
 40
1
 40
1
 10
67.939340
 20
189.067860
 30
0.0
 10
67.658035
 20
188.786556
 30
0.0
 10
67.500000
 20
188.405025
 30
0.0
 10
67.500000
 20
188.007200
 30
0.0
  0
SPLINE
  5
b40
100
AcDbEntity
  8
0
 62
7
100
AcDbSpline
 70
8
 71
3
 72
8
 73
4
 74
0
 40
0
 40
0
 40
0
 40
0
 40
1
 40
1
 40
1
 40
1
 10
67.500000
 20
188.007200
 30
0.0
 10
67.500000
 20
187.609375
 30
0.0
 10
67.658035
 20
187.227844
 30
0.0
 10
67.939340
 20
186.946540
 30
0.0
  0
SPLINE
  5
b41
100
AcDbEntity
  8
0
 62
7
100
AcDbSpline
 70
8
 71
3
 72
8
 73
4
 74
0
 40
0
 40
0
 40
0
 40
0
 40
1
 40
1
 40
1
 40
1
 10
67.939340
 20
186.946540
 30
0.0
 10
68.220644
 20
186.665235
 30
0.0
 10
68.602175
 20
186.507200
 30
0.0
 10
69.000000
 20
186.507200
 30
0.0
  0
LWPOLYLINE
  5
b42
100
AcDbEntity
  8
0
 62
7
100
AcDbPolyline
 90
1
 70
1
 10
45.000000
 20
113.507200
 30
0.0
  0
SPLINE
  5
b43
100
AcDbEntity
  8
0
 62
7
100
AcDbSpline
 70
8
 71
3
 72
8
 73
4
 74
0
 40
0
 40
0
 40
0
 40
0
 40
1
 40
1
 40
1
 40
1
 10
70.212891
 20
186.507200
 30
0.0
 10
70.610716
 20
186.507200
 30
0.0
 10
70.992247
 20
186.665235
 30
0.0
 10
71.273551
 20
186.946540
 30
0.0
  0
SPLINE
  5
b44
100
AcDbEntity
  8
0
 62
7
100
AcDbSpline
 70
8
 71
3
 72
8
 73
4
 74
0
 40
0
 40
0
 40
0
 40
0
 40
1
 40
1
 40
1
 40
1
 10
71.273551
 20
186.946540
 30
0.0
 10
71.554856
 20
187.227844
 30
0.0
 10
71.712891
 20
187.609375
 30
0.0
 10
71.712891
 20
188.007200
 30
0.0
  0
SPLINE
  5
b45
100
AcDbEntity
  8
0
 62
7
100
AcDbSpline
 70
8
 71
3
 72
8
 73
4
 74
0
 40
0
 40
0
 40
0
 40
0
 40
1
 40
1
 40
1
 40
1
 10
71.712891
 20
188.007200
 30
0.0
 10
71.712891
 20
188.405025
 30
0.0
 10
71.554856
 20
188.786556
 30
0.0
 10
71.273551
 20
189.067860
 30
0.0
  0
SPLINE
  5
b46
100
AcDbEntity
  8
0
 62
7
100
AcDbSpline
 70
8
 71
3
 72
8
 73
4
 74
0
 40
0
 40
0
 40
0
 40
0
 40
1
 40
1
 40
1
 40
1
 10
71.273551
 20
189.067860
 30
0.0
 10
70.992247
 20
189.349165
 30
0.0
 10
70.610716
 20
189.507200
 30
0.0
 10
70.212891
 20
189.507200
 30
0.0
  0
LWPOLYLINE
  5
b47
100
AcDbEntity
  8
0
 62
7
100
AcDbPolyline
 90
2
 70
0
 10
69.000000
 20
186.507200
 30
0.0
 10
70.212891
 20
186.507200
 30
0.0
  0
SPLINE
  5
b48
100
AcDbEntity
  8
0
 62
7
100
AcDbSpline
 70
8
 71
3
 72
8
 73
4
 74
0
 40
0
 40
0
 40
0
 40
0
 40
1
 40
1
 40
1
 40
1
 10
62.000000
 20
189.507200
 30
0.0
 10
61.602175
 20
189.507200
 30
0.0
 10
61.220644
 20
189.349165
 30
0.0
 10
60.939340
 20
189.067860
 30
0.0
  0
SPLINE
  5
b49
100
AcDbEntity
  8
0
 62
7
100
AcDbSpline
 70
8
 71
3
 72
8
 73
4
 74
0
 40
0
 40
0
 40
0
 40
0
 40
1
 40
1
 40
1
 40
1
 10
60.939340
 20
189.067860
 30
0.0
 10
60.658035
 20
188.786556
 30
0.0
 10
60.500000
 20
188.405025
 30
0.0
 10
60.500000
 20
188.007200
 30
0.0
  0
SPLINE
  5
b4a
100
AcDbEntity
  8
0
 62
7
100
AcDbSpline
 70
8
 71
3
 72
8
 73
4
 74
0
 40
0
 40
0
 40
0
 40
0
 40
1
 40
1
 40
1
 40
1
 10
60.500000
 20
188.007200
 30
0.0
 10
60.500000
 20
187.609375
 30
0.0
 10
60.658035
 20
187.227844
 30
0.0
 10
60.939340
 20
186.946540
 30
0.0
  0
SPLINE
  5
b4b
100
AcDbEntity
  8
0
 62
7
100
AcDbSpline
 70
8
 71
3
 72
8
 73
4
 74
0
 40
0
 40
0
 40
0
 40
0
 40
1
 40
1
 40
1
 40
1
 10
60.939340
 20
186.946540
 30
0.0
 10
61.220644
 20
186.665235
 30
0.0
 10
61.602175
 20
186.507200
 30
0.0
 10
62.000000
 20
186.507200
 30
0.0
  0
LWPOLYLINE
  5
b4c
100
AcDbEntity
  8
0
 62
7
100
AcDbPolyline
 90
2
 70
0
 10
70.212891
 20
189.507200
 30
0.0
 10
69.000000
 20
189.507200
 30
0.0
  0
SPLINE
  5
b4d
100
AcDbEntity
  8
0
 62
7
100
AcDbSpline
 70
8
 71
3
 72
8
 73
4
 74
0
 40
0
 40
0
 40
0
 40
0
 40
1
 40
1
 40
1
 40
1
 10
69.000000
 20
186.507200
 30
0.0
 10
69.397825
 20
186.507200
 30
0.0
 10
69.779356
 20
186.665235
 30
0.0
 10
70.060660
 20
186.946540
 30
0.0
  0
SPLINE
  5
b4e
100
AcDbEntity
  8
0
 62
7
100
AcDbSpline
 70
8
 71
3
 72
8
 73
4
 74
0
 40
0
 40
0
 40
0
 40
0
 40
1
 40
1
 40
1
 40
1
 10
70.060660
 20
186.946540
 30
0.0
 10
70.341965
 20
187.227844
 30
0.0
 10
70.500000
 20
187.609375
 30
0.0
 10
70.500000
 20
188.007200
 30
0.0
  0
SPLINE
  5
b4f
100
AcDbEntity
  8
0
 62
7
100
AcDbSpline
 70
8
 71
3
 72
8
 73
4
 74
0
 40
0
 40
0
 40
0
 40
0
 40
1
 40
1
 40
1
 40
1
 10
70.500000
 20
188.007200
 30
0.0
 10
70.500000
 20
188.405025
 30
0.0
 10
70.341965
 20
188.786556
 30
0.0
 10
70.060660
 20
189.067860
 30
0.0
  0
SPLINE
  5
b50
100
AcDbEntity
  8
0
 62
7
100
AcDbSpline
 70
8
 71
3
 72
8
 73
4
 74
0
 40
0
 40
0
 40
0
 40
0
 40
1
 40
1
 40
1
 40
1
 10
70.060660
 20
189.067860
 30
0.0
 10
69.779356
 20
189.349165
 30
0.0
 10
69.397825
 20
189.507200
 30
0.0
 10
69.000000
 20
189.507200
 30
0.0
  0
LWPOLYLINE
  5
b51
100
AcDbEntity
  8
0
 62
7
100
AcDbPolyline
 90
2
 70
0
 10
62.000000
 20
186.507200
 30
0.0
 10
69.000000
 20
186.507200
 30
0.0
  0
SPLINE
  5
b52
100
AcDbEntity
  8
0
 62
7
100
AcDbSpline
 70
8
 71
3
 72
8
 73
4
 74
0
 40
0
 40
0
 40
0
 40
0
 40
1
 40
1
 40
1
 40
1
 10
69.152344
 20
189.067747
 30
0.0
 10
68.566708
 20
188.481986
 30
0.0
 10
68.566708
 20
187.532414
 30
0.0
 10
69.152344
 20
186.946653
 30
0.0
  0
LWPOLYLINE
  5
b53
100
AcDbEntity
  8
0
 62
7
100
AcDbPolyline
 90
2
 70
0
 10
69.000000
 20
189.507200
 30
0.0
 10
62.000000
 20
189.507200
 30
0.0
  0
SPLINE
  5
b54
100
AcDbEntity
  8
0
 62
7
100
AcDbSpline
 70
8
 71
3
 72
8
 73
4
 74
0
 40
0
 40
0
 40
0
 40
0
 40
1
 40
1
 40
1
 40
1
 10
78.652344
 20
177.446653
 30
0.0
 10
79.238104
 20
176.861018
 30
0.0
 10
80.187677
 20
176.861018
 30
0.0
 10
80.773437
 20
177.446653
 30
0.0
  0
SPLINE
  5
b55
100
AcDbEntity
  8
0
 62
7
100
AcDbSpline
 70
8
 71
3
 72
8
 73
4
 74
0
 40
0
 40
0
 40
0
 40
0
 40
1
 40
1
 40
1
 40
1
 10
80.773437
 20
177.446653
 30
0.0
 10
81.359073
 20
178.032414
 30
0.0
 10
81.359073
 20
178.981986
 30
0.0
 10
80.773437
 20
179.567747
 30
0.0
  0
LWPOLYLINE
  5
b56
100
AcDbEntity
  8
0
 62
7
100
AcDbPolyline
 90
2
 70
0
 10
69.152344
 20
186.946653
 30
0.0
 10
78.652344
 20
177.446653
 30
0.0
  0
SPLINE
  5
b57
100
AcDbEntity
  8
0
 62
7
100
AcDbSpline
 70
8
 71
3
 72
8
 73
4
 74
0
 40
0
 40
0
 40
0
 40
0
 40
1
 40
1
 40
1
 40
1
 10
71.273437
 20
189.067747
 30
0.0
 10
70.687677
 20
189.653382
 30
0.0
 10
69.738104
 20
189.653382
 30
0.0
 10
69.152344
 20
189.067747
 30
0.0
  0
LWPOLYLINE
  5
b58
100
AcDbEntity
  8
0
 62
7
100
AcDbPolyline
 90
2
 70
0
 10
80.773437
 20
179.567747
 30
0.0
 10
71.273437
 20
189.067747
 30
0.0
  0
SPLINE
  5
b59
100
AcDbEntity
  8
0
 62
7
100
AcDbSpline
 70
8
 71
3
 72
8
 73
4
 74
0
 40
0
 40
0
 40
0
 40
0
 40
1
 40
1
 40
1
 40
1
 10
69.000000
 20
189.507200
 30
0.0
 10
68.602175
 20
189.507200
 30
0.0
 10
68.220644
 20
189.349165
 30
0.0
 10
67.939340
 20
189.067860
 30
0.0
  0
SPLINE
  5
b5a
100
AcDbEntity
  8
0
 62
7
100
AcDbSpline
 70
8
 71
3
 72
8
 73
4
 74
0
 40
0
 40
0
 40
0
 40
0
 40
1
 40
1
 40
1
 40
1
 10
67.939340
 20
189.067860
 30
0.0
 10
67.658035
 20
188.786556
 30
0.0
 10
67.500000
 20
188.405025
 30
0.0
 10
67.500000
 20
188.007200
 30
0.0
  0
LWPOLYLINE
  5
b5b
100
AcDbEntity
  8
0
 62
7
100
AcDbPolyline
 90
1
 70
1
 10
69.152344
 20
189.067747
 30
0.0
  0
SPLINE
  5
b5c
100
AcDbEntity
  8
0
 62
7
100
AcDbSpline
 70
8
 71
3
 72
8
 73
4
 74
0
 40
0
 40
0
 40
0
 40
0
 40
1
 40
1
 40
1
 40
1
 10
67.500000
 20
180.007200
 30
0.0
 10
67.500000
 20
179.609375
 30
0.0
 10
67.658035
 20
179.227844
 30
0.0
 10
67.939340
 20
178.946540
 30
0.0
  0
SPLINE
  5
b5d
100
AcDbEntity
  8
0
 62
7
100
AcDbSpline
 70
8
 71
3
 72
8
 73
4
 74
0
 40
0
 40
0
 40
0
 40
0
 40
1
 40
1
 40
1
 40
1
 10
67.939340
 20
178.946540
 30
0.0
 10
68.220644
 20
178.665235
 30
0.0
 10
68.602175
 20
178.507200
 30
0.0
 10
69.000000
 20
178.507200
 30
0.0
  0
SPLINE
  5
b5e
100
AcDbEntity
  8
0
 62
7
100
AcDbSpline
 70
8
 71
3
 72
8
 73
4
 74
0
 40
0
 40
0
 40
0
 40
0
 40
1
 40
1
 40
1
 40
1
 10
69.000000
 20
178.507200
 30
0.0
 10
69.397825
 20
178.507200
 30
0.0
 10
69.779356
 20
178.665235
 30
0.0
 10
70.060660
 20
178.946540
 30
0.0
  0
SPLINE
  5
b5f
100
AcDbEntity
  8
0
 62
7
100
AcDbSpline
 70
8
 71
3
 72
8
 73
4
 74
0
 40
0
 40
0
 40
0
 40
0
 40
1
 40
1
 40
1
 40
1
 10
70.060660
 20
178.946540
 30
0.0
 10
70.341965
 20
179.227844
 30
0.0
 10
70.500000
 20
179.609375
 30
0.0
 10
70.500000
 20
180.007200
 30
0.0
  0
LWPOLYLINE
  5
b60
100
AcDbEntity
  8
0
 62
7
100
AcDbPolyline
 90
2
 70
0
 10
67.500000
 20
188.007200
 30
0.0
 10
67.500000
 20
180.007200
 30
0.0
  0
SPLINE
  5
b61
100
AcDbEntity
  8
0
 62
7
100
AcDbSpline
 70
8
 71
3
 72
8
 73
4
 74
0
 40
0
 40
0
 40
0
 40
0
 40
1
 40
1
 40
1
 40
1
 10
70.500000
 20
188.007200
 30
0.0
 10
70.500000
 20
188.405025
 30
0.0
 10
70.341965
 20
188.786556
 30
0.0
 10
70.060660
 20
189.067860
 30
0.0
  0
SPLINE
  5
b62
100
AcDbEntity
  8
0
 62
7
100
AcDbSpline
 70
8
 71
3
 72
8
 73
4
 74
0
 40
0
 40
0
 40
0
 40
0
 40
1
 40
1
 40
1
 40
1
 10
70.060660
 20
189.067860
 30
0.0
 10
69.779356
 20
189.349165
 30
0.0
 10
69.397825
 20
189.507200
 30
0.0
 10
69.000000
 20
189.507200
 30
0.0
  0
LWPOLYLINE
  5
b63
100
AcDbEntity
  8
0
 62
7
100
AcDbPolyline
 90
2
 70
0
 10
70.500000
 20
180.007200
 30
0.0
 10
70.500000
 20
188.007200
 30
0.0
  0
SPLINE
  5
b64
100
AcDbEntity
  8
0
 62
7
100
AcDbSpline
 70
8
 71
3
 72
8
 73
4
 74
0
 40
0
 40
0
 40
0
 40
0
 40
1
 40
1
 40
1
 40
1
 10
144.000000
 20
146.327513
 30
0.0
 10
143.602175
 20
146.327513
 30
0.0
 10
143.220644
 20
146.169478
 30
0.0
 10
142.939340
 20
145.888173
 30
0.0
  0
SPLINE
  5
b65
100
AcDbEntity
  8
0
 62
7
100
AcDbSpline
 70
8
 71
3
 72
8
 73
4
 74
0
 40
0
 40
0
 40
0
 40
0
 40
1
 40
1
 40
1
 40
1
 10
142.939340
 20
145.888173
 30
0.0
 10
142.658035
 20
145.606869
 30
0.0
 10
142.500000
 20
145.225338
 30
0.0
 10
142.500000
 20
144.827513
 30
0.0
  0
LWPOLYLINE
  5
b66
100
AcDbEntity
  8
0
 62
7
100
AcDbPolyline
 90
1
 70
1
 10
69.000000
 20
189.507200
 30
0.0
  0
SPLINE
  5
b67
100
AcDbEntity
  8
0
 62
7
100
AcDbSpline
 70
8
 71
3
 72
8
 73
4
 74
0
 40
0
 40
0
 40
0
 40
0
 40
1
 40
1
 40
1
 40
1
 10
142.500000
 20
144.007200
 30
0.0
 10
142.500000
 20
143.609375
 30
0.0
 10
142.658035
 20
143.227844
 30
0.0
 10
142.939340
 20
142.946540
 30
0.0
  0
SPLINE
  5
b68
100
AcDbEntity
  8
0
 62
7
100
AcDbSpline
 70
8
 71
3
 72
8
 73
4
 74
0
 40
0
 40
0
 40
0
 40
0
 40
1
 40
1
 40
1
 40
1
 10
142.939340
 20
142.946540
 30
0.0
 10
143.220644
 20
142.665235
 30
0.0
 10
143.602175
 20
142.507200
 30
0.0
 10
144.000000
 20
142.507200
 30
0.0
  0
SPLINE
  5
b69
100
AcDbEntity
  8
0
 62
7
100
AcDbSpline
 70
8
 71
3
 72
8
 73
4
 74
0
 40
0
 40
0
 40
0
 40
0
 40
1
 40
1
 40
1
 40
1
 10
144.000000
 20
142.507200
 30
0.0
 10
144.397825
 20
142.507200
 30
0.0
 10
144.779356
 20
142.665235
 30
0.0
 10
145.060660
 20
142.946540
 30
0.0
  0
SPLINE
  5
b6a
100
AcDbEntity
  8
0
 62
7
100
AcDbSpline
 70
8
 71
3
 72
8
 73
4
 74
0
 40
0
 40
0
 40
0
 40
0
 40
1
 40
1
 40
1
 40
1
 10
145.060660
 20
142.946540
 30
0.0
 10
145.341965
 20
143.227844
 30
0.0
 10
145.500000
 20
143.609375
 30
0.0
 10
145.500000
 20
144.007200
 30
0.0
  0
LWPOLYLINE
  5
b6b
100
AcDbEntity
  8
0
 62
7
100
AcDbPolyline
 90
2
 70
0
 10
142.500000
 20
144.827513
 30
0.0
 10
142.500000
 20
144.007200
 30
0.0
  0
SPLINE
  5
b6c
100
AcDbEntity
  8
0
 62
7
100
AcDbSpline
 70
8
 71
3
 72
8
 73
4
 74
0
 40
0
 40
0
 40
0
 40
0
 40
1
 40
1
 40
1
 40
1
 10
145.500000
 20
144.827513
 30
0.0
 10
145.500000
 20
145.225338
 30
0.0
 10
145.341965
 20
145.606869
 30
0.0
 10
145.060660
 20
145.888173
 30
0.0
  0
SPLINE
  5
b6d
100
AcDbEntity
  8
0
 62
7
100
AcDbSpline
 70
8
 71
3
 72
8
 73
4
 74
0
 40
0
 40
0
 40
0
 40
0
 40
1
 40
1
 40
1
 40
1
 10
145.060660
 20
145.888173
 30
0.0
 10
144.779356
 20
146.169478
 30
0.0
 10
144.397825
 20
146.327513
 30
0.0
 10
144.000000
 20
146.327513
 30
0.0
  0
LWPOLYLINE
  5
b6e
100
AcDbEntity
  8
0
 62
7
100
AcDbPolyline
 90
2
 70
0
 10
145.500000
 20
144.007200
 30
0.0
 10
145.500000
 20
144.827513
 30
0.0
  0
SPLINE
  5
b6f
100
AcDbEntity
  8
0
 62
7
100
AcDbSpline
 70
8
 71
3
 72
8
 73
4
 74
0
 40
0
 40
0
 40
0
 40
0
 40
1
 40
1
 40
1
 40
1
 10
138.550780
 20
162.141966
 30
0.0
 10
138.152955
 20
162.141966
 30
0.0
 10
137.771424
 20
161.983931
 30
0.0
 10
137.490120
 20
161.702626
 30
0.0
  0
SPLINE
  5
b70
100
AcDbEntity
  8
0
 62
7
100
AcDbSpline
 70
8
 71
3
 72
8
 73
4
 74
0
 40
0
 40
0
 40
0
 40
0
 40
1
 40
1
 40
1
 40
1
 10
137.490120
 20
161.702626
 30
0.0
 10
137.208815
 20
161.421322
 30
0.0
 10
137.050780
 20
161.039791
 30
0.0
 10
137.050780
 20
160.641966
 30
0.0
  0
LWPOLYLINE
  5
b71
100
AcDbEntity
  8
0
 62
7
100
AcDbPolyline
 90
1
 70
1
 10
144.000000
 20
146.327513
 30
0.0
  0
SPLINE
  5
b72
100
AcDbEntity
  8
0
 62
7
100
AcDbSpline
 70
8
 71
3
 72
8
 73
4
 74
0
 40
0
 40
0
 40
0
 40
0
 40
1
 40
1
 40
1
 40
1
 10
137.050780
 20
149.827513
 30
0.0
 10
137.050780
 20
149.429688
 30
0.0
 10
137.208815
 20
149.048157
 30
0.0
 10
137.490120
 20
148.766853
 30
0.0
  0
SPLINE
  5
b73
100
AcDbEntity
  8
0
 62
7
100
AcDbSpline
 70
8
 71
3
 72
8
 73
4
 74
0
 40
0
 40
0
 40
0
 40
0
 40
1
 40
1
 40
1
 40
1
 10
137.490120
 20
148.766853
 30
0.0
 10
137.771424
 20
148.485548
 30
0.0
 10
138.152955
 20
148.327513
 30
0.0
 10
138.550780
 20
148.327513
 30
0.0
  0
SPLINE
  5
b74
100
AcDbEntity
  8
0
 62
7
100
AcDbSpline
 70
8
 71
3
 72
8
 73
4
 74
0
 40
0
 40
0
 40
0
 40
0
 40
1
 40
1
 40
1
 40
1
 10
138.550780
 20
148.327513
 30
0.0
 10
138.948605
 20
148.327513
 30
0.0
 10
139.330136
 20
148.485548
 30
0.0
 10
139.611440
 20
148.766853
 30
0.0
  0
SPLINE
  5
b75
100
AcDbEntity
  8
0
 62
7
100
AcDbSpline
 70
8
 71
3
 72
8
 73
4
 74
0
 40
0
 40
0
 40
0
 40
0
 40
1
 40
1
 40
1
 40
1
 10
139.611440
 20
148.766853
 30
0.0
 10
139.892745
 20
149.048157
 30
0.0
 10
140.050780
 20
149.429688
 30
0.0
 10
140.050780
 20
149.827513
 30
0.0
  0
LWPOLYLINE
  5
b76
100
AcDbEntity
  8
0
 62
7
100
AcDbPolyline
 90
2
 70
0
 10
137.050780
 20
160.641966
 30
0.0
 10
137.050780
 20
149.827513
 30
0.0
  0
SPLINE
  5
b77
100
AcDbEntity
  8
0
 62
7
100
AcDbSpline
 70
8
 71
3
 72
8
 73
4
 74
0
 40
0
 40
0
 40
0
 40
0
 40
1
 40
1
 40
1
 40
1
 10
140.050780
 20
160.641966
 30
0.0
 10
140.050780
 20
161.039791
 30
0.0
 10
139.892745
 20
161.421322
 30
0.0
 10
139.611440
 20
161.702626
 30
0.0
  0
SPLINE
  5
b78
100
AcDbEntity
  8
0
 62
7
100
AcDbSpline
 70
8
 71
3
 72
8
 73
4
 74
0
 40
0
 40
0
 40
0
 40
0
 40
1
 40
1
 40
1
 40
1
 10
139.611440
 20
161.702626
 30
0.0
 10
139.330136
 20
161.983931
 30
0.0
 10
138.948605
 20
162.141966
 30
0.0
 10
138.550780
 20
162.141966
 30
0.0
  0
LWPOLYLINE
  5
b79
100
AcDbEntity
  8
0
 62
7
100
AcDbPolyline
 90
2
 70
0
 10
140.050780
 20
149.827513
 30
0.0
 10
140.050780
 20
160.641966
 30
0.0
  0
SPLINE
  5
b7a
100
AcDbEntity
  8
0
 62
7
100
AcDbSpline
 70
8
 71
3
 72
8
 73
4
 74
0
 40
0
 40
0
 40
0
 40
0
 40
1
 40
1
 40
1
 40
1
 10
149.085940
 20
162.507200
 30
0.0
 10
148.688115
 20
162.507200
 30
0.0
 10
148.306584
 20
162.349165
 30
0.0
 10
148.025280
 20
162.067860
 30
0.0
  0
SPLINE
  5
b7b
100
AcDbEntity
  8
0
 62
7
100
AcDbSpline
 70
8
 71
3
 72
8
 73
4
 74
0
 40
0
 40
0
 40
0
 40
0
 40
1
 40
1
 40
1
 40
1
 10
148.025280
 20
162.067860
 30
0.0
 10
147.743975
 20
161.786556
 30
0.0
 10
147.585940
 20
161.405025
 30
0.0
 10
147.585940
 20
161.007200
 30
0.0
  0
SPLINE
  5
b7c
100
AcDbEntity
  8
0
 62
7
100
AcDbSpline
 70
8
 71
3
 72
8
 73
4
 74
0
 40
0
 40
0
 40
0
 40
0
 40
1
 40
1
 40
1
 40
1
 10
147.585940
 20
161.007200
 30
0.0
 10
147.585940
 20
160.609375
 30
0.0
 10
147.743975
 20
160.227844
 30
0.0
 10
148.025280
 20
159.946540
 30
0.0
  0
SPLINE
  5
b7d
100
AcDbEntity
  8
0
 62
7
100
AcDbSpline
 70
8
 71
3
 72
8
 73
4
 74
0
 40
0
 40
0
 40
0
 40
0
 40
1
 40
1
 40
1
 40
1
 10
148.025280
 20
159.946540
 30
0.0
 10
148.306584
 20
159.665235
 30
0.0
 10
148.688115
 20
159.507200
 30
0.0
 10
149.085940
 20
159.507200
 30
0.0
  0
LWPOLYLINE
  5
b7e
100
AcDbEntity
  8
0
 62
7
100
AcDbPolyline
 90
1
 70
1
 10
138.550780
 20
162.141966
 30
0.0
  0
SPLINE
  5
b7f
100
AcDbEntity
  8
0
 62
7
100
AcDbSpline
 70
8
 71
3
 72
8
 73
4
 74
0
 40
0
 40
0
 40
0
 40
0
 40
1
 40
1
 40
1
 40
1
 10
159.000000
 20
159.507200
 30
0.0
 10
159.397825
 20
159.507200
 30
0.0
 10
159.779356
 20
159.665235
 30
0.0
 10
160.060660
 20
159.946540
 30
0.0
  0
SPLINE
  5
b80
100
AcDbEntity
  8
0
 62
7
100
AcDbSpline
 70
8
 71
3
 72
8
 73
4
 74
0
 40
0
 40
0
 40
0
 40
0
 40
1
 40
1
 40
1
 40
1
 10
160.060660
 20
159.946540
 30
0.0
 10
160.341965
 20
160.227844
 30
0.0
 10
160.500000
 20
160.609375
 30
0.0
 10
160.500000
 20
161.007200
 30
0.0
  0
SPLINE
  5
b81
100
AcDbEntity
  8
0
 62
7
100
AcDbSpline
 70
8
 71
3
 72
8
 73
4
 74
0
 40
0
 40
0
 40
0
 40
0
 40
1
 40
1
 40
1
 40
1
 10
160.500000
 20
161.007200
 30
0.0
 10
160.500000
 20
161.405025
 30
0.0
 10
160.341965
 20
161.786556
 30
0.0
 10
160.060660
 20
162.067860
 30
0.0
  0
SPLINE
  5
b82
100
AcDbEntity
  8
0
 62
7
100
AcDbSpline
 70
8
 71
3
 72
8
 73
4
 74
0
 40
0
 40
0
 40
0
 40
0
 40
1
 40
1
 40
1
 40
1
 10
160.060660
 20
162.067860
 30
0.0
 10
159.779356
 20
162.349165
 30
0.0
 10
159.397825
 20
162.507200
 30
0.0
 10
159.000000
 20
162.507200
 30
0.0
  0
LWPOLYLINE
  5
b83
100
AcDbEntity
  8
0
 62
7
100
AcDbPolyline
 90
2
 70
0
 10
149.085940
 20
159.507200
 30
0.0
 10
159.000000
 20
159.507200
 30
0.0
  0
SPLINE
  5
b84
100
AcDbEntity
  8
0
 62
7
100
AcDbSpline
 70
8
 71
3
 72
8
 73
4
 74
0
 40
0
 40
0
 40
0
 40
0
 40
1
 40
1
 40
1
 40
1
 10
149.449220
 20
162.141966
 30
0.0
 10
149.051395
 20
162.141966
 30
0.0
 10
148.669864
 20
161.983931
 30
0.0
 10
148.388560
 20
161.702626
 30
0.0
  0
SPLINE
  5
b85
100
AcDbEntity
  8
0
 62
7
100
AcDbSpline
 70
8
 71
3
 72
8
 73
4
 74
0
 40
0
 40
0
 40
0
 40
0
 40
1
 40
1
 40
1
 40
1
 10
148.388560
 20
161.702626
 30
0.0
 10
148.107255
 20
161.421322
 30
0.0
 10
147.949220
 20
161.039791
 30
0.0
 10
147.949220
 20
160.641966
 30
0.0
  0
LWPOLYLINE
  5
b86
100
AcDbEntity
  8
0
 62
7
100
AcDbPolyline
 90
2
 70
0
 10
159.000000
 20
162.507200
 30
0.0
 10
149.085940
 20
162.507200
 30
0.0
  0
SPLINE
  5
b87
100
AcDbEntity
  8
0
 62
7
100
AcDbSpline
 70
8
 71
3
 72
8
 73
4
 74
0
 40
0
 40
0
 40
0
 40
0
 40
1
 40
1
 40
1
 40
1
 10
147.949220
 20
149.827513
 30
0.0
 10
147.949220
 20
149.429688
 30
0.0
 10
148.107255
 20
149.048157
 30
0.0
 10
148.388560
 20
148.766853
 30
0.0
  0
SPLINE
  5
b88
100
AcDbEntity
  8
0
 62
7
100
AcDbSpline
 70
8
 71
3
 72
8
 73
4
 74
0
 40
0
 40
0
 40
0
 40
0
 40
1
 40
1
 40
1
 40
1
 10
148.388560
 20
148.766853
 30
0.0
 10
148.669864
 20
148.485548
 30
0.0
 10
149.051395
 20
148.327513
 30
0.0
 10
149.449220
 20
148.327513
 30
0.0
  0
SPLINE
  5
b89
100
AcDbEntity
  8
0
 62
7
100
AcDbSpline
 70
8
 71
3
 72
8
 73
4
 74
0
 40
0
 40
0
 40
0
 40
0
 40
1
 40
1
 40
1
 40
1
 10
149.449220
 20
148.327513
 30
0.0
 10
149.847045
 20
148.327513
 30
0.0
 10
150.228576
 20
148.485548
 30
0.0
 10
150.509880
 20
148.766853
 30
0.0
  0
SPLINE
  5
b8a
100
AcDbEntity
  8
0
 62
7
100
AcDbSpline
 70
8
 71
3
 72
8
 73
4
 74
0
 40
0
 40
0
 40
0
 40
0
 40
1
 40
1
 40
1
 40
1
 10
150.509880
 20
148.766853
 30
0.0
 10
150.791185
 20
149.048157
 30
0.0
 10
150.949220
 20
149.429688
 30
0.0
 10
150.949220
 20
149.827513
 30
0.0
  0
LWPOLYLINE
  5
b8b
100
AcDbEntity
  8
0
 62
7
100
AcDbPolyline
 90
2
 70
0
 10
147.949220
 20
160.641966
 30
0.0
 10
147.949220
 20
149.827513
 30
0.0
  0
SPLINE
  5
b8c
100
AcDbEntity
  8
0
 62
7
100
AcDbSpline
 70
8
 71
3
 72
8
 73
4
 74
0
 40
0
 40
0
 40
0
 40
0
 40
1
 40
1
 40
1
 40
1
 10
150.949220
 20
160.641966
 30
0.0
 10
150.949220
 20
161.039791
 30
0.0
 10
150.791185
 20
161.421322
 30
0.0
 10
150.509880
 20
161.702626
 30
0.0
  0
SPLINE
  5
b8d
100
AcDbEntity
  8
0
 62
7
100
AcDbSpline
 70
8
 71
3
 72
8
 73
4
 74
0
 40
0
 40
0
 40
0
 40
0
 40
1
 40
1
 40
1
 40
1
 10
150.509880
 20
161.702626
 30
0.0
 10
150.228576
 20
161.983931
 30
0.0
 10
149.847045
 20
162.141966
 30
0.0
 10
149.449220
 20
162.141966
 30
0.0
  0
LWPOLYLINE
  5
b8e
100
AcDbEntity
  8
0
 62
7
100
AcDbPolyline
 90
2
 70
0
 10
150.949220
 20
149.827513
 30
0.0
 10
150.949220
 20
160.641966
 30
0.0
  0
SPLINE
  5
b8f
100
AcDbEntity
  8
0
 62
7
100
AcDbSpline
 70
8
 71
3
 72
8
 73
4
 74
0
 40
0
 40
0
 40
0
 40
0
 40
1
 40
1
 40
1
 40
1
 10
144.000000
 20
146.507200
 30
0.0
 10
143.336996
 20
146.507100
 30
0.0
 10
142.701184
 20
146.243642
 30
0.0
 10
142.232420
 20
145.774778
 30
0.0
  0
SPLINE
  5
b90
100
AcDbEntity
  8
0
 62
7
100
AcDbSpline
 70
8
 71
3
 72
8
 73
4
 74
0
 40
0
 40
0
 40
0
 40
0
 40
1
 40
1
 40
1
 40
1
 10
142.232420
 20
145.774778
 30
0.0
 10
141.256361
 20
144.798511
 30
0.0
 10
141.256361
 20
143.215889
 30
0.0
 10
142.232420
 20
142.239622
 30
0.0
  0
LWPOLYLINE
  5
b91
100
AcDbEntity
  8
0
 62
7
100
AcDbPolyline
 90
1
 70
1
 10
149.449220
 20
162.141966
 30
0.0
  0
SPLINE
  5
b92
100
AcDbEntity
  8
0
 62
7
100
AcDbSpline
 70
8
 71
3
 72
8
 73
4
 74
0
 40
0
 40
0
 40
0
 40
0
 40
1
 40
1
 40
1
 40
1
 10
145.232420
 20
139.239622
 30
0.0
 10
146.208688
 20
138.263561
 30
0.0
 10
147.791312
 20
138.263561
 30
0.0
 10
148.767580
 20
139.239622
 30
0.0
  0
SPLINE
  5
b93
100
AcDbEntity
  8
0
 62
7
100
AcDbSpline
 70
8
 71
3
 72
8
 73
4
 74
0
 40
0
 40
0
 40
0
 40
0
 40
1
 40
1
 40
1
 40
1
 10
148.767580
 20
139.239622
 30
0.0
 10
149.743639
 20
140.215889
 30
0.0
 10
149.743639
 20
141.798511
 30
0.0
 10
148.767580
 20
142.774778
 30
0.0
  0
LWPOLYLINE
  5
b94
100
AcDbEntity
  8
0
 62
7
100
AcDbPolyline
 90
2
 70
0
 10
142.232420
 20
142.239622
 30
0.0
 10
145.232420
 20
139.239622
 30
0.0
  0
SPLINE
  5
b95
100
AcDbEntity
  8
0
 62
7
100
AcDbSpline
 70
8
 71
3
 72
8
 73
4
 74
0
 40
0
 40
0
 40
0
 40
0
 40
1
 40
1
 40
1
 40
1
 10
145.767580
 20
145.774778
 30
0.0
 10
145.298816
 20
146.243642
 30
0.0
 10
144.663004
 20
146.507100
 30
0.0
 10
144.000000
 20
146.507200
 30
0.0
  0
LWPOLYLINE
  5
b96
100
AcDbEntity
  8
0
 62
7
100
AcDbPolyline
 90
2
 70
0
 10
148.767580
 20
142.774778
 30
0.0
 10
145.767580
 20
145.774778
 30
0.0
  0
SPLINE
  5
b97
100
AcDbEntity
  8
0
 62
7
100
AcDbSpline
 70
8
 71
3
 72
8
 73
4
 74
0
 40
0
 40
0
 40
0
 40
0
 40
1
 40
1
 40
1
 40
1
 10
147.000000
 20
143.507200
 30
0.0
 10
146.336959
 20
143.507200
 30
0.0
 10
145.701074
 20
143.243808
 30
0.0
 10
145.232233
 20
142.774967
 30
0.0
  0
SPLINE
  5
b98
100
AcDbEntity
  8
0
 62
7
100
AcDbSpline
 70
8
 71
3
 72
8
 73
4
 74
0
 40
0
 40
0
 40
0
 40
0
 40
1
 40
1
 40
1
 40
1
 10
145.232233
 20
142.774967
 30
0.0
 10
144.763392
 20
142.306126
 30
0.0
 10
144.500000
 20
141.670241
 30
0.0
 10
144.500000
 20
141.007200
 30
0.0
  0
SPLINE
  5
b99
100
AcDbEntity
  8
0
 62
7
100
AcDbSpline
 70
8
 71
3
 72
8
 73
4
 74
0
 40
0
 40
0
 40
0
 40
0
 40
1
 40
1
 40
1
 40
1
 10
144.500000
 20
141.007200
 30
0.0
 10
144.500000
 20
140.344159
 30
0.0
 10
144.763392
 20
139.708274
 30
0.0
 10
145.232233
 20
139.239433
 30
0.0
  0
SPLINE
  5
b9a
100
AcDbEntity
  8
0
 62
7
100
AcDbSpline
 70
8
 71
3
 72
8
 73
4
 74
0
 40
0
 40
0
 40
0
 40
0
 40
1
 40
1
 40
1
 40
1
 10
145.232233
 20
139.239433
 30
0.0
 10
145.701074
 20
138.770592
 30
0.0
 10
146.336959
 20
138.507200
 30
0.0
 10
147.000000
 20
138.507200
 30
0.0
  0
LWPOLYLINE
  5
b9b
100
AcDbEntity
  8
0
 62
7
100
AcDbPolyline
 90
1
 70
1
 10
144.000000
 20
146.507200
 30
0.0
  0
SPLINE
  5
b9c
100
AcDbEntity
  8
0
 62
7
100
AcDbSpline
 70
8
 71
3
 72
8
 73
4
 74
0
 40
0
 40
0
 40
0
 40
0
 40
1
 40
1
 40
1
 40
1
 10
158.000000
 20
138.507200
 30
0.0
 10
158.663041
 20
138.507200
 30
0.0
 10
159.298926
 20
138.770592
 30
0.0
 10
159.767767
 20
139.239433
 30
0.0
  0
SPLINE
  5
b9d
100
AcDbEntity
  8
0
 62
7
100
AcDbSpline
 70
8
 71
3
 72
8
 73
4
 74
0
 40
0
 40
0
 40
0
 40
0
 40
1
 40
1
 40
1
 40
1
 10
159.767767
 20
139.239433
 30
0.0
 10
160.236608
 20
139.708274
 30
0.0
 10
160.500000
 20
140.344159
 30
0.0
 10
160.500000
 20
141.007200
 30
0.0
  0
SPLINE
  5
b9e
100
AcDbEntity
  8
0
 62
7
100
AcDbSpline
 70
8
 71
3
 72
8
 73
4
 74
0
 40
0
 40
0
 40
0
 40
0
 40
1
 40
1
 40
1
 40
1
 10
160.500000
 20
141.007200
 30
0.0
 10
160.500000
 20
141.670241
 30
0.0
 10
160.236608
 20
142.306126
 30
0.0
 10
159.767767
 20
142.774967
 30
0.0
  0
SPLINE
  5
b9f
100
AcDbEntity
  8
0
 62
7
100
AcDbSpline
 70
8
 71
3
 72
8
 73
4
 74
0
 40
0
 40
0
 40
0
 40
0
 40
1
 40
1
 40
1
 40
1
 10
159.767767
 20
142.774967
 30
0.0
 10
159.298926
 20
143.243808
 30
0.0
 10
158.663041
 20
143.507200
 30
0.0
 10
158.000000
 20
143.507200
 30
0.0
  0
LWPOLYLINE
  5
ba0
100
AcDbEntity
  8
0
 62
7
100
AcDbPolyline
 90
2
 70
0
 10
147.000000
 20
138.507200
 30
0.0
 10
158.000000
 20
138.507200
 30
0.0
  0
SPLINE
  5
ba1
100
AcDbEntity
  8
0
 62
7
100
AcDbSpline
 70
8
 71
3
 72
8
 73
4
 74
0
 40
0
 40
0
 40
0
 40
0
 40
1
 40
1
 40
1
 40
1
 10
176.000000
 20
161.507200
 30
0.0
 10
175.336996
 20
161.507100
 30
0.0
 10
174.701184
 20
161.243642
 30
0.0
 10
174.232420
 20
160.774778
 30
0.0
  0
LWPOLYLINE
  5
ba2
100
AcDbEntity
  8
0
 62
7
100
AcDbPolyline
 90
2
 70
0
 10
158.000000
 20
143.507200
 30
0.0
 10
147.000000
 20
143.507200
 30
0.0
  0
SPLINE
  5
ba3
100
AcDbEntity
  8
0
 62
7
100
AcDbSpline
 70
8
 71
3
 72
8
 73
4
 74
0
 40
0
 40
0
 40
0
 40
0
 40
1
 40
1
 40
1
 40
1
 10
156.232420
 20
142.774778
 30
0.0
 10
155.256361
 20
141.798511
 30
0.0
 10
155.256361
 20
140.215889
 30
0.0
 10
156.232420
 20
139.239622
 30
0.0
  0
SPLINE
  5
ba4
100
AcDbEntity
  8
0
 62
7
100
AcDbSpline
 70
8
 71
3
 72
8
 73
4
 74
0
 40
0
 40
0
 40
0
 40
0
 40
1
 40
1
 40
1
 40
1
 10
156.232420
 20
139.239622
 30
0.0
 10
157.208688
 20
138.263561
 30
0.0
 10
158.791312
 20
138.263561
 30
0.0
 10
159.767580
 20
139.239622
 30
0.0
  0
LWPOLYLINE
  5
ba5
100
AcDbEntity
  8
0
 62
7
100
AcDbPolyline
 90
2
 70
0
 10
174.232420
 20
160.774778
 30
0.0
 10
156.232420
 20
142.774778
 30
0.0
  0
SPLINE
  5
ba6
100
AcDbEntity
  8
0
 62
7
100
AcDbSpline
 70
8
 71
3
 72
8
 73
4
 74
0
 40
0
 40
0
 40
0
 40
0
 40
1
 40
1
 40
1
 40
1
 10
177.767580
 20
157.239622
 30
0.0
 10
178.743639
 20
158.215889
 30
0.0
 10
178.743639
 20
159.798511
 30
0.0
 10
177.767580
 20
160.774778
 30
0.0
  0
SPLINE
  5
ba7
100
AcDbEntity
  8
0
 62
7
100
AcDbSpline
 70
8
 71
3
 72
8
 73
4
 74
0
 40
0
 40
0
 40
0
 40
0
 40
1
 40
1
 40
1
 40
1
 10
177.767580
 20
160.774778
 30
0.0
 10
177.298816
 20
161.243642
 30
0.0
 10
176.663004
 20
161.507100
 30
0.0
 10
176.000000
 20
161.507200
 30
0.0
  0
LWPOLYLINE
  5
ba8
100
AcDbEntity
  8
0
 62
7
100
AcDbPolyline
 90
2
 70
0
 10
159.767580
 20
139.239622
 30
0.0
 10
177.767580
 20
157.239622
 30
0.0
  0
SPLINE
  5
ba9
100
AcDbEntity
  8
0
 62
7
100
AcDbSpline
 70
8
 71
3
 72
8
 73
4
 74
0
 40
0
 40
0
 40
0
 40
0
 40
1
 40
1
 40
1
 40
1
 10
176.000000
 20
161.507200
 30
0.0
 10
175.336959
 20
161.507200
 30
0.0
 10
174.701074
 20
161.243808
 30
0.0
 10
174.232233
 20
160.774967
 30
0.0
  0
SPLINE
  5
baa
100
AcDbEntity
  8
0
 62
7
100
AcDbSpline
 70
8
 71
3
 72
8
 73
4
 74
0
 40
0
 40
0
 40
0
 40
0
 40
1
 40
1
 40
1
 40
1
 10
174.232233
 20
160.774967
 30
0.0
 10
173.763392
 20
160.306126
 30
0.0
 10
173.500000
 20
159.670241
 30
0.0
 10
173.500000
 20
159.007200
 30
0.0
  0
SPLINE
  5
bab
100
AcDbEntity
  8
0
 62
7
100
AcDbSpline
 70
8
 71
3
 72
8
 73
4
 74
0
 40
0
 40
0
 40
0
 40
0
 40
1
 40
1
 40
1
 40
1
 10
173.500000
 20
159.007200
 30
0.0
 10
173.500000
 20
158.344159
 30
0.0
 10
173.763392
 20
157.708274
 30
0.0
 10
174.232233
 20
157.239433
 30
0.0
  0
SPLINE
  5
bac
100
AcDbEntity
  8
0
 62
7
100
AcDbSpline
 70
8
 71
3
 72
8
 73
4
 74
0
 40
0
 40
0
 40
0
 40
0
 40
1
 40
1
 40
1
 40
1
 10
174.232233
 20
157.239433
 30
0.0
 10
174.701074
 20
156.770592
 30
0.0
 10
175.336959
 20
156.507200
 30
0.0
 10
176.000000
 20
156.507200
 30
0.0
  0
LWPOLYLINE
  5
bad
100
AcDbEntity
  8
0
 62
7
100
AcDbPolyline
 90
1
 70
1
 10
176.000000
 20
161.507200
 30
0.0
  0
SPLINE
  5
bae
100
AcDbEntity
  8
0
 62
7
100
AcDbSpline
 70
8
 71
3
 72
8
 73
4
 74
0
 40
0
 40
0
 40
0
 40
0
 40
1
 40
1
 40
1
 40
1
 10
182.000000
 20
156.507200
 30
0.0
 10
182.663041
 20
156.507200
 30
0.0
 10
183.298926
 20
156.770592
 30
0.0
 10
183.767767
 20
157.239433
 30
0.0
  0
SPLINE
  5
baf
100
AcDbEntity
  8
0
 62
7
100
AcDbSpline
 70
8
 71
3
 72
8
 73
4
 74
0
 40
0
 40
0
 40
0
 40
0
 40
1
 40
1
 40
1
 40
1
 10
183.767767
 20
157.239433
 30
0.0
 10
184.236608
 20
157.708274
 30
0.0
 10
184.500000
 20
158.344159
 30
0.0
 10
184.500000
 20
159.007200
 30
0.0
  0
SPLINE
  5
bb0
100
AcDbEntity
  8
0
 62
7
100
AcDbSpline
 70
8
 71
3
 72
8
 73
4
 74
0
 40
0
 40
0
 40
0
 40
0
 40
1
 40
1
 40
1
 40
1
 10
184.500000
 20
159.007200
 30
0.0
 10
184.500000
 20
159.670241
 30
0.0
 10
184.236608
 20
160.306126
 30
0.0
 10
183.767767
 20
160.774967
 30
0.0
  0
SPLINE
  5
bb1
100
AcDbEntity
  8
0
 62
7
100
AcDbSpline
 70
8
 71
3
 72
8
 73
4
 74
0
 40
0
 40
0
 40
0
 40
0
 40
1
 40
1
 40
1
 40
1
 10
183.767767
 20
160.774967
 30
0.0
 10
183.298926
 20
161.243808
 30
0.0
 10
182.663041
 20
161.507200
 30
0.0
 10
182.000000
 20
161.507200
 30
0.0
  0
LWPOLYLINE
  5
bb2
100
AcDbEntity
  8
0
 62
7
100
AcDbPolyline
 90
2
 70
0
 10
176.000000
 20
156.507200
 30
0.0
 10
182.000000
 20
156.507200
 30
0.0
  0
SPLINE
  5
bb3
100
AcDbEntity
  8
0
 62
7
100
AcDbSpline
 70
8
 71
3
 72
8
 73
4
 74
0
 40
0
 40
0
 40
0
 40
0
 40
1
 40
1
 40
1
 40
1
 10
182.000000
 20
160.507200
 30
0.0
 10
181.602175
 20
160.507200
 30
0.0
 10
181.220644
 20
160.349165
 30
0.0
 10
180.939340
 20
160.067860
 30
0.0
  0
SPLINE
  5
bb4
100
AcDbEntity
  8
0
 62
7
100
AcDbSpline
 70
8
 71
3
 72
8
 73
4
 74
0
 40
0
 40
0
 40
0
 40
0
 40
1
 40
1
 40
1
 40
1
 10
180.939340
 20
160.067860
 30
0.0
 10
180.658035
 20
159.786556
 30
0.0
 10
180.500000
 20
159.405025
 30
0.0
 10
180.500000
 20
159.007200
 30
0.0
  0
LWPOLYLINE
  5
bb5
100
AcDbEntity
  8
0
 62
7
100
AcDbPolyline
 90
2
 70
0
 10
182.000000
 20
161.507200
 30
0.0
 10
176.000000
 20
161.507200
 30
0.0
  0
SPLINE
  5
bb6
100
AcDbEntity
  8
0
 62
7
100
AcDbSpline
 70
8
 71
3
 72
8
 73
4
 74
0
 40
0
 40
0
 40
0
 40
0
 40
1
 40
1
 40
1
 40
1
 10
180.500000
 20
153.542356
 30
0.0
 10
180.500000
 20
153.144531
 30
0.0
 10
180.658035
 20
152.763000
 30
0.0
 10
180.939340
 20
152.481696
 30
0.0
  0
SPLINE
  5
bb7
100
AcDbEntity
  8
0
 62
7
100
AcDbSpline
 70
8
 71
3
 72
8
 73
4
 74
0
 40
0
 40
0
 40
0
 40
0
 40
1
 40
1
 40
1
 40
1
 10
180.939340
 20
152.481696
 30
0.0
 10
181.220644
 20
152.200391
 30
0.0
 10
181.602175
 20
152.042356
 30
0.0
 10
182.000000
 20
152.042356
 30
0.0
  0
SPLINE
  5
bb8
100
AcDbEntity
  8
0
 62
7
100
AcDbSpline
 70
8
 71
3
 72
8
 73
4
 74
0
 40
0
 40
0
 40
0
 40
0
 40
1
 40
1
 40
1
 40
1
 10
182.000000
 20
152.042356
 30
0.0
 10
182.397825
 20
152.042356
 30
0.0
 10
182.779356
 20
152.200391
 30
0.0
 10
183.060660
 20
152.481696
 30
0.0
  0
SPLINE
  5
bb9
100
AcDbEntity
  8
0
 62
7
100
AcDbSpline
 70
8
 71
3
 72
8
 73
4
 74
0
 40
0
 40
0
 40
0
 40
0
 40
1
 40
1
 40
1
 40
1
 10
183.060660
 20
152.481696
 30
0.0
 10
183.341965
 20
152.763000
 30
0.0
 10
183.500000
 20
153.144531
 30
0.0
 10
183.500000
 20
153.542356
 30
0.0
  0
LWPOLYLINE
  5
bba
100
AcDbEntity
  8
0
 62
7
100
AcDbPolyline
 90
2
 70
0
 10
180.500000
 20
159.007200
 30
0.0
 10
180.500000
 20
153.542356
 30
0.0
  0
SPLINE
  5
bbb
100
AcDbEntity
  8
0
 62
7
100
AcDbSpline
 70
8
 71
3
 72
8
 73
4
 74
0
 40
0
 40
0
 40
0
 40
0
 40
1
 40
1
 40
1
 40
1
 10
183.500000
 20
159.007200
 30
0.0
 10
183.500000
 20
159.405025
 30
0.0
 10
183.341965
 20
159.786556
 30
0.0
 10
183.060660
 20
160.067860
 30
0.0
  0
SPLINE
  5
bbc
100
AcDbEntity
  8
0
 62
7
100
AcDbSpline
 70
8
 71
3
 72
8
 73
4
 74
0
 40
0
 40
0
 40
0
 40
0
 40
1
 40
1
 40
1
 40
1
 10
183.060660
 20
160.067860
 30
0.0
 10
182.779356
 20
160.349165
 30
0.0
 10
182.397825
 20
160.507200
 30
0.0
 10
182.000000
 20
160.507200
 30
0.0
  0
LWPOLYLINE
  5
bbd
100
AcDbEntity
  8
0
 62
7
100
AcDbPolyline
 90
2
 70
0
 10
183.500000
 20
153.542356
 30
0.0
 10
183.500000
 20
159.007200
 30
0.0
  0
SPLINE
  5
bbe
100
AcDbEntity
  8
0
 62
7
100
AcDbSpline
 70
8
 71
3
 72
8
 73
4
 74
0
 40
0
 40
0
 40
0
 40
0
 40
1
 40
1
 40
1
 40
1
 10
182.000000
 20
161.507200
 30
0.0
 10
181.336959
 20
161.507200
 30
0.0
 10
180.701074
 20
161.243808
 30
0.0
 10
180.232233
 20
160.774967
 30
0.0
  0
SPLINE
  5
bbf
100
AcDbEntity
  8
0
 62
7
100
AcDbSpline
 70
8
 71
3
 72
8
 73
4
 74
0
 40
0
 40
0
 40
0
 40
0
 40
1
 40
1
 40
1
 40
1
 10
180.232233
 20
160.774967
 30
0.0
 10
179.763392
 20
160.306126
 30
0.0
 10
179.500000
 20
159.670241
 30
0.0
 10
179.500000
 20
159.007200
 30
0.0
  0
SPLINE
  5
bc0
100
AcDbEntity
  8
0
 62
7
100
AcDbSpline
 70
8
 71
3
 72
8
 73
4
 74
0
 40
0
 40
0
 40
0
 40
0
 40
1
 40
1
 40
1
 40
1
 10
179.500000
 20
159.007200
 30
0.0
 10
179.500000
 20
158.344159
 30
0.0
 10
179.763392
 20
157.708274
 30
0.0
 10
180.232233
 20
157.239433
 30
0.0
  0
SPLINE
  5
bc1
100
AcDbEntity
  8
0
 62
7
100
AcDbSpline
 70
8
 71
3
 72
8
 73
4
 74
0
 40
0
 40
0
 40
0
 40
0
 40
1
 40
1
 40
1
 40
1
 10
180.232233
 20
157.239433
 30
0.0
 10
180.701074
 20
156.770592
 30
0.0
 10
181.336959
 20
156.507200
 30
0.0
 10
182.000000
 20
156.507200
 30
0.0
  0
LWPOLYLINE
  5
bc2
100
AcDbEntity
  8
0
 62
7
100
AcDbPolyline
 90
1
 70
1
 10
182.000000
 20
160.507200
 30
0.0
  0
SPLINE
  5
bc3
100
AcDbEntity
  8
0
 62
7
100
AcDbSpline
 70
8
 71
3
 72
8
 73
4
 74
0
 40
0
 40
0
 40
0
 40
0
 40
1
 40
1
 40
1
 40
1
 10
191.945310
 20
156.507200
 30
0.0
 10
192.608351
 20
156.507200
 30
0.0
 10
193.244236
 20
156.770592
 30
0.0
 10
193.713077
 20
157.239433
 30
0.0
  0
SPLINE
  5
bc4
100
AcDbEntity
  8
0
 62
7
100
AcDbSpline
 70
8
 71
3
 72
8
 73
4
 74
0
 40
0
 40
0
 40
0
 40
0
 40
1
 40
1
 40
1
 40
1
 10
193.713077
 20
157.239433
 30
0.0
 10
194.181918
 20
157.708274
 30
0.0
 10
194.445310
 20
158.344159
 30
0.0
 10
194.445310
 20
159.007200
 30
0.0
  0
SPLINE
  5
bc5
100
AcDbEntity
  8
0
 62
7
100
AcDbSpline
 70
8
 71
3
 72
8
 73
4
 74
0
 40
0
 40
0
 40
0
 40
0
 40
1
 40
1
 40
1
 40
1
 10
194.445310
 20
159.007200
 30
0.0
 10
194.445310
 20
159.670241
 30
0.0
 10
194.181918
 20
160.306126
 30
0.0
 10
193.713077
 20
160.774967
 30
0.0
  0
SPLINE
  5
bc6
100
AcDbEntity
  8
0
 62
7
100
AcDbSpline
 70
8
 71
3
 72
8
 73
4
 74
0
 40
0
 40
0
 40
0
 40
0
 40
1
 40
1
 40
1
 40
1
 10
193.713077
 20
160.774967
 30
0.0
 10
193.244236
 20
161.243808
 30
0.0
 10
192.608351
 20
161.507200
 30
0.0
 10
191.945310
 20
161.507200
 30
0.0
  0
LWPOLYLINE
  5
bc7
100
AcDbEntity
  8
0
 62
7
100
AcDbPolyline
 90
2
 70
0
 10
182.000000
 20
156.507200
 30
0.0
 10
191.945310
 20
156.507200
 30
0.0
  0
SPLINE
  5
bc8
100
AcDbEntity
  8
0
 62
7
100
AcDbSpline
 70
8
 71
3
 72
8
 73
4
 74
0
 40
0
 40
0
 40
0
 40
0
 40
1
 40
1
 40
1
 40
1
 10
191.945310
 20
160.507200
 30
0.0
 10
191.547511
 20
160.507138
 30
0.0
 10
191.166027
 20
160.349064
 30
0.0
 10
190.884770
 20
160.067747
 30
0.0
  0
SPLINE
  5
bc9
100
AcDbEntity
  8
0
 62
7
100
AcDbSpline
 70
8
 71
3
 72
8
 73
4
 74
0
 40
0
 40
0
 40
0
 40
0
 40
1
 40
1
 40
1
 40
1
 10
190.884770
 20
160.067747
 30
0.0
 10
190.299134
 20
159.481986
 30
0.0
 10
190.299134
 20
158.532414
 30
0.0
 10
190.884770
 20
157.946653
 30
0.0
  0
LWPOLYLINE
  5
bca
100
AcDbEntity
  8
0
 62
7
100
AcDbPolyline
 90
2
 70
0
 10
191.945310
 20
161.507200
 30
0.0
 10
182.000000
 20
161.507200
 30
0.0
  0
SPLINE
  5
bcb
100
AcDbEntity
  8
0
 62
7
100
AcDbSpline
 70
8
 71
3
 72
8
 73
4
 74
0
 40
0
 40
0
 40
0
 40
0
 40
1
 40
1
 40
1
 40
1
 10
195.888670
 20
152.940794
 30
0.0
 10
196.474431
 20
152.355154
 30
0.0
 10
197.424009
 20
152.355154
 30
0.0
 10
198.009770
 20
152.940794
 30
0.0
  0
SPLINE
  5
bcc
100
AcDbEntity
  8
0
 62
7
100
AcDbSpline
 70
8
 71
3
 72
8
 73
4
 74
0
 40
0
 40
0
 40
0
 40
0
 40
1
 40
1
 40
1
 40
1
 10
198.009770
 20
152.940794
 30
0.0
 10
198.595406
 20
153.526555
 30
0.0
 10
198.595406
 20
154.476127
 30
0.0
 10
198.009770
 20
155.061888
 30
0.0
  0
LWPOLYLINE
  5
bcd
100
AcDbEntity
  8
0
 62
7
100
AcDbPolyline
 90
2
 70
0
 10
190.884770
 20
157.946653
 30
0.0
 10
195.888670
 20
152.940794
 30
0.0
  0
SPLINE
  5
bce
100
AcDbEntity
  8
0
 62
7
100
AcDbSpline
 70
8
 71
3
 72
8
 73
4
 74
0
 40
0
 40
0
 40
0
 40
0
 40
1
 40
1
 40
1
 40
1
 10
193.005860
 20
160.067747
 30
0.0
 10
192.724601
 20
160.349066
 30
0.0
 10
192.343113
 20
160.507141
 30
0.0
 10
191.945310
 20
160.507200
 30
0.0
  0
LWPOLYLINE
  5
bcf
100
AcDbEntity
  8
0
 62
7
100
AcDbPolyline
 90
2
 70
0
 10
198.009770
 20
155.061888
 30
0.0
 10
193.005860
 20
160.067747
 30
0.0
  0
LWPOLYLINE
  5
bd0
100
AcDbEntity
  8
0
 62
7
100
AcDbPolyline
 90
1
 70
1
 10
191.945310
 20
160.507200
 30
0.0
  0
ENDSEC
  0
SECTION
  2
OBJECTS
  0
DICTIONARY
  5
C
330
0
100
AcDbDictionary
  3
ACAD_GROUP
350
D
  3
ACAD_MLINESTYLE
350
17
  0
DICTIONARY
  5
D
330
C
100
AcDbDictionary
  0
DICTIONARY
  5
1A
330
C
100
AcDbDictionary
  0
DICTIONARY
  5
17
330
C
100
AcDbDictionary
  3
STANDARD
350
18
  0
DICTIONARY
  5
19
330
C
100
AcDbDictionary
  0
ENDSEC
  0
EOF
